"","InvZphot","InvZspec","Dlogz","Zphot","Zspec","Dz","normDz","SD","z_SD","pred_max","pred_min","linpred_max","linpred_min"
"GRB050315",0.4304,0.4697,0.0393,1.69401494106367,1.94917130750827,0.255156366444606,0.0865179875428075,0,0,0.450119402723552,0.403894764383712,1.81915790971152,1.53451440785737
"GRB050318",0.4288,0.3874,-0.0414,1.68410808354523,1.44005715942821,-0.244050924117021,-0.100018527506221,0,0,0.449516821713366,0.402260479298348,1.81524905726376,1.52499474902984
"GRB050319",0.4186,0.6274,0.2088,1.62180266151044,3.24033335385019,1.61853069233975,0.381698927248287,0,0,0.427900658873073,0.41130829302999,1.6785555581962,1.5781506617908
"GRB050401",0.421,0.5911,0.1701,1.63633138582538,2.90031784475066,1.26398645892528,0.324072680544855,0,0,0.433346729436497,0.410676571878197,1.71235624248036,1.57440323136999
"GRB050505",0.6209,0.7218,0.1009,3.17734168724878,4.26987118996723,1.09252950271845,0.207316168334135,0,0,0.628573796124926,0.613263506172235,3.251809482031,3.10453067954167
"GRB050730",0.5028,0.6961,0.1933,2.18273148217078,3.96706679223423,1.78433531006345,0.359233202350564,0,0,0.522632112646462,0.488793637870566,2.3314408953143,2.08172327105531
"GRB050802",0.4766,0.433,-0.0436,1.99640145993444,1.71019163189084,-0.286209828043602,-0.105605015038704,0,0,0.494059405154294,0.463951915675857,2.11931623190307,1.91039486640683
"GRB050803",0.5141,0.6532,0.1391,2.26663040458069,3.49987033872151,1.23323993414082,0.274061215392976,0,0,0.535675912246189,0.495506755554119,2.43301666979076,2.12972915486756
"GRB050824",0.1039,0.2619,0.158,0.270281578388809,0.82767932897041,0.557397750581601,0.304975682411203,0,0,0.175102508539268,0.0518848477782211,0.49658886121321,0.126898621881285
"GRB050904",0.6322,0.8627,0.2305,3.28745919733766,6.28953792855699,3.00207873121933,0.411833885856961,0,0,0.640377431296056,0.623125005700354,3.368953589333,3.19879823238098
"GRB060115",0.5713,0.6561,0.0848,2.72649034199733,3.5300187543224,0.803528412325078,0.17737860611689,0,0,0.58674531657343,0.527188581230566,2.86140466189603,2.36657722615697
"GRB060124",0.4559,0.518,0.0621,1.8569326345837,2.29609712177458,0.43916448719088,0.133237726609961,0,0,0.464794818524614,0.44088485490091,1.91604900755123,1.75984603739808
"GRB060206",0.6485,0.7031,0.0546,3.45143462920113,4.04777513500947,0.596340505808344,0.118139277178246,0,0,0.662305931057408,0.635035183249672,3.59521600705148,3.31554036651209
"GRB060210",0.5953,0.6911,0.0958,2.93822024133837,3.91020924883086,0.971989007492491,0.197952665199335,0,0,0.614905206958524,0.578216246625674,3.12007580781443,2.78631068138201
"GRB060306",0.4041,0.4081,0.004,1.53571243264738,1.55917509090989,0.0234626582625181,0.0091680551072323,0,0,0.423431502337924,0.390197702172501,1.65113291885328,1.45582661757483
"GRB060418",0.3794,0.396,0.0166,1.39552109711983,1.48885731828239,0.0933362211625619,0.0375016359824817,0,0,0.389888667000762,0.367264906809287,1.45407972261269,1.32951175777139
"GRB060526",0.466,0.6254,0.1594,1.92415237784334,3.22085079179884,1.29669841395551,0.307212568725482,0,0,0.47787335983116,0.454707528094841,2.00519985927652,1.84909891998752
"GRB060604",0.522,0.4963,-0.0257,2.32659553294005,2.13545086914429,-0.191144663795754,-0.060962417136493,0,0,0.547181098693459,0.508320949167352,2.52517838627645,2.2234500820417
"GRB060605",0.6348,0.6794,0.0446,3.31320400699416,3.7796929697961,0.466488962801938,0.0975981021688592,0,0,0.6440775034052,0.625282681284417,3.40633491143759,3.21971074066646
"GRB060707",0.5547,0.6459,0.0912000000000001,2.58674085769951,3.42486474355665,0.838123885857141,0.189412317535263,0,0,0.582714368115711,0.496050382211373,2.82573045432253,2.13364923577454
"GRB060708",0.476,0.4654,-0.0106,1.99226463660819,1.92011530139416,-0.0721493352140321,-0.0247077008156444,0,0,0.493001229101961,0.463463788316667,2.11172514362377,1.90712555180791
"GRB060714",0.5727,0.5695,-0.00319999999999998,2.73852251069729,2.71107729492926,-0.0274452157680276,-0.00739548481125095,0,0,0.595950896622034,0.561322564193911,2.94412705397545,2.64185427691212
"GRB060729",0.3232,0.1875,-0.1357,1.10474748865598,0.539926526059492,-0.564820962596484,-0.366784358239351,0,0,0.341652186594562,0.310517674462289,1.19610037748842,1.04417312592801
"GRB060814",0.4725,0.4658,-0.00669999999999998,1.96824674346324,1.92280606593193,-0.0454406775313121,-0.0155469355496987,0,0,0.477863589764415,0.467411731213723,2.00513225382867,1.93367318486963
"GRB060906",0.582,0.6708,0.0888,2.81944270840047,3.68597535308626,0.866532644685793,0.184920444388398,0,0,0.644681574606848,0.546520007044196,3.41246805872635,2.51981637213784
"GRB060908",0.5189,0.4599,-0.0590000000000001,2.30293479396034,1.88336750678026,-0.419567287180076,-0.145512941445536,0,0,0.548575337139817,0.503573318594008,2.53651363743664,2.18840380393078
"GRB060926",0.5524,0.6232,0.0708,2.56779588288562,3.19952334664066,0.631727463755035,0.150428372843879,0,0,0.563101373442149,0.548186111535363,2.65680139067022,2.53334554511195
"GRB060927",0.6057,0.8109,0.2052,3.03366660889927,5.46993622808681,2.43626961918754,0.376552338894994,0,0,0.624412466715218,0.582279346457732,3.21126398979353,2.82190023675899
"GRB061121",0.383,0.3644,-0.0186,1.41546083444494,1.31419526151125,-0.101265572933687,-0.0437584393235501,0,0,0.395505029983166,0.36863006401486,1.48602235708356,1.33684584411611
"GRB070110",0.5268,0.5253,-0.00150000000000006,2.36356635748362,2.35196905022163,-0.0115973072619928,-0.00345984914783924,0,0,0.542215412896545,0.516309272695251,2.48510135473459,2.28329021743074
"GRB070208",0.5865,0.3355,-0.251,2.85922411594729,1.16520987930793,-1.69401423663936,-0.782378767448089,0,0,0.590993197085295,0.580460677673416,2.89935878560025,2.8059289601737
"GRB070223",0.4992,0.4199,-0.0793,2.15645789129907,1.62966242003022,-0.526795471268847,-0.200328174162672,0,0,0.508783385593801,0.489424638469022,2.22688423719961,2.08620406152768
"GRB070306",0.6517,0.3972,-0.2545,3.48435514638966,1.49574379483157,-1.98861135155809,-0.796801080173494,0,0,0.67766789687482,0.642203326528781,3.76066801339175,3.38736055669188
"GRB070508",0.4652,0.2601,-0.2051,1.91877084819714,0.820119908460103,-1.09865093973704,-0.603614594088224,0,0,0.481325959407417,0.457085276343573,2.02918612855265,1.86474042376223
"GRB070521",0.5678,0.4895,-0.0783,2.69657906819327,2.08673964568386,-0.609839422509414,-0.197567495970107,0,0,0.584786320304641,0.543733905599104,2.84402603400969,2.49730819547095
"GRB070529",0.6902,0.544,-0.1462,3.90004422793236,2.49945167028357,-1.40059255764879,-0.40023200478585,0,0,0.731216347614609,0.664896338231803,4.38537993141273,3.62270668824322
"GRB070802",0.5783,0.5378,-0.0405000000000001,2.78704093905005,2.44984831362751,-0.337192625422548,-0.0977412902737137,0,0,0.586949499635462,0.566412365830284,2.86322052378252,2.68478680830703
"GRB071003",0.3848,0.4157,0.0309,1.42549285710942,1.60435390455169,0.178861047442268,0.0686777043356775,0,0,0.398181788332996,0.367112697345517,1.50139218309869,1.32869546462729
"GRB071020",0.3529,0.4976,0.1447,1.25372021414598,2.14485046547696,0.891130251330979,0.283361724544136,0,0,0.36522576574703,0.341526792957862,1.31859964880698,1.19546639001344
"GRB071117",0.4534,0.3675,-0.0859,1.8405340525398,1.33077311528264,-0.509760937257164,-0.21870894850928,0,0,0.470047323650554,0.438081601253363,1.95153082781378,1.7420893451955
"GRB080310",0.4052,0.534,0.1288,1.54214313620494,2.41979442513709,0.87765128893215,0.256638610344821,0,0,0.428798198868111,0.386834331136434,1.68409695187573,1.43688105217751
"GRB080411",0.2149,0.3075,0.0926,0.640212056931852,1.03001851985968,0.389806462927832,0.192021136316912,0,0,0.220482495257043,0.209856811743969,0.661431710484403,0.621275469610205
"GRB080430",0.4393,0.2472,-0.1921,1.74979298689507,0.766851298453881,-0.982941688441186,-0.556323947182951,0,0,0.44616226329494,0.434129781036691,1.79358740049088,1.71725114879565
"GRB080516",0.546,0.6232,0.0771999999999999,2.51560440528298,3.19952334664066,0.683918941357676,0.162856325564844,0,0,0.55196697278181,0.540839165079362,2.56424027068188,2.47407480088947
"GRB080607",0.4528,0.606,0.1532,1.83661241931252,3.03645392967605,1.19984151036353,0.297251382343866,0,0,0.465358741461538,0.43797669428083,1.91983789983412,1.7414270536797
"GRB080710",0.515,0.266,-0.249,2.27340694878838,0.845015419179474,-1.42839152960891,-0.774189480890166,0,0,0.543859510970068,0.488391026302308,2.4983198229298,2.0788676913571
"GRB080721",0.4332,0.5552,0.122,1.71144000868831,2.59087262369451,0.879432615006202,0.244907772334566,0,0,0.453432534571609,0.386334890497016,1.84074685519807,1.43408023861101
"GRB080810",0.4747,0.6385,0.1638,1.98332110176817,3.35010760630697,1.3667865045388,0.314196021854074,0,0,0.48121581263124,0.46696680826897,2.02841795674115,1.93066925506171
"GRB080928",0.4975,0.4301,-0.0674,2.1441264202588,1.69215462407529,-0.451971796183507,-0.167884783489638,0,0,0.523804128892253,0.485694910161356,2.34044348741107,2.05981317408746
"GRB081007",0.3949,0.1845,-0.2104,1.48256140858989,0.529325746418779,-0.953235662171116,-0.623304527765459,0,0,0.413298885510682,0.363545965382305,1.58999476047804,1.30964889738448
"GRB081008",0.4876,0.4725,-0.0151,2.07326492920429,1.96824674346324,-0.10501818574105,-0.0353805444147541,0,0,0.503284850371059,0.469002404287724,2.18628669716369,1.94443793438898
"GRB081029",0.5562,0.6856,0.1294,2.59915043999954,3.84841738708446,1.24926694708492,0.257664892963383,0,0,0.58401169748401,0.537736297621785,2.83717580575967,2.44934232648162
"GRB081221",0.386,0.5132,0.1272,1.43220400907382,2.25986788904468,0.827663879970869,0.253894914806937,0,0,0.419915463086408,0.36395849626082,1.62975605101755,1.31184384620107
"GRB081230",0.4794,0.4914,0.012,2.0157823836532,2.10027344199819,0.0844910583449949,0.0272527762230349,0,0,0.500063767386431,0.453106625115586,2.16274201095988,1.83861586113332
"GRB090102",0.465,0.406,-0.059,1.91742701400117,1.54683025258504,-0.370596761416126,-0.145512941445536,0,0,0.473639251200828,0.449485941910705,1.97604333772345,1.8150488906755
"GRB090205",0.5266,0.752,0.2254,2.36201773454379,4.64936974812302,2.28735201357923,0.404886229006199,0,0,0.532485492574351,0.51709692053184,2.40788940698099,2.28925028151353
"GRB090423",0.7934,0.9666,0.1732,5.21441139166848,8.25976574561247,3.04535435394399,0.328880280301579,0,0,0.817113914391231,0.756092273931876,5.5631739419119,4.70285427144396
"GRB090424",0.3571,0.1886,-0.1685,1.27562135163129,0.54383186282482,-0.731789488806474,-0.474008540973811,0,0,0.372425183390549,0.343783324907491,1.35735605545688,1.20690340586713
"GRB090519",0.7641,0.6857,-0.0784,4.80898158867295,3.84953390498341,-0.959447683689538,-0.197843277825855,0,0,0.800340406103005,0.752354590022988,5.31452091561293,4.6539841934802
"GRB090529",0.3198,0.5593,0.2395,1.08833419593959,2.62493313460957,1.53659893866998,0.423897181440144,0,0,0.343075611201739,0.30156349396301,1.20331002864008,1.00245836010761
"GRB090530",0.4436,0.3553,-0.0883,1.77715423588467,1.26620920889567,-0.510945026988991,-0.22546242640942,0,0,0.455755329655108,0.431204732681442,1.85598110373578,1.69901148552421
"GRB090618",0.3122,0.1875,-0.1247,1.05210699145127,0.539926526059492,-0.512180465391778,-0.332600586277576,0,0,0.325471973871475,0.299812369441822,1.11578714370465,0.994400477349232
"GRB090809",0.6011,0.5725,-0.0286,2.99116791820092,2.73680125382116,-0.254366664379763,-0.0680706965936854,0,0,0.61223408588318,0.593265285990007,3.09481311777,2.91981243213115
"GRB090812",0.5403,0.5381,-0.00219999999999998,2.46976450528852,2.45223220769057,-0.0175322975979508,-0.00507853949073703,0,0,0.554995397051211,0.531170123726525,2.5891813056598,2.39758338142627
"GRB090927",0.4529,0.3747,-0.0782,1.83726564866257,1.36973618438321,-0.467529464279358,-0.197291777608167,0,0,0.470388964888017,0.442379693647007,1.953853586701,1.76936177644112
"GRB091018",0.3233,0.2947,-0.0286,1.10523218047523,0.971060705241034,-0.134171475234198,-0.0680706965936854,0,0,0.341743352210138,0.300541582579549,1.19656142377424,0.997752038904838
"GRB091020",0.4375,0.433,-0.0045,1.73841963426436,1.71019163189084,-0.0282280023735186,-0.0104155005282134,0,0,0.44669291891301,0.430449593513993,1.79700291451824,1.69432259704819
"GRB091029",0.5004,0.5743,0.0739000000000001,2.16519156722626,2.7523211390275,0.587129571801233,0.156471034873471,0,0,0.509410381079236,0.49131272112812,2.23154628823622,2.0996504518568
"GRB091127",0.1584,0.1732,0.0148,0.44012437117557,0.490047111787099,0.0499227406115288,0.0335041356857862,0,0,0.180648377441696,0.147312598666303,0.515822598586469,0.403823792344568
"GRB050416A",0.248,0.2182,-0.0298,0.770108958317421,0.65272272994873,-0.117386228368691,-0.0710259659660712,0,0,0.284237156020162,0.224224734579067,0.92414216207655,0.675809833833161
"GRB050820A",0.4655,0.5581,0.0926,1.92078776020715,2.61493089917358,0.694143138966427,0.192021136316912,0,0,0.473005060403068,0.456117877731578,1.97170065781812,1.85836626589321
"GRB050922C",0.3679,0.5049,0.137,1.33292082556011,2.19815862166661,0.865237796106501,0.270542489745431,0,0,0.377189967309352,0.356289835479842,1.38336176170177,1.2713801991245
"GRB051016B",0.4438,0.287,-0.1568,1.77843345720255,0.936421963946607,-0.842011493255943,-0.434828518232589,0,0,0.463064809884369,0.422156050238169,1.90445605489722,1.6433583954691
"GRB051109A",0.5209,0.5245,0.00359999999999994,2.31818044827247,2.34580017853301,0.0276197302605357,0.00825504476858679,0,0,0.530085985597887,0.512870353013582,2.38911250249395,2.25739445698598
"GRB060223A",0.6177,0.7332,0.1155,3.14667501515699,4.41003406863468,1.26335905347769,0.233521459837409,0,0,0.636655827770761,0.597521322538246,3.33167463246776,2.95841498972371
"GRB060502A",0.5137,0.3984,-0.1153,2.26362311191317,1.50264932573108,-0.76097378618209,-0.304067285159814,0,0,0.524573298623289,0.507151107905501,2.34636491802162,2.21477889041364
"GRB060607A",0.6129,0.6101,-0.00280000000000002,3.10109660874812,3.0747409137987,-0.0263556949494141,-0.00646806643832574,0,0,0.621407463080789,0.598815233226637,3.18222566747186,2.97022603753628
"GRB060904B",0.5054,0.2312,-0.2742,2.20184275820278,0.702942561877549,-1.49890019632523,-0.880182473490265,0,0,0.519954975711065,0.49847421047923,2.31096794151448,2.15118724906335
"GRB060912A",0.2661,0.2871,0.021,0.845440298593701,0.9368678929189,0.091427594325199,0.0472038359763482,0,0,0.285602722494149,0.233601591329605,0.930201827596536,0.712385695708854
"GRB061110A",0.2561,0.245,-0.0111,0.80343294883757,0.757923613958693,-0.0455093348788775,-0.0258881185266033,0,0,0.391324828584326,0.203848132498084,1.46220851328135,0.598998780399904
"GRB061222A",0.5574,0.4897,-0.0677,2.60910901212015,2.08816146918451,-0.520947542935639,-0.168691808421923,0,0,0.575218589383271,0.542665748128015,2.76026618630846,2.48871705327148
"GRB070714B",0.5286,0.284,-0.2446,2.37753610331869,0.923091728910158,-1.45444437440853,-0.756305251873131,0,0,0.541753398660745,0.519364149114876,2.48139578088909,2.30646666884553
"GRB070721B",0.7094,0.6652,-0.0442,4.12153329024499,3.6259400476616,-0.495593242583388,-0.10713352042552,0,0,0.738790732144771,0.665187849286797,4.48012837444255,3.62581062468512
"GRB070810A",0.5093,0.5011,-0.00819999999999999,2.23072505689288,2.17029736695272,-0.0604276899401559,-0.019060574749251,0,0,0.521386394199673,0.501430016013362,2.32189877283738,2.17270735961795
"GRB080319B",0.2739,0.2871,0.0132,0.878884137930438,0.9368678929189,0.0579837549884625,0.0299368662160432,0,0,0.314194418023229,0.22914491745325,1.06155258969536,0.694903269501412
"GRB080319C",0.4626,0.4698,0.00719999999999998,1.9013491821234,1.94985045748424,0.0485012753608389,0.0164419437730423,0,0,0.486646207610589,0.42049653492558,2.06652286735087,1.63327693365276
"GRB080905B",0.5481,0.5281,-0.02,2.53264502585567,2.37364980873767,-0.158995217118002,-0.0471285480508996,0,0,0.563296273156672,0.523563762139156,2.65844283333919,2.33859518071552
"GRB081028A",0.544,0.6062,0.0621999999999999,2.49945167028357,3.03831321348852,0.538861543204942,0.133437283023286,0,0,0.56776452431265,0.516518084370743,2.69627712254852,2.2848692247734
"GRB081203A",0.5058,0.4914,-0.0144,2.2047931228494,2.10027344199819,-0.10451968085121,-0.033713052350584,0,0,0.525063794395885,0.484813740009575,2.35014646523481,2.05361120116234
"GRB090418A",0.5652,0.4163,-0.1489,2.6745147919994,1.6079544390266,-1.0665603529728,-0.408964335040639,0,0,0.573878486292158,0.551472947299508,2.74868101105862,2.56018812525803
"GRB090516A",0.4676,0.7083,0.2407,1.93494522226979,4.10857766163356,2.17363243936377,0.425486815183056,0,0,0.47820055050035,0.460512390687378,2.00746478291339,1.88743615833457
"GRB091109A",0.6,0.6102,0.0102,2.98107170553497,3.07567926559489,0.0946075600599214,0.0232127098073092,0,0,0.616948852148775,0.588845743338569,3.13950920005243,2.88012523697205
"GRB091208B",0.3649,0.3145,-0.0504,1.31686111155916,1.06300366731071,-0.253857444248447,-0.123052347541083,0,0,0.376041716564152,0.360073500150729,1.37706860721546,1.29125539282405
"GRB100219A",0.5214,0.7533,0.2319,2.3220028446165,4.66630568409604,2.34430283947953,0.41372685664655,0,0,0.537663092038888,0.506711692849973,2.4487609471516,2.2115278524532
"GRB100316B",0.4754,0.3385,-0.1369,1.98813352456844,1.18021839718595,-0.807915127382497,-0.370566145311539,0,0,0.497289047826496,0.457065907619546,2.14259957782503,1.86461266453039
"GRB100418A",0.2797,0.2105,-0.0692,0.904144926840382,0.623678350482441,-0.280466576357941,-0.172735305779378,0,0,0.299989511525119,0.256039075167418,0.995214128756889,0.80317997269209
"GRB100425A",0.3454,0.4401,0.0947,1.21513398413719,1.75486296095247,0.539728976815277,0.195918629879386,0,0,0.378024189520949,0.313357894251911,1.38794428395753,1.05758551663604
"GRB100513A",0.6201,0.7613,0.1412,3.16965382244989,4.77165017190231,1.60199634945242,0.277562967563644,0,0,0.638234489275243,0.582526655325437,3.34744893279785,2.82407723653576
"GRB100621A",0.4198,0.1881,-0.2317,1.62905698758709,0.542055483470472,-1.08700150411661,-0.704904275992887,0,0,0.439070190339349,0.405829997870453,1.74833830152745,1.54583350532145
"GRB100704A",0.4016,0.6628,0.2612,1.52115763080741,3.60044666393478,2.07928903312737,0.451975467823149,0,0,0.413518193558428,0.387377304783952,1.59130297450591,1.43992965106745
"GRB100728A",0.4695,0.4094,-0.0601,1.94781347660652,1.56684710166787,-0.380966374938652,-0.148418024077519,0,0,0.477290132414595,0.463844309464759,2.00116679263069,1.90967384004715
"GRB100814A",0.3461,0.3874,0.0413,1.21870723720895,1.44005715942821,0.221349922219262,0.0907150561469355,0,0,0.373498649116623,0.325838553235459,1.3631900483834,1.11757379162641
"GRB100816A",0.3493,0.2562,-0.0931,1.23511565288234,0.803848252431749,-0.431267400450588,-0.239081862828096,0,0,0.391113753455251,0.32345121031682,1.46101212528357,1.10596529651145
"GRB100901A",0.446,0.3817,-0.0643,1.79254384123734,1.40824129982783,-0.384302541409511,-0.159578087726087,0,0,0.480105686314773,0.426236918699101,2.02068672031467,1.66831390073212
"GRB100906A",0.4169,0.4357,0.0188,1.61155995126144,1.7270933226839,0.115533371422457,0.0423650230307312,0,0,0.433100367076146,0.407584138146282,1.7108180396749,1.55613706692872
"GRB101219B",0.457,0.1903,-0.2667,1.86417796990658,0.549886873140185,-1.3142910967664,-0.847991630578524,0,0,0.47727033103622,0.440930760283368,2.00102995947497,1.76013777143827
"GRB110213A",0.4326,0.3909,-0.0417,1.7076966023305,1.45980114878885,-0.247895453541642,-0.100778655894075,0,0,0.439062439002609,0.415598108272019,1.7482892493142,1.60374295736213
"GRB110422A",0.4437,0.4425,-0.00119999999999998,1.77779377290571,1.77012903916373,-0.00766473374197574,-0.00276692299658706,0,0,0.45790901576338,0.421603588217969,1.87017921951047,1.63999794139552
"GRB110503A",0.4542,0.4171,-0.0371,1.8457713318638,1.6127628960311,-0.233008435832701,-0.0891808576226534,0,0,0.471480619847099,0.434874268270554,1.96128781660228,1.72191317834189
"GRB110715A",0.3785,0.2601,-0.1184,1.39056193534463,0.820119908460103,-0.570442026884528,-0.313409036532734,0,0,0.403978404913872,0.359642495214424,1.53500257556903,1.2889826204157
"GRB110731A",0.3987,0.5832,0.1845,1.50437869187334,2.83001081226449,1.32563212039114,0.346117069995258,0,0,0.432004906685528,0.363657110892379,1.70398891376783,1.31024006298015
"GRB110808A",0.5664,0.3707,-0.1957,2.68468189147868,1.34801031245518,-1.3366715790235,-0.569278410717804,0,0,0.594641962533075,0.533389390831209,2.93225761857962,2.41498964254734
"GRB110818A",0.6257,0.6395,0.0137999999999999,3.22376745949809,3.36013564000399,0.136368180505904,0.0312761326172364,0,0,0.639863776433535,0.612996786727619,3.36378933382246,3.10201067966147
"GRB111123A",0.5174,0.6182,0.1008,2.29154653947068,3.15145180040569,0.85990526093501,0.207133625121452,0,0,0.544384165212115,0.497882530326482,2.50254856057415,2.1468970139376
"GRB111209A",0.2442,0.2245,-0.0197,0.754688379667914,0.676872335748593,-0.0778160439193216,-0.046405467047426,0,0,0.350371922901151,0.156279129372565,1.24063916498474,0.433108689710553
"GRB111228A",0.2437,0.234,-0.00969999999999999,0.752669382466203,0.713957307508425,-0.0387120749577781,-0.0225863706103938,0,0,0.259187961258722,0.231035879877356,0.816301582187956,0.702299140532735
"GRB120118B",0.4228,0.5958,0.173,1.64728074001756,2.94275689595591,1.29547615593834,0.328571147074048,0,0,0.430133539241652,0.418095050521454,1.6923625390152,1.61875609147355
"GRB120327A",0.5551,0.5813,0.0262,2.59004588990199,2.81329145276777,0.22324556286578,0.0585440598052749,0,0,0.568123563513883,0.546873228832312,2.69933416601682,2.5226802850225
"GRB120404A",0.5728,0.5884,0.0156000000000001,2.73938343643152,2.87614486700241,0.136761430570896,0.0352828481038324,0,0,0.591106385876585,0.555679718492285,2.90037519554039,2.59484126666215
"GRB120422A",0.3471,0.1082,-0.2389,1.22382188561587,0.282921253709402,-0.94090063190647,-0.733404820588931,0,0,0.368348920896718,0.315061214116586,1.33533356259311,1.06567129313225
"GRB120802A",0.5488,0.6809,0.1321,2.53834356814722,3.79622998644458,1.25788641829736,0.26226565903897,0,0,0.587745047463245,0.518238399189681,2.87030372072585,2.29790695963321
"GRB120811C",0.4863,0.5648,0.0785,2.06407929380605,2.67113199687964,0.607052703073593,0.165358451722676,0,0,0.498059564166147,0.468178156008025,2.14818006230317,1.9388549799536
"GRB120907A",0.4343,0.2945,-0.1398,1.71831636686107,0.970153207216759,-0.748163159644307,-0.379748720507497,0,0,0.46256313411191,0.411126956066694,1.9011029061999,1.57707439570591
"GRB120922A",0.4651,0.6128,0.1477,1.91809885374184,3.10015240506613,1.18205355132429,0.288295027732079,0,0,0.479888402531273,0.445858844015985,2.01917580524588,1.79163634589128
"GRB121024A",0.6045,0.5183,-0.0862000000000001,3.02253655998683,2.29837477158568,-0.724161788401146,-0.219551093659684,0,0,0.612131537930377,0.598195327759256,3.09384634258065,2.96456303869484
"GRB121027A",0.448,0.4429,-0.00509999999999999,1.80543363795171,1.77268159761239,-0.0327520403393193,-0.0118124058555886,0,0,0.471664477795149,0.425758679084656,1.9625417389704,1.66537720428977
"GRB121128A",0.4641,0.5051,0.041,1.91138741261875,2.19963176731835,0.288244354699595,0.0900867273677484,0,0,0.479354680453232,0.442436681387217,2.01546769680909,1.76972519350252
"GRB121211A",0.4259,0.306,-0.1199,1.66624466831251,1.02301917867827,-0.643225489634242,-0.317953233668546,0,0,0.441372592824983,0.406069567283524,1.76294724586398,1.54723824822129
"GRB130408A",0.4075,0.6773,0.2698,1.55564190106414,3.75663689318604,2.20099499212191,0.46272083439349,0,0,0.442095826088503,0.384060057617578,1.7675522321448,1.4213638686065
"GRB130418A",0.3695,0.346,-0.0235,1.3415314751693,1.21819641980022,-0.123335055369085,-0.0556015032159296,0,0,0.40734579166328,0.291619905840989,1.55473461040491,0.957131044316367
"GRB130420A",0.4484,0.3612,-0.0872,1.80801872811664,1.29720630715835,-0.510812420958283,-0.222362449278732,0,0,0.473403945773508,0.427511371550726,1.97443132213646,1.67615566464336
"GRB130505A",0.3621,0.5145,0.1524,1.30197180498536,2.26964046834305,0.967668663357696,0.295955678530025,0,0,0.405146094387245,0.309491258644193,1.54182761923446,1.03934761178683
"GRB130511A",0.5015,0.3624,-0.1391,2.17321866383614,1.30356250011753,-0.869656163718608,-0.377526619605171,0,0,0.518816694337072,0.492189531719584,2.30230129112746,2.10591475370357
"GRB130514A",0.4171,0.6628,0.2457,1.6127628960311,3.60044666393478,1.98768376790368,0.432063213227997,0,0,0.424432256040504,0.404856493288557,1.65724902296428,1.54013321434598
"GRB130604A",0.267,0.3139,0.0469,0.849268618978078,1.06015549032001,0.210886871341932,0.102364541090621,0,0,0.310402585790318,0.231415154589091,1.04363148883471,0.703786428644976
"GRB130831A",0.3511,0.17,-0.1811,1.24439865617831,0.479108388168207,-0.765290268010105,-0.517399721434799,0,0,0.39251738359924,0.297103739247481,1.46897892928243,0.982000406619716
"GRB130925A",0.2301,0.1294,-0.1007,0.698634732536617,0.347100508275804,-0.351534224260813,-0.260956195993685,0,0,0.279368661278516,0.207775326768652,0.902692740919181,0.613523617939786
"GRB131030A",0.2984,0.3608,0.0624,0.987925021041882,1.29509147602423,0.307166454982344,0.133836258027696,0,0,0.315596410721197,0.2711520420257,1.06821846282174,0.867033205531949
"GRB131105A",0.464,0.4291,-0.0349,1.91071711806661,1.6859628402601,-0.224754277806508,-0.0836773593579365,0,0,0.490618364756398,0.44975888743944,2.09469864492965,1.81681864953381
"GRB131117A",0.5793,0.7026,0.1233,2.79577097002532,4.04196701318537,1.24619604316005,0.247164656155245,0,0,0.594355846965719,0.552486067587607,2.92966787902888,2.56850301140539
"GRB140206A",0.4352,0.5717,0.1365,1.72395544712087,2.72992414752473,1.00596870040387,0.269702187126635,0,0,0.446976079936905,0.420383290956849,1.79882716164064,1.63259038600415
"GRB140213A",0.2334,0.3439,0.1105,0.711591022928501,1.20749637966914,0.495905356740636,0.224646056640402,0,0,0.240953940910311,0.226729363295123,0.741622155905415,0.685502353592387
"GRB140419A",0.5219,0.6951,0.1732,2.32582964419117,3.95564285562297,1.6298132114318,0.328880280301579,0,0,0.530125558528189,0.516328221087146,2.38942133262879,2.28343347144281
"GRB140423A",0.5643,0.6294,0.0650999999999999,2.66690788203697,3.25990584332204,0.592997961285068,0.139204476130539,0,0,0.571391490097648,0.557849033000909,2.72727546106637,2.61284253214006
"GRB140430A",0.4325,0.415,-0.0175,1.70707320392136,1.60015956316527,-0.106913640756085,-0.0411181076233395,0,0,0.446881565462289,0.423141509016566,1.79821812581967,1.6493632573702
"GRB140506A",0.3892,0.2762,-0.113,1.45019133688078,0.88886100147301,-0.561330335407774,-0.297179270983956,0,0,0.405227565581833,0.372779959028456,1.54230449648361,1.35928256897872
"GRB140509A",0.5064,0.5315,0.0251,2.20922376804843,2.40016505804071,0.190941289992276,0.0561564767394861,0,0,0.527700581189503,0.474925069126999,2.37054850352887,1.98486758122227
"GRB140512A",0.3864,0.2368,-0.1496,1.4344451836922,0.725043297245844,-0.709401886446358,-0.411237148411851,0,0,0.399568278604505,0.365259568208554,1.50939066807208,1.31878011949869
"GRB140518A",0.7628,0.7564,-0.00640000000000007,4.7916192108312,4.70689654892806,-0.0847226619031387,-0.0148456628180955,0,0,0.787904926854569,0.714132503290705,5.13627658770336,4.17764777941209
"GRB140614A",0.5232,0.7188,0.1956,2.33579996662048,4.23359365186758,1.8977936852471,0.362617698561653,0,0,0.557192823599453,0.502312389907931,2.60738772869006,2.17916003202537
"GRB140629A",0.3928,0.5152,0.1224,1.47058613603843,2.27491475555579,0.804328619517358,0.24560291780201,0,0,0.395423998339123,0.3880005845263,1.48555855269481,1.44343384136201
"GRB141004A",0.3846,0.1967,-0.1879,1.42437613352508,0.572895971065016,-0.85148016246006,-0.541345504168034,0,0,0.393955452129454,0.377002209446368,1.47716794844793,1.38233158929276
"GRB141121A",0.2987,0.3927,0.094,0.989298705396858,1.4700173280466,0.480718622649747,0.194621558800933,0,0,0.347197783255007,0.254841105853505,1.22432264497068,0.7982128874792
"GRB141220A",0.4208,0.3654,-0.0554,1.63511758986384,1.31953003254778,-0.315587557316057,-0.136056680830907,0,0,0.43259775380525,0.406279673984685,1.70768259801219,1.54847087108074
"GRB150120B",0.4415,0.6532,0.2117,1.76375791917037,3.49987033872151,1.73611241955114,0.385813876593698,0,0,0.452649888968277,0.429466449089893,1.83563213230815,1.68823015897896
"GRB150314A",0.4431,0.4406,-0.0025,1.77395875872989,1.75803644059724,-0.0159223181326578,-0.00577306300173825,0,0,0.505350604881242,0.417874942963569,2.2014786126375,1.61742919926063
"GRB150403A",0.4434,0.4857,0.0423,1.77587560353434,2.059849034655,0.283973431120655,0.0928063534849108,0,0,0.466195548132669,0.394611423032006,1.92546932133264,1.48091236143612
"GRB150821A",0.4692,0.2443,-0.2249,1.94577790233946,0.755092458117967,-1.19068544422149,-0.678417503712765,0,0,0.527360861001939,0.430833241798397,2.36791297467008,1.69670376693107
"GRB150910A",0.4934,0.3727,-0.1207,2.11458365401213,1.35884823562898,-0.755735418383149,-0.320383230666653,0,0,0.537118690951409,0.477442435731724,2.44444053088357,2.00221946042763
"GRB151021A",0.4683,0.5224,0.0541,1.93967960949242,2.3296608520688,0.389981242576388,0.117123412834698,0,0,0.487288539746271,0.448198936834225,2.07106168517975,1.80671901447486
"GRB151027A",0.3927,0.2577,-0.135,1.4700173280466,0.810089295270756,-0.659928032775849,-0.364583136588925,0,0,0.417047448274877,0.376388420334744,1.61244675825758,1.3789670142459
"GRB151029A",0.561,0.3844,-0.1766,2.63915036127207,1.42325992409255,-1.21589043717952,-0.501758158541264,0,0,0.596719841319156,0.5097454474808,2.95111655576879,2.23404044930083
"GRB151031A",0.4836,0.3359,-0.1477,2.04508906697422,1.16720502996424,-0.877884037009985,-0.405076596294385,0,0,0.523756495311852,0.468469939972017,2.34007712641787,1.94083013487357
"GRB151215A",0.6246,0.5551,-0.0695,3.21308285404008,2.59004588990199,-0.623036964138091,-0.17354568249129,0,0,0.660178331771778,0.600990343239387,3.57275919572478,2.99016029937367
"GRB160117B",0.46,0.2718,-0.1882,1.88403150312661,0.869820857736649,-1.01421064538996,-0.542410595749596,0,0,0.477128975045124,0.444545514685499,2.00005333059298,1.78320704266439
"GRB160121A",0.4641,0.4713,0.00719999999999998,1.91138741261875,1.96005649507582,0.0486690824570655,0.0164419437730424,0,0,0.479128736578975,0.452340644697066,2.0138992926928,1.83361370725678
"GRB160203A",0.5715,0.6551,0.0836,2.72820684942957,3.51960000030483,0.791393150875259,0.17510247606467,0,0,0.583617782096458,0.554652038472196,2.83369697429534,2.5863447760544
"GRB160227A",0.5845,0.5289,-0.0556,2.84149259178759,2.37987002861989,-0.461622563167701,-0.136579974750152,0,0,0.621505316337772,0.534415442216684,3.18316809370122,2.42306733506319
"GRB160804A",0.4368,0.2395,-0.1973,1.73400937850561,0.73580126287145,-0.998208115634161,-0.575070508926163,0,0,0.452786011135465,0.42595974281245,1.83652105193517,1.66661146991472
"GRB161108A",0.422,0.3343,-0.0877,1.64240875732195,1.15923544111087,-0.483173316211074,-0.223770556471829,0,0,0.44798917007628,0.396017493384716,1.80536368022776,1.48895757149136
"GRB161117A",0.4854,0.4064,-0.079,2.05773609569008,1.54917705050912,-0.508559045180959,-0.199499303149379,0,0,0.49949086640262,0.467468845128403,2.15857262014687,1.93405901656886
"GRB170202A",0.4504,0.667,0.2166,1.82097995366343,3.64515275222749,1.82417279856407,0.392704588172976,0,0,0.463346917358029,0.440640059020748,1.90634333408938,1.75829085169213
"GRB170405A",0.4927,0.6542,0.1615,2.1095675818498,3.51024361117194,1.40067602932214,0.310554406829077,0,0,0.50347145735022,0.481946397962473,2.18765607006203,2.03351675458353
"GRB170519A",0.48,0.2596,-0.2204,2.01995172040202,0.818025623774264,-1.20192609662775,-0.661116147600013,0,0,0.496709480889996,0.466919469035826,2.1384085688885,1.93034982186623
