"","log10T90","log10Fa","log10Ta","Alpha","Beta","Gamma","log10Fluence","PhotonIndex","log10NH","log10PeakFlux","log10T90Sqr","log10FaSqr","log10TaSqr","AlphaSqr","BetaSqr","GammaSqr","log10FluenceSqr","PhotonIndexSqr","log10NHSqr","log10PeakFluxSqr","T90Err","log10FaErr","log10TaErr","AlphaErr","BetaErr","FluenceErr","PhotonIndexErr","PeakFluxErr","log10T90Err","log10FluenceErr","log10PeakFluxErr","log10z","Redshift_crosscheck"
"GRB050315",1.9804578922761,-11.3757179,4.86356,1.10818,0.856,1.99544,-5.492144128,2.11,21.91683806,0.285557309,3.92221346307869,129.40695774038,23.6542158736,1.2280629124,0.732736,3.9817807936,30.1636471227249,4.4521,480.347790548265,0.0815429767233215,14.0200616236825,0.0324500000000008,0.04512,0.049165,0.001,8.84848484848485e-08,0.0545454545454545,0.133333333333333,0.0636907468526031,0.0119343109944412,0.0300030730163057,0.469674772551798,1.949
"GRB050318",1.50514997831991,-11.15490196,4.132084541,1.874408221,0.95,1.98053,-5.966576245,1.9,20.92661714,0.499687083,2.26547645723641,124.431837737212,17.0741226539712,3.51340617895238,0.9025,3.9224990809,35.6000320873983,3.61,437.923304924142,0.249687180917049,10.9664574115296,0.0618196900000001,0.043780336,0.0859065194999999,0.037,4.66666666666667e-08,0.0606060606060606,0.121212121212121,0.148833498120448,0.0187658109674778,0.016658783334164,0.387389826338729,1.44
"GRB050319",2.1832698436828,-10.70553377,3.73997,0.863159,0.971,2.01045,-5.882728704,2.02,20.93735437,0.181843588,4.76666721033474,114.60845330061,13.9873756009,0.745043459281,0.942841,4.0419092025,34.6064970048655,4.0804,438.372808014958,0.0330670904967137,10.9553911899328,0.0416499999999997,0.06193,0.034558,0.00899999999999999,8.96969696969697e-08,0.115151515151515,0.127272727272727,0.0311991209237988,0.0297365640854658,0.036364370489667,0.627365856592733,3.24
"GRB050401",1.52244423350632,-9.653647026,3.12435,0.984108,0.9995,1.78711,-5.085128182,1.4,22.12570242,1.029383778,2.31783644413665,93.1929009025986,9.7615629225,0.968468555664,0.99900025,3.1937621521,25.8585286273706,1.96,489.546707578394,1.05963096240955,0.62535750013415,0.0194550000000007,0.02833,0.0260615,0.0174145,1.85454545454545e-07,0.0424242424242424,0.557575757575758,0.00815583518093314,0.0097982829257281,0.022631035007725,0.591064607026499,2.9
"GRB050505",1.7701152947871,-11.04817696,4.270583544,1.462094791,0.973,2.01835,-5.603800653,1.41,22.23063027,0.267171728,3.13330815683923,122.062214139475,18.2378838062836,2.13772117786933,0.946729,4.0737367225,31.4025817585632,1.9881,494.20092220144,0.071380732242506,6.83897067866905,0.0327217700000002,0.030067592,0.035926291,5e-04,1.08484848484848e-07,0.0727272727272727,0.187878787878788,0.0504266082791868,0.018921434167657,0.0441052545503497,0.721810615212547,4.27
"GRB050730",2.19451434188247,-10.09854168,4.05018,2.38763,0.5615,1.6177,-5.623423043,1.53,21.73850309,-0.259637311,4.81589319672784,101.980544062697,16.4039580324,5.7007770169,0.31528225,2.61695329,31.6228867205434,2.3409,472.562516593939,0.0674115332633107,18.0332990692667,0.0266000000000002,0.017795,0.0538000000000001,0.0002104915,9.21212121212121e-08,0.0666666666666667,0.0848484848484849,0.0500432094331858,0.0168099723091123,0.0669985978354264,0.696094159995223,3.967
"GRB050802",1.27875360095283,-10.28650946,3.63973,1.44729,0.8585,1.8557,-5.698970004,1.54,21.25883595,0.439332694,1.63521077194983,105.812276870669,13.2476344729,2.0946483441,0.73702225,3.44362249,32.4782591064918,2.3716,451.938105949012,0.193013216017298,10.1980390271856,0.0274999999999999,0.0326,0.03274,0.0023696055,9.51515151515152e-08,0.0787878787878788,0.266666666666667,0.233102740828459,0.020661888971532,0.0421134042893105,0.433001340945038,1.7102
"GRB050803",1.94398887507377,-10.86012091,4.21721,1.52234,1.218,2.11696,-5.66756154,1.38,21.34755638,-0.017728767,3.77909274641059,117.942226179819,17.7848601841,2.3175190756,1.483524,4.4815196416,32.1212538096872,1.9044,455.718163397279,0.000314309179340289,10.4381272282503,0.0489000000000006,0.04766,0.0486949999999999,0.2248562595,8.18181818181818e-08,0.0666666666666667,0.0666666666666667,0.0515724807353036,0.0165270627330643,0.030159339023807,0.653212513775344,3.5
"GRB050824",1.3541084391474,-12.23882419,5.08558,0.954481,0.86,1.94709,-6.575118363,2.76,20.9708274,-0.301029996,1.83360966497021,149.788817553729,25.8631239364,0.911033979361,0.7396,3.7911594681,43.2321814874598,7.6176,439.775601840591,0.09061905849176,4.07092717497179,0.0685500000000001,0.12722,0.0899785,0.01,3.15151515151515e-08,0.23030303030303,0.0909090909090909,0.0782292570053204,0.0514543473223617,0.0789626331344128,0.261928672990642,0.8278
"GRB050904",2.24104815067164,-11.4544,4.6841,1.36946226,0.848,1.90813,-5.316052869,1.25,22.39388568,-0.207608311,5.0222968136288,131.20327936,21.94079281,1.87542688156431,0.719104,3.6409600969,28.2604181060031,1.5625,501.486115848909,0.0431012107962727,10.7562158769084,0.29485,0.098475,0.624745,0,1.09090909090909e-07,0.0424242424242424,0.103030303030303,0.0268161033381255,0.00980902273641476,0.0721701485906705,0.862727528317975,6.29
"GRB060115",2.14488541828714,-11.29499204,3.69688,0.889919,1,2.10553,-5.76700389,1,21.43355223,-0.060480747,4.60053345758081,127.576845183663,13.6669217344,0.791955826561,1,4.4332565809,33.2583338672751,1,459.397161196138,0.00365792075767801,15.0870791029542,0.0811999999999999,0.123015,0.053884,0.085,9.09090909090909e-08,0.303030303,0.0727272727272727,0.0469357822525134,0.0230884892235729,0.0363046588524029,0.656098202012832,3.53
"GRB060124",2.8750612633917,-10.6893,4.47599,1.3641,0.99,2.00895,-6.336299075,1.84,21.9172644,-0.050609993,8.26597726825548,114.26113449,20.0344864801,1.86076881,0.9801,4.0358801025,40.1486859678459,3.3856,480.366478779507,0.00256137139146005,1.30678232181628,0.0444500000000003,0.036665,0.01627,0.076380116,3.21212121212121e-08,0.115151515151515,0.109090909090909,0.000756704468551373,0.0302604450950157,0.0532332357362408,0.517987203025078,2.296
"GRB060210",2.40654018043396,-10.66756154,4.15028,1.20511,0.979,2.08163,-5.11577123,1.53,22.3877421,0.434568904,5.79143564004309,113.796869209687,17.2248240784,1.4522901121,0.958441,4.3331834569,26.1711152776957,2.3409,501.210996336112,0.188850132323761,121.976522977757,0.0292000000000003,0.030365,0.02297,0.083622271,2.47878787878788e-07,0.0545454545454545,0.16969696969697,0.207740120984255,0.0140538367709601,0.027095021154743,0.691081492122968,3.91
"GRB060218",3.32221929473392,-11.82390874,5.07614,1.3185,0.2529,1.87322,-5.804100348,2.26,21.59972155,-0.602059991,11.0371410423023,139.804817891848,25.7671972996,1.73844225,0.06395841,3.5089531684,33.6875808496537,5.1076,466.547971037534,0.36247623276292,0.213016433189357,0.160200000000001,0.14064,0.108235,0.02,9.21212121212121e-08,0.103030303030303,0.0666666666666667,4.40532673756431e-05,0.0254826332026628,0.115811861753411,0.0141423615450058,0.0331
"GRB060306",1.78675142214556,-10.70553377,3.61496,1.03794,0.76,2.28823,-5.671620397,1.8,21.61973178,0.775974331,3.19248064453919,114.60845330061,13.0679358016,1.0773194436,0.5776,5.2359965329,32.1672779276664,3.24,467.412802239142,0.602136162370898,3.5188407189561,0.0349500000000003,0.04452,0.02498,0.01,7.15151515151515e-08,0.0606060606060606,0.193939393939394,0.0249708024009658,0.014581519111212,0.0141083431552143,0.408070285887185,1.559
"GRB060418",2.01325866528352,-9.792961075,3.11887,1.47655,0.98,1.94118,-5.079354999,1.7,21.65363309,0.814247596,4.05321045333917,95.9020866164651,9.7273500769,2.1801999025,0.9604,3.7681797924,25.7998472058663,2.89,468.879825996343,0.662999147591779,45.254833995939,0.0490400000000006,0.057245,0.044705,0.005,1.53333333333333e-07,0.0363636363636364,0.212121212121212,0.1906297253529,0.0079942161609691,0.0141293055003077,0.396024896608593,1.489
"GRB060526",2.47450763911698,-11.3053948,3.8752,1.05873,0.93,1.90677,-5.899629455,2.01,21.67796993,0.222716471,6.12318805604827,127.811951583867,15.01717504,1.1209092129,0.8649,3.6357718329,34.8056277063036,4.0401,469.934380285984,0.0496026264546938,23.0482186783306,0.06785,0.09216,0.0623145,0.0305,1e-07,0.145454545454545,0.109090909090909,0.0335671166656554,0.034467816033398,0.0283698082994557,0.625415352154408,3.221
"GRB060604",1.97772360528885,-11.76955108,4.45991,1.21596,1.02,2.1711,-6.395773947,2.01,21.99003057,-0.468521083,3.91139065891672,138.522332624729,19.8907972081,1.4785587216,1.0404,4.71367521,40.905924381124,4.0401,483.561444469534,0.219512005215493,17,0.0419499999999999,0.04994,0.0469499999999999,0,6.42424242424242e-08,0.254545454545455,0.0787878787878788,0.0777158546563714,0.0694033093482565,0.100638650005198,0.496334505996816,2.1357
"GRB060605",1.89817648349768,-11.26121944,4.04162,1.9179,0.835,2.02128,-6.156767222,1.55,21.77333803,-0.337242168,3.6030739625036,126.815063275834,16.3346922244,3.67834041,0.697225,4.0855728384,37.9057826258936,2.4025,474.078248968644,0.11373227987734,35.0141649091828,0.0531499999999996,0.037375,0.085,0.10149311,5.45454545454545e-08,0.121212121212121,0.0727272727272727,0.192243471662561,0.0339867861224412,0.068663159143846,0.679427896612119,3.78
"GRB060614",2.03622954408629,-11.78251606,5.03344,1.9453,0.783,1.89544,-4.690369833,2.02,20.51216256,1.06069784,4.14623075620988,138.827684704158,25.3355182336,3.78419209,0.613089,3.5926927936,21.9995691703164,4.0804,420.748812887866,1.12507990778067,3.31042292001389,0.0429000000000004,0.0289,0.0598299999999999,0.00600000000000001,2.2e-07,0.0242424242424242,0.448484848484848,0.0132262962918867,0.00468356794668692,0.0169369126150239,0.0511525224473813,0.125
"GRB060707",1.8208579894397,-10.9132,3.5545,0.861995,1.12,2.09345,-5.795880017,0.6,21.20847898,0.004321374,3.31552381770639,119.09793424,12.63447025,0.743035380025,1.2544,4.3825329025,33.5922251714599,0.36,449.799580645102,1.8674273247876e-05,6.31420049148106,0.0769500000000001,0.127895,0.0364485,0.035,9.15151515151515e-08,0.3636363636,0.139393939393939,0.0414232995631575,0.0248403283013014,0.0599386323358868,0.645913275033844,3.425
"GRB060708",1.00860017176192,-10.86966623,3.50569,1.12969,1.485,2.20484,-6.306273051,1.68,20.79066861,0.28780173,1.01727430647817,118.149643951602,12.2898623761,1.2761994961,2.205225,4.8613194256,39.7690797937688,2.8224,432.251901250839,0.0828298357909929,3.60124423553101,0.0611499999999996,0.062725,0.028525,0.3341015195,2.24242424242424e-08,0.0727272727272727,0.0848484848484849,0.153333382301668,0.019714017700399,0.0189944478152724,0.465382851448418,1.92
"GRB060714",2.06069784035361,-10.86012091,3.73449,1.20488,0.87,2.04425,-5.548213564,1.93,22.0125926,0.10720997,4.24647558923804,117.942226179819,13.9464155601,1.4517358144,0.7569,4.1789580625,30.7826737517536,3.7249,484.554232973575,0.0114939776674009,9.12936538358046,0.0352000000000006,0.046765,0.0353049999999999,0.00499999999999999,1.01212121212121e-07,0.0666666666666667,0.0787878787878788,0.0344768087771092,0.0155321080197879,0.0267321413833549,0.569490954348783,2.711
"GRB060729",2.0618293072947,-11.15058059,5.1057,1.35481,1.317,1.92492,-5.583359493,1.75,20.86562801,0.068185862,4.25114009241934,124.335447494085,26.06817249,1.8355101361,1.734489,3.7053170064,31.1739032280732,3.0625,435.374432251696,0.00464931177668304,33.90346061055,0.0116000000000005,0.012825,0.0134249999999999,0.077392286,1.27878787878788e-07,0.0848484848484849,0.0787878787878788,0.12770239254628,0.0212785639737521,0.0292454196396911,0.187520720836463,0.54
"GRB060814",2.16226561429802,-10.91009489,4.22387,1.29504,0.97,2.11591,-4.835647144,1.53,22.00679538,0.861534411,4.6753925867756,119.030170508804,17.8410777769,1.6771286016,0.9409,4.4770751281,23.3834833012754,2.3409,484.299042897189,0.742241541337117,4.89845852373387,0.0352999999999994,0.034855,0.0245650000000001,0,1.44848484848485e-07,0.0181818181818182,0.175757575757576,0.0146412491857506,0.00430869161989862,0.0104993872461393,0.465813957269479,1.9229
"GRB060906",1.63848925695464,-11.8827287,4.33479,1.71887,1.06,2.07859,-5.655607726,2.03,22.41960057,0.294466226,2.68464704515576,141.199241357804,18.7904043441,2.9545140769,1.1236,4.3205363881,31.9858987503909,4.1209,502.638489718344,0.0867103582546831,8.16698720444148,0.0884499999999999,0.072145,0.169635,0.00499999999999999,8.24242424242424e-08,0.0666666666666667,0.16969696969697,0.0815374132566298,0.0161974631827828,0.0374103845495022,0.670802284260944,3.686
"GRB060908",1.28555730900777,-9.627087997,2.81918,1.38309,1.185,2.13395,-5.552841969,1,21.80952201,0.481442629,1.65265759474331,92.6808233019815,7.9477758724,1.9129379481,1.404225,4.5537426025,30.8340539326878,1,475.655250304674,0.231787005018432,1.33033529343473,0.045185,0.05993,0.04964,0.0034749535,6.72727272727273e-08,0.1818181818,0.151515151515152,0.0299356102082822,0.0104343479500535,0.0217168957598539,0.459935016851525,1.8836
"GRB060927",1.35218251811136,-10.77728353,3.15198,1.39098,0.83,1.94856,-5.946921557,0.9,22.10710478,0.431363764,1.82839756228599,116.149840286009,9.9349779204,1.9348253604,0.6889,3.7968860736,35.3658760051113,0.81,488.724081753899,0.186074696892248,1.29427663430184,0.0811500000000001,0.108435,0.118785,0.178498106,4.12121212121212e-08,0.2424242424,0.103030303030303,0.0249820977926045,0.0158391122565265,0.0165724044782448,0.8109042806687,5.47
"GRB061021",1.66464197555613,-10.04095861,3.23849,1.01707,0.785,1.99282,-5.528708289,1.3,20.87141063,0.78604121,2.7710329067834,100.820849807733,10.4878174801,1.0344313849,0.616225,3.9713315524,30.5666153448573,1.69,435.615781686077,0.617860783818264,5.39883246764966,0.0263999999999998,0.03399,0.010415,0.0168000365,6.12121212121212e-08,0.0363636363636364,0.163636363636364,0.0507507175199213,0.00898111029446789,0.0116311570876723,0.129141845792285,0.3463
"GRB061121",1.91009054559407,-10.03011836,3.78753,1.35185,0.9485,1.90181,-4.863279433,1.41,21.75351565,1.324282455,3.64844589236785,100.603274315609,14.3453835009,1.8274984225,0.89965225,3.6168812761,23.6514868434408,1.9881,473.215443134795,1.75372402062083,46.1274845779442,0.0126499999999998,0.01703,0.0158499999999999,0.0023582105,1.20606060606061e-07,0.0181818181818182,0.278787878787879,0.246407281873044,0.00382325157840621,0.0057382008275868,0.364363354615731,1.314
"GRB070110",1.94645226501307,-11.04866248,4.26825,1.42725,1.186,2.08596,-5.790484985,1.58,21.3989672,-0.22184875,3.78867641997452,122.07294259696,18.2179580625,2.0370425625,1.406596,4.3512291216,33.5297163615105,2.4964,457.915797226676,0.0492168678765625,14.4780330174947,0.0547500000000003,0.053995,0.046555,0.1216678795,6.54545454545455e-08,0.0727272727272727,0.0727272727272727,0.0711281657048759,0.0175472517755912,0.0526417554287146,0.525304009958239,2.352
"GRB070208",1.67851837904011,-10.86327943,3.44468,1.2125,1.14,2.20341,-6.351639989,1.94,21.8647258,-0.045757491,2.81742394877545,118.010839974261,11.8658203024,1.47015625,1.2996,4.8550156281,40.3433305498639,3.7636,478.066234309186,0.00209374798261508,22.6274169979695,0.161899999999999,0.14114,0.06357,0.015,6.12121212121212e-08,0.218181818181818,0.133333333333333,0.206015982011363,0.0597395201502247,0.0643399233100112,0.335457900689384,1.165
"GRB070223",1.94694327069783,-11.86327943,4.22335,0.991734,1.03,2.25837,-5.769551079,1.85,21.70173804,-0.161150909,3.79058809931555,140.737398834261,17.8366852225,0.983536326756,1.0609,5.1002350569,33.2877196531901,3.4225,470.965433956783,0.0259696154715263,8.08530616043297,0.16615,0.203105,0.079308,0.06,7.27272727272727e-08,0.0727272727272727,0.0909090909090909,0.0396768796607278,0.0185794430922578,0.0572192992938744,0.419873175149476,1.6295
"GRB070306",2.32118402730231,-11.2737,4.86926,1.89982,0.831,1.94468,-5.269217724,1.66,22.44245468,0.609594409,5.38789528860339,127.09631169,23.7096929476,3.6093160324,0.690561,3.7817803024,27.7646554229157,2.7556,503.663772063854,0.371605343484059,64.7675716279367,0.0335000000000001,0.02824,0.06188,0.000999999999999994,1.73333333333333e-07,0.0606060606060606,0.127272727272727,0.134263479543134,0.0139921394309921,0.0135807968501197,0.397227181043161,1.4959
"GRB070508",1.32014628611105,-9.161150909,3.02525,1.37377,0.764,1.82568,-4.707743929,1.1,21.89306622,1.382017043,1.74278621673281,83.9266859774715,9.1521375625,1.8872440129,0.583696,3.3331074624,22.1628529010364,1.21,479.306348513305,1.90997110714246,0.735923905696808,0.0107949999999999,0.01189,0.013355,5e-04,1.65454545454545e-07,0.06060606061,0.36969696969697,0.015292234035637,0.00366612225284185,0.00666213086135178,0.260071387985075,0.82
"GRB070521",1.57863920996807,-10.01233374,3.55243,1.44502,0.98,2.00022,-5.096367484,1.1,22.27524914,0.814913181,2.49210175524862,100.246826921142,12.6197589049,2.0880828004,0.9604,4.0008800484,25.9729615319725,1.21,496.186724249071,0.664083492567539,2.81938432428048,0.04901,0.04844,0.0562,0.147518075,1.07272727272727e-07,0.1212121212,0.163636363636364,0.032307204601571,0.00581622391039878,0.0108830581640121,0.489466281303128,2.0865
"GRB070529",2.03822263836872,-10.24641694,3.09323,1.21432,0.76,1.97999,-5.590066877,1.34,22.56252244,0.155336037,4.15435152355874,104.989060108319,9.5680718329,1.4745730624,0.5776,3.9203604001,31.2488476893325,1.7956,509.067418855503,0.0241292843908654,19.9827798950972,0.0552000000000001,0.068045,0.03501,0.015,1.48484848484848e-07,0.096969696969697,0.218181818181818,0.0794726285854208,0.0250918873122187,0.066262349503112,0.544018407858776,2.4996
"GRB070802",1.2148438480477,-11.6716204,3.92184,1.16348,0.78,1.99014,-6.552841969,1.79,21.91375294,-0.397940009,1.47584557513934,136.226722761696,15.3808289856,1.3536857104,0.6084,3.9606572196,42.9397378706878,3.2041,480.212567915359,0.15835625076292,3.01981259231406,0.17395,0.236245,0.2088785,0.045,3.03030303030303e-08,0.163636363636364,0.0606060606060606,0.0799687771478019,0.0470015673425834,0.0658021942774567,0.537819095073274,2.45
"GRB071003",2.17609125905568,-11.67760082,4.78411,1.97901,0.837,1.91015,-5.080921908,1.36,20.86974084,0.799340549,4.73537316773854,136.366360911265,22.8877084921,3.9164805801,0.700569,3.6486730225,25.8157674351944,1.8496,435.546082728764,0.638945313275621,4.49440006564942,0.135899999999999,0.098505,0.183105,0.032,1.81818181818182e-07,0.0424242424242424,0.242424242424242,0.0130126209865144,0.00951357025803561,0.0167116683927593,0.415699348887829,1.60435
"GRB071117",0.819543935541869,-11.23542972,3.901990464,1.104952391,0.94,2.0457,-5.619788758,1.57,22.04291793,1.053078443,0.671652262283455,126.234880993059,15.2255295811469,1.22091978637662,0.8836,4.18488849,31.5820256845432,2.4649,485.890230868716,1.1089742071113,1.82485944742003,0.101024385,0.117162967,0.089387802,0.01,6.06060606060606e-08,0.0363636363636364,0.242424242424242,0.120079755797505,0.0109670323640116,0.00931712485678028,0.367542273520577,1.331
"GRB080310",2.56229286445647,-11.3990271,4.32608056,1.59590648,0.878,2.09352,-5.638272164,2.32,21.96085591,0.113943352,6.56534472324457,129.937818826534,18.7149730116099,2.54691749290599,0.770884,4.3828259904,31.7901129953372,5.3824,482.279192299782,0.0129830874649959,17.3987512074303,0.0424734299999994,0.03798676,0.0652763515,0.0375,1.21212121212121e-07,0.096969696969697,0.121212121212121,0.0207018675106699,0.0228877197323238,0.0404936580149266,0.534026106056135,2.42
"GRB080411",1.7481880270062,-10.11350927,4.20932562,1.28909841,0.91,1.97674,-4.578396073,1.75,21.57289018,1.635483747,3.05616137776783,102.283069754376,17.7184221751884,1.66177471066453,0.8281,3.9075010276,20.9617106012618,3.0625,465.389590718341,2.67480708670116,1.0009675337169,0.0604354300000001,0.049275581,0.010296793,0,6.06060606060606e-08,0.0181818181818182,0.545454545454546,0.00776276207959923,0.000997002942546105,0.00548351618331015,0.307496037913213,1.03
"GRB080430",1.20951501454263,-11.17198494,4.21762911,0.99269763,0.39,2.03541,-5.920818754,1.73,21.51787914,0.414973348,1.46292657040406,124.813247499587,17.7883953095194,0.985448584607617,0.1521,4.1428938681,35.0560947177181,2.9929,463.019122683647,0.172202879550329,2.18311336401004,0.0281809649999998,0.038388523,0.020935069,0.0755,6.06060606060606e-08,0.0545454545454545,0.121212121212121,0.0585255609480744,0.0219340647449938,0.0202468289917981,0.247236549506764,0.767
"GRB080516",0.763427993562937,-11.12090412,3.77452827,0.94016916,1.48,2.3315,-6.585026652,1.82,22.03528962,0.255272505,0.582822301355532,123.674508446233,14.2470636610292,0.883918049415106,2.1904,5.43589225,43.3625760075503,3.3124,485.55398863728,0.065164051808975,0.213016433189357,0.0778036650000002,0.111057696,0.084888358,0.03,2.42424242424242e-08,0.163636363636364,0.181818181818182,0.0159503209463535,0.0404936579835962,0.0438681294956119,0.6232492903979,3.2
"GRB080607",1.89762709129044,-10.0540393,3.46298403,1.7256074,1.06,2.03418,-4.619788758,1.31,22.38386741,1.36361198,3.60098857759942,101.083706245944,11.992258392035,2.97772089893476,1.1236,4.1378882724,21.3424481685432,1.7161,501.03752022846,1.85943763199952,3.28506192878632,0.11042072,0.069659314,0.0376373875,0.02,0,0.0242424242424242,0.666666666666667,0.0180592945364855,0,0.0125337512783664,0.605951157564873,3.036
"GRB080710",2.07918124604762,-11.23284413,4.09266933,1.52133785,1.3,2.00149,-5.853871964,1.47,20.89722339,0,4.32299465391615,126.176787248875,16.7499422447226,2.31446885384262,1.69,4.0059622201,34.2678169709052,2.1609,436.693945411563,0,17.4370466608647,0.0626949799999998,0.054210787,0.0640164304999999,0.1505178435,1.21212121212121e-07,0.139393939393939,0.121212121212121,0.0631067762125255,0.0376012538165791,0.0526417553822122,0.265996370495079,0.845
"GRB080721",1.20951501454263,-8.714442691,2.87876286,1.33437559,0.735,1.9433,-4.920818754,1.11,21.79728278,1.320146286,1.46292657040406,75.9415114147233,8.28727560411538,1.78055821518785,0.540225,3.77641489,24.2144572097181,1.2321,475.121536591284,1.74278621643959,144,0.00701929850000038,0.007554816,0.00643567299999992,0,6.06060606060606e-07,0.0484848484848485,1.09090909090909,3.86039539469557,0.0219340647449938,0.0226686984957445,0.555215405126073,2.591
"GRB080810",2.02530586526477,-9.931814138,3.2687548,1.44529526,1.079,2.11482,-5.337242168,1.34,21.45079548,0.301029996,4.10186384787588,98.6409320717767,10.684757942523,2.08887838857847,1.164241,4.4724636324,28.4861539598773,1.7956,460.136626724788,0.09061905849176,4.33719033229347,0.031830706,0.039738688,0.036139295,0.0015,1.21212121212121e-07,0.0363636363636364,0.121212121212121,0.0177699795120678,0.0114438598573077,0.0263208776707413,0.638489256954637,3.35
"GRB080928",2.44715803134222,-11.1260984,4.08450503,1.76031774,0.99,2.13864,-5.602059991,1.77,21.51035195,0.322219295,5.98858243036273,123.790065606483,16.6831813400953,3.09871854575871,0.9801,4.5737810496,31.3830761427629,3.1329,462.695241012869,0.103825274070297,20.8004346174656,0.0644840350000004,0.047916769,0.075970735,0,1.21212121212121e-07,0.0727272727272727,0.0606060606060606,0.0322625499126953,0.0210567021369837,0.0125337512738,0.430075055551939,1.692
"GRB081007",1,-10.58502665,3.58176278,1.00469263,0.92,2.102,-6.148741651,2.51,21.69605744,0.414973348,1,112.04278918121,12.8290246121933,1.00940728077632,0.8464,4.418404,37.8070238907422,6.3001,470.718908439779,0.172202879550329,2.93713330647929,0.053161115,0.084284398,0.039134851,0.00499999999999999,4.84848484848485e-08,0.121212121212121,0.242424242424242,0.127558078761821,0.0296573269567103,0.0404936579835962,0.184549481320698,0.5295
"GRB081008",2.26834391395106,-10.79317412,3.85550833,1.47398467,0.84,1.98207,-5.366531544,1.69,21.1376737,0.113943352,5.14538411195884,116.492607584638,14.8649444826994,2.17263080739501,0.7056,3.9286014849,28.799660812747,2.8561,446.801249447672,0.0129830874649959,40.3441495698351,0.0605298899999998,0.056285684,0.063988679,0.025,1.21212121212121e-07,0.0424242424242424,0.0606060606060606,0.0944541322655462,0.0122422686816867,0.0202468290074633,0.472537053262077,1.9685
"GRB081029",2.43136376415899,-11.86327943,4.48156171,2.51960373,0.87,1.95818,-5.677780705,1.43,21.49704581,-0.301029996,5.91152975366536,140.737398834261,20.0843953605381,6.34840295622991,0.7569,3.8344689124,32.2371937340703,2.0449,462.122978557239,0.09061905849176,45.6827768024956,0.0832508050000005,0.04285341,0.169198521,0.001,1.21212121212121e-07,0.109090909090909,0.121212121212121,0.0734806588271915,0.0250675025476,0.105283510845884,0.685553652846326,3.8479
"GRB081221",1.53147891704226,-9.354577731,2.93195749,1.23586126,0.991,2.4947,-4.742321425,1.21,21.57331844,1.260071388,2.34542767334492,87.5081245253211,8.5963747231671,1.52735305396879,0.982081,6.22352809,22.489612498014,1.4641,465.408068513644,1.58777990285625,0.801917699762502,0.0249854999999997,0.031176651,0.0128618564999999,5e-04,1.81818181818182e-07,0.0787878787878788,0.303030303030303,0.0102431891749236,0.00436257641157646,0.00723101035445099,0.513217600067939,2.26
"GRB081230",1.78318869107526,-11.32975415,3.66959365,0.99376498,1.02,2.08621,-6.086186148,1.97,20.67248024,-0.15490196,3.17976190797869,128.363329099442,13.4659175561203,0.9875688354744,1.0404,4.3522721641,37.0416618281071,3.8809,427.35143927319,0.0239946172118416,13.7743084089789,0.0701443999999993,0.08735027,0.0403814179999999,0.02,4.84848484848485e-08,0.096969696969697,0.0606060606060606,0.0985519956186671,0.0256789050871822,0.0376012538456717,0.491361693834273,2.1
"GRB090102",1.43136376415899,-9.457174573,3.15380077,1.42487631,0.667,1.76997,-7.167491087,1.36,21.72376179,0.740362689,2.04880222534738,89.4381509041977,9.94645929685259,2.03027249879922,0.444889,3.1327938009,51.3729284822244,1.8496,471.921826308664,0.548136911263311,2.24000000357628,0.0362399829999998,0.041590346,0.0217865955,0.0026734575,1.81818181818182e-09,0.0484848484848485,0.484848484848485,0.0360303570746831,0.0116121519146922,0.0382849130488151,0.406028944963615,1.547
"GRB090205",0.944482672150169,-11.3419886,3.70655,1.29089,1.01,2.03416,-6.721246399,2.15,21.81792086,-0.301029996,0.892047517991923,128.64070540253,13.7385129025,1.6663969921,1.0201,4.1378069056,45.1751531560705,4.6225,476.021670653223,0.09061905849176,1.7940791274129,0.13445,0.114585,0.084185,0.025,1.81818181818182e-08,0.139393939393939,0.0606060606060606,0.0885407574015026,0.0415592805603905,0.0526417554229419,0.752025387323213,4.6497
"GRB090424",1.68124123737559,-9.050609993,2.99599056,1.1284106,0.924,1.96315,-4.677780705,1.19,21.63012977,1.851258349,2.8265720982522,81.9135412453915,8.97595943560911,1.27331048219236,0.853776,3.8539579225,21.8816323240703,1.4161,467.86251386704,3.42715747474221,2.27250697020751,0.0112570984999998,0.013394814,0.00554688650000001,0,0,0.0909090909090909,1.21212121212121,0.0205611924426625,0,0.00741433173917757,0.188647295999717,0.544
"GRB090519",1.80617997398389,-11.76000021,3.44619,1.42452,0.63,1.46604,-5.920818754,1.02,22.13069392,-0.22184875,3.26228609842043,138.2976049392,11.8762255161,2.0292572304,0.3969,2.1492732816,35.0560947177181,1.0404,489.767613380725,0.0492168678765625,8.24011648989424,0.21145,0.24029,0.3065,0.03,6.06060606060606e-08,0.121212121212121,0.121212121212121,0.0559162050281416,0.0219340647449938,0.0877362590478575,0.685741738602264,3.85
"GRB090529",2,-12.1873998,4.472757799,0.8815438,0.64,2.22623,-6.167491087,2,21.19187281,-0.397940009,4,148.53271388504,20.0055623285153,0.77711947131844,0.4096,4.9561000129,38.0379463082244,4,449.095473195217,0.15835625076292,10.5274431981955,0.11547934,0.21900534,0.113675222,0.125,1.03030303030303e-07,0.181818181818182,0.0606060606060606,0.0457201048952623,0.0658021941832558,0.0658021942774567,0.559308010907013,2.625
"GRB090530",1.68124123737559,-11.16052195,3.6839464,0.88610581,1.09,2.03975,-5.958607315,1.61,20.90942658,0.397940009,2.8265720982522,124.557250196432,13.571461078073,0.785183506515756,1.1881,4.1605800625,35.5050011343715,2.5921,437.204119904411,0.15835625076292,35.7770876399966,0.0891756250000002,0.115365029,0.0385142015,0.035,6.06060606060606e-08,0.103030303030303,0.181818181818182,0.323703994596241,0.023928070636996,0.0315850532054756,0.355259905527378,1.266
"GRB090618",2.05384642685225,-9.640164518,3.67275453,1.30942861,0.8945,1.82831,-3.978810701,1.42,21.39200012,1.589949601,4.21828514509377,92.9327719341062,13.4891258376355,1.71460328468653,0.80013025,3.3427174561,15.8309345943921,2.0164,457.61766913408,2.52793973372006,0.593538562159812,0.00969525450000042,0.014245613,0.010591616,0.0024826615,6.06060606060606e-07,0.0484848484848485,0.484848484848485,0.00227712475567841,0.00250675025669951,0.00541303397652361,0.187520720836463,0.54
"GRB090812",1.82412583391655,-10.16730017,3.52924,1.37252,0.53,1.88559,-5.236572006,1.24,21.77771022,0.556302501,3.32743505796175,103.373992746882,12.4555349776,1.8838111504,0.2809,3.5554496481,27.4216863740229,1.5376,474.268662426292,0.309472472618855,14.6583733159175,0.10615,0.13258,0.08412,0.015,1.21212121212121e-07,0.0303030303030303,0.121212121212121,0.0954430381526363,0.00907616471193707,0.0146227098205568,0.538070787043172,2.452
"GRB091018",0.643452676486187,-9.627087997,2.89655535,1.18074867,0.91,1.98015,-5.853871964,1.77,21.19187281,1.012837225,0.414031346877238,92.6808233019815,8.39003289561362,1.39416742170677,0.8281,3.9209940225,34.2678169709052,3.1329,449.095473195217,1.0258392443457,0.601065703889731,0.0242886034999996,0.034497878,0.016335114,0.002061639,6.06060606060606e-08,0.145454545454545,0.242424242424242,0.0593271632865009,0.0188006269082896,0.0102217000672768,0.294686624279443,0.971
"GRB091020",1.53907609879278,-9.71219827,2.95265011,1.17417264,0.895,2.08587,-5.431798276,1.53,21.70587483,0.62324929,2.36875523787519,94.326795235791,8.71814267208301,1.37868138852457,0.801025,4.3508536569,29.5044325111566,2.3409,471.145002135627,0.388439677485504,4.87503886377992,0.0344806870000003,0.045271255,0.018244861,0.00218288749999999,6.06060606060606e-08,0.0424242424242424,0.181818181818182,0.0611908230521248,0.00711375072842337,0.0188006269394438,0.432969290874406,1.71
"GRB091029",1.59328606702046,-11.34678749,4.30368998,1.12123368,1.064,2.11535,-5.619788758,1.46,21.45058625,0.255272505,2.53856049136152,128.74958634322,18.5217474439524,1.25716496516634,1.132096,4.4747056225,31.5820256845432,2.1316,460.127650468689,0.065164051808975,4.82961031431318,0.0256335199999995,0.034224003,0.0267820245,0.002,6.06060606060606e-08,0.163636363636364,0.0606060606060606,0.0535069670726848,0.0109670323640116,0.0146227098318706,0.574262829707027,2.752
"GRB091127",0.851258348719075,-9.844663963,3.98466812,1.39581701,0.758,1.80187,-5.045757491,2.05,20.87872913,1.667452953,0.724640776263927,96.9174085443909,15.8775800265443,1.94830512540534,0.574564,3.2467354969,25.4596686579826,4.2025,435.921330083911,2.78039935046842,0.150359555029189,0.0185625155000002,0.021935207,0.0135873089999999,0.00244132,1.81818181818182e-07,0.0424242424242424,1.63636363636364,0.00919722888036692,0.00877362590591064,0.0152830902683826,0.173186268412274,0.49
"GRB050820A",1.41497334797082,-10.01818139,3.750945731,1.136499703,0.9,1.96878,-5.463441557,1.25,21.61964524,0.389166084,2.00214957546775,100.363958362942,14.0695938769071,1.29163157491909,0.81,3.8760946884,29.8491936467546,1.5625,467.409060303455,0.151450240935895,22.6761161724926,0.266741013,0.238477529,0.0125257010000001,0.0405,1.46666666666667e-07,0.0727272727272727,0.139393939393939,0.378773543258101,0.0185164313807078,0.0247093954042276,0.558072259099146,2.6147
"GRB051016B",0.602059991327962,-11.59006688,4.25742,1.14771,0.73,1.89482,-6.769551079,2.4,21.71466751,0.113943352,0.362476233157826,134.329650282873,18.1256250564,1.3172382441,0.5329,3.5903428324,45.8268218111901,5.76,471.52678506985,0.0129830874649959,0.469570015426604,0.04535,0.058175,0.04854,0.005,1.33333333333333e-08,0.139393939393939,0.096969696969697,0.0509829166417497,0.0340623123358059,0.0323949264119413,0.286995073968852,0.9364
"GRB051109A",1.5705429398819,-10.51999306,3.91123,1.22299,1.06,2.06584,-5.657577319,1.51,21.97057233,0.595496222,2.46660512601287,110.670253982448,15.2977201129,1.4957045401,1.1236,4.2676949056,32.0081811204632,2.2801,482.706048507762,0.354615750416273,7.08958896788783,0.0481500000000006,0.04637,0.019155,0.0547943805,1.64848484848485e-07,0.121212121212121,0.418181818181818,0.0827679937558025,0.0325421760411363,0.0460949380699723,0.524525936626376,2.346
"GRB060223A",1.05307844348342,-10.9636,2.78682,1.1892,0.81,2.01015,-6.171984936,1.74,22.49782636,0.130333768,1.10897420812946,120.20052496,7.7663657124,1.41419664,0.6561,4.0407030225,38.0933980502109,3.0276,506.152190924711,0.0169868910810778,1.09553641512797,0.1982,0.23477,0.18005,0.045,2.90909090909091e-08,0.0727272727272727,0.109090909090909,0.0421049044083316,0.018772691379267,0.035094503628142,0.733197265106569,4.41
"GRB060502A",1.45331834004704,-10.55284197,3.3865,0.897152,0.87,2.02719,-5.63638802,1.46,21.45692297,0.227886705,2.11213419751708,111.362473643793,11.46838225,0.804881711104,0.7569,4.1094992961,31.7688699119995,2.1316,460.399543340514,0.051932350315757,9.82783800045578,0.0567500000000001,0.075085,0.0205255,0.015,6.18181818181818e-08,0.0484848484848485,0.127272727272727,0.150287880726656,0.0116222057308489,0.0327064160367775,0.398391440229475,1.5026
"GRB060510B",2.43964842956347,-12.2656,4.43617,1.00735,1.38,2.1317,-5.390405591,1.78,22.00215742,-0.244125144,5.95188445987152,150.44494336,19.6796042689,1.0147540225,1.9044,4.54414489,29.0564724354841,3.1684,484.094931134461,0.0595970859330207,21.2895454410942,0.2206,0.31628,0.2313695,0.03,1.06666666666667e-07,0.0484848484848485,0.0666666666666667,0.0335971370177898,0.0113820011696242,0.0507946762076893,0.770852011642144,4.9
"GRB060607A",2.00945089579869,-11.02273379,4.37412,1.10818,0.564,1.61002,-5.59345982,1.47,21.79614607,0.146128036,4.03789290262617,121.500660205208,19.1329257744,1.2280629124,0.318096,2.5921644004,31.2867927579544,2.1609,475.071983504776,0.0213534029052173,31.0697613299411,0.0760999999999994,0.02584,0.163115,0.0120771535,6.78787878787879e-08,0.0484848484848485,0.0787878787878788,0.132029607628615,0.0115605423699981,0.0244408149807765,0.610116955411928,3.0749
"GRB060904B",2.23426412437879,-11.11633856,3.87074,1.36265,1.58,2.18877,-5.790484985,1.64,21.59122827,0.387389826,4.99193617748612,123.572982980543,14.9826281476,1.8568150225,2.4964,4.7907141129,33.5297163615105,2.6896,466.181138207247,0.15007087728831,11.3430592104484,0.0866499999999997,0.081295,0.04215,0.136141492,8.66666666666667e-08,0.0848484848484849,0.127272727272727,0.0287243616501434,0.0232338611473106,0.0226532144239483,0.231214647962601,0.703
"GRB060912A",0.698970004336019,-10.1079054,2.455171016,1.045731532,0.63,1.8948,-5.869666232,1.74,21.36738202,0.933487288,0.488559066961494,102.169751575349,6.02786471780647,1.09355443701907,0.3969,3.59026704,34.4529816750811,3.0276,456.565014388619,0.871398516857595,0.579999999547827,0.147419953,0.156564864,0.0289377854999999,0.0785,3.75757575757576e-08,0.0545454545454545,0.266666666666667,0.0503781598615019,0.0120881068052489,0.0134978859907368,0.287129620719111,0.937
"GRB061110A",1.60959440922522,-8.33235,2.24983,1.45203,1.98,1.82722,-5.974694135,1.67,20.92661714,-0.27572413,2.59079416220909,69.4280565225,5.0617350289,2.1083911209,3.9204,3.3387329284,35.6969700068034,2.7889,437.923304924142,0.0760237958642569,4.02450144817196,0.2103,0.03335,0.11946,0.0015,4.60606060606061e-08,0.0727272727272727,0.0727272727272727,0.0429439501560867,0.0188715726956945,0.0595944400005545,0.244969460136198,0.7578
"GRB061222A",1.85369821177617,-9.954677021,3.92091,1.35061,0.86,1.92748,-5.097453221,1.35,22.56660835,0.930949031,3.43619706034219,99.0955945924254,15.3735352281,1.8241473721,0.7396,3.7151791504,25.9840293402833,1.8225,509.25181242229,0.866666098319839,16,0.02311,0.024435,0.018075,0.005,9.57575757575758e-08,0.0242424242424242,0.157575757575758,0.0973208923032497,0.00520487944706068,0.00802277632160302,0.489677291663699,2.088
"GRB070721B",2.53147891704225,-10.50863831,3.94739,2.5054,0.52,1.52512,-5.443697499,1.34,21.89473409,0.176091259,6.40838550742943,110.4314791304,15.5818878121,6.27702916,0.2704,2.3259910144,29.6338424606189,1.7956,479.379380871808,0.0310081314962051,21.3202068350191,0.3648,0.10084,0.0914400000000002,0,1.21212121212121e-07,0.0666666666666667,0.181818181818182,0.02723308288672,0.0146227098205568,0.0526417553889616,0.665205628434601,3.626
"GRB070810A",1.04139268515823,-10.77728353,3.36583,1.36994,1.02,2.17076,-6.161150909,2.04,21.93100401,0.278753601,1.08449872470106,116.149840286009,11.3288115889,1.8767356036,1.0404,4.7121989776,37.9597805234715,4.1616,480.968936886636,0.0777035700704672,4.9906412396737,0.06175,0.07187,0.077915,0.01,3.63636363636364e-08,0.0848484848484849,0.121212121212121,0.197037086504463,0.0228877197175498,0.0277061870402603,0.501059262217751,2.17
"GRB080319B",1.69897000433602,-12.15181088,5.36799912,1.42250979,0.73,1.81426,-4.091514981,1.04,20.8771334,1.394451681,2.88649907563353,147.666507663286,28.8154145523208,2.02353410264584,0.5329,3.2915393476,16.7404948397474,1.0816,435.854699001396,1.94449549064373,0.179108908319785,0.0977794549999995,0.087626454,0.075139905,0,6.06060606060606e-07,0.0121212121212121,0.303030303030303,0.00155572021085996,0.0032494910720681,0.00530662856463182,0.287129620719111,0.937
"GRB080319C",1.53147891704226,-8.91721463,3.19029,1.45203,1.94,1.61029,-5.443697499,1.37,21.75037415,0.716003344,2.34542767334492,79.516716757486,10.1779502841,2.1083911209,3.7636,2.5930338841,29.6338424606189,1.8769,473.078775664988,0.512660788619182,8.88502944558435,0.0500400000000001,0.04713,0.02854,0.199995173,6.06060606060606e-08,0.0424242424242424,0.181818181818182,0.11349174293427,0.00731135491027843,0.0151851217320997,0.469822015978163,1.95
"GRB080905B",2.10720996964787,-10.11125904,3.67820615,1.36946226,0.375,1.86248,-5.744727495,1.78,22.33533151,-0.301029996,4.44033385618337,102.237559373982,13.5292004818978,1.87542688156431,0.140625,3.4688317504,33.001893991809,3.1684,498.867033661599,0.09061905849176,28.0583333245587,0.0323645699999995,0.038825489,0.0333017515,0.00558525,1.21212121212121e-07,0.0909090909090909,0.0606060606060606,0.0951998385488904,0.0292454196637412,0.0526417554229419,0.528145078253106,2.374
"GRB081028A",2.41497334797082,-11.3994,4.75426,2.20023,0.945,2.51,-5.431798276,1.25,20.90308999,-0.301029996,5.83209627140938,129.94632036,22.6029881476,4.8410120529,0.893025,6.3001,29.5044325111566,1.5625,436.939171130038,0.09061905849176,32.5884964277169,0.0572000000000008,0.03025,0.0547150000000001,5e-04,1.21212121212121e-07,0.23030303030303,0.0606060606060606,0.0544346314310819,0.0142275014568467,0.0526417554229419,0.60616631460762,3.038
"GRB081203A",2.46834733041216,-10.9243983,4.02089,1.86904,0.82,2.03508,-5.113509275,1.54,21.66176916,0.462397998,6.09273854355282,119.342478217043,16.1675563921,3.4933105216,0.6724,4.1415506064,26.147977105511,2.3716,469.232243141127,0.213811908554408,82.9698740507662,0.0569499999999996,0.03932,0.064395,0.0325,1.81818181818182e-07,0.0363636363636364,0.121212121212121,0.122562443756652,0.0102548874161921,0.0181523294379188,0.491361693834273,2.1
"GRB090418A",1.7481880270062,-10.04720756,3.52813657,1.52909667,0.98,2.03408,-5.337242168,1.48,22.02365981,0.278753601,3.05616137776783,100.946379753721,12.4477476565714,2.33813662620509,0.9604,4.1374814464,28.4861539598773,2.1904,485.041591426609,0.0777035700704672,4.12921107301137,0.028659405,0.030759021,0.0421545135,0.00353133200000001,1.21212121212121e-07,0.0424242424242424,0.181818181818182,0.0320230997075472,0.0114438598573077,0.0415592805603905,0.416307587059883,1.608
"GRB090516A",2.32221929473392,-11.27490548,4.33113504,1.76098314,0.502,2.09,-5.045757491,1.84,21.19589965,0.204119983,5.3927024528345,127.123493582934,18.7587307347158,3.10106161936426,0.252004,4.3681,25.4596686579826,3.3856,449.26616197287,0.0416649674599203,64,0.0377960499999999,0.029715315,0.0533515885,0.4790870845,3.63636363636364e-07,0.0666666666666667,0.121212121212121,0.13235641353242,0.0175472518118213,0.0329010970878163,0.708335902682263,4.109
"GRB091109A",1.68124123737559,-11.14630179,3.37933883,1.06152816,0.89,1.96352,-5.795880017,1.31,21.89596701,0.113943352,2.8265720982522,124.240043593757,11.4199309279458,1.12684203447299,0.7921,3.8554107904,33.5922251714599,1.7161,479.433371303008,0.0129830874649959,16.7081067781536,0.0594103399999995,0.074268877,0.0337195714999999,0.03,1.21212121212121e-07,0.151515151515152,0.242424242424242,0.151171637016717,0.0329010970878164,0.0809873160298532,0.610234175334389,3.076
"GRB091208B",1.17318626841227,-10.18045606,3.31388094,1.1606541,0.86,2.03333,-5.48148606,1.74,21.91211094,1.181843588,1.37636602039112,103.641685589591,10.9818068844953,1.34711793984681,0.7396,4.1344308889,30.0466894259743,3.0276,480.140605846868,1.39675426649671,2.89772326829494,0.036806415,0.052928177,0.030502454,0.034663611,1.21212121212121e-07,0.0666666666666667,0.606060606060606,0.084460753389473,0.0159520470810336,0.0173163668998415,0.314499227973151,1.063
"GRB100219A",1.27415784926368,-12.13548892,4.7218991,0.998947,0.46,1.58721,-6.431798276,1.34,21.75351565,-0.397940009,1.62347822484025,147.270091327443,22.2963311105808,0.997895108809,0.2116,2.5192355841,41.3680290631566,1.7956,473.215443134795,0.15835625076292,6.64771150189809,0.326395625,0.103773463,0.7308534025,0.005,3.63636363636364e-08,0.151515151515152,0.0606060606060606,0.153567256519102,0.0426825043705403,0.0658021942774567,0.753330221324521,4.6667
"GRB100418A",0.845098040014257,-12.48811664,5.54363,1.81145,0.84,2.26662,-6.468521083,2.16,21.06857915,0,0.714190697235938,155.953057214245,30.7318335769,3.2813511025,0.7056,5.1375662244,41.8417650012155,4.6656,443.885027399815,0,0.963279857831632,0.10745,0.075475,0.16786,0.01,3.03030303030303e-08,0.151515151515152,0.121212121212121,0.0597638752549752,0.0387071730789222,0.0526417553822122,0.21045229296202,0.6235
"GRB100425A",1.56820172406699,-11.50168945,3.60199415,0.86819371,1.46,2.17077,-6.327902142,2.42,20.53466438,0.146128036,2.4592566473667,132.288860204241,12.9743618566342,0.753760318083564,2.1316,4.7122423929,40.0423455187282,5.8564,421.672441199241,0.0213534029052173,3.77353995290746,0.0708590650000005,0.115125536,0.0550768945,0.035,5.45454545454545e-08,0.193939393939394,0.121212121212121,0.0442926372645721,0.0504016806776366,0.0376012538165791,0.440121603187804,1.755
"GRB100513A",1.92427928606188,-11.57186521,3.74522911,0.96306136,1.36,2.25722,-5.853871964,1.62,22.05240534,-0.22184875,3.70285077076682,133.908064438408,14.0267410863914,0.92748718312505,1.8496,5.0950421284,34.2678169709052,2.6244,486.308581279661,0.0492168678765625,14.8708607591715,0.0981768900000004,0.128616618,0.0615694365,0.025,6.06060606060606e-08,0.0848484848484849,0.0606060606060606,0.0768849139149974,0.0188006269082896,0.0438681295239288,0.761326322421457,4.772
"GRB100621A",1.80345711564841,-9.804100348,3.64164386,0.94079321,0.27,2.3024,-4.677780705,1.9,22.28454803,1.10720997,3.2524575679829,96.1203836336537,13.2615700030757,0.885091863982104,0.0729,5.30104576,21.8816323240703,3.61,496.601080901377,1.2259139176674,1.68360084354133,0.0412824764999993,0.060455075,0.024177265,0.1506797915,0,0.0181818181818182,0.181818181818182,0.0114965181773217,0,0.00616895570385114,0.188084373714938,0.542
"GRB100704A",2.29556709996248,-10.35163999,3.62503495,1.01294211,1.29,2.11575,-5.22184875,1.73,21.52730245,0.633468456,5.26962831043015,107.156450482567,13.1408783887215,1.02605171821125,1.6641,4.4763980625,27.2677043678766,2.9929,463.424750773776,0.401282284747024,23.2593145938513,0.0476344600000003,0.053639373,0.0181399595,0.01,1.21212121212121e-07,0.0363636363636364,0.121212121212121,0.051146288511197,0.00877362590478576,0.0122422686816868,0.662757831681574,3.6
"GRB100728A",2.29776051109913,-10.17587417,4.03148606,1.5588143,0.96,1.90402,-4.420216403,1.18,21.52592288,0.707570176,5.27970336636655,103.548415123673,16.2528798519743,2.42990202188449,0.9216,3.6252921604,19.5383130493503,1.3924,463.365355835707,0.500655553964671,12.646583703569,0.0760750999999997,0.053762484,0.034265796,0.005,0,0.0121212121212121,0.121212121212121,0.0276692267878469,0,0.0103219128223693,0.409425868671443,1.567
"GRB100814A",2.2417954312952,-11.49349497,5.22729477,1.76532941,1.1425,1.89414,-5.045757491,1.47,20.89608288,0.397940009,5.02564675577603,132.100426625415,27.3246106124694,3.11638792581095,1.30530625,3.5877663396,25.4596686579826,2.1609,436.646279727829,0.15835625076292,9.46817490453253,0.0436263599999993,0.035347138,0.0840151685,0.01745135,1.21212121212121e-07,0.0242424242424242,0.121212121212121,0.0235643330357211,0.00584908393727375,0.0210567021369837,0.387389826338729,1.44
"GRB100901A",2.64246452024212,-11.34103516,4.91124,1.50754,1.075,1.98285,-5.677780705,1.52,21.53188109,-0.096910013,6.98261874073842,128.619078500356,24.1202783376,2.2726768516,1.155625,3.9316941225,32.2371937340703,2.3104,463.6219032739,0.00939155061966017,22.5629902448915,0.0282999999999998,0.02425,0.036255,5e-04,1.81818181818182e-07,0.127272727272727,0.121212121212121,0.022321143869233,0.0376012538214001,0.0658021942265446,0.381656482585787,1.408
"GRB100906A",2.05842602445701,-10.4698003,3.94074768,1.71220056,0.87,2.02817,-4.920818754,1.78,21.96198081,1.004321374,4.23711769816187,109.61671832188,15.5294922774254,2.93163075766431,0.7569,4.1134735489,24.2144572097181,3.1684,482.328601098808,1.00866142227325,1.59114548550629,0.0487430849999999,0.039933316,0.0593400839999999,0,0,0.0181818181818182,0.242424242424242,0.0060404344778029,0,0.0104241099714586,0.43568513794163,1.727
"GRB101219B",1.53147891704226,-11.99567863,4.42003952,0.66918137,0.94,1.85684,-5.677780705,1.56,20.49692965,-0.22184875,2.34542767334492,143.896305794239,19.5367493583618,0.447803705955077,0.8836,3.4478547856,32.2371937340703,2.4336,420.124125077049,0.0492168678765625,5.42062428630735,0.0894462749999994,0.166829365,0.0393906275,0.105,2.42424242424242e-07,0.096969696969697,0.181818181818182,0.0692396240004128,0.0501350050952,0.131604388571787,0.190331698170291,0.55
"GRB110106B",1.39445168082622,-10.81530857,3.87203946,1.22519883,1.03,2.05121,-5.698970004,1.76,21.29748256,0.322219295,1.94449549015906,116.970899464315,14.9926895797971,1.50111217303337,1.0609,4.2074624641,32.4782591064918,3.0976,453.582763393504,0.103825274070297,16.6266176856008,0.0455435550000001,0.058714404,0.049891228,0.005,6.06060606060606e-08,0.0666666666666667,0.181818181818182,0.291163238450461,0.0131604388353707,0.0376012538214001,0.208978517276253,0.618
"GRB110213A",1.68124123737559,-9.896196279,3.84089,1.8412,1.1905,1.96436,-5.229147988,1.83,21.56708403,0.204119983,2.8265720982522,97.9347007924934,14.7524359921,3.39001744,1.41729025,3.8587102096,27.3439886804045,3.3489,465.139113557081,0.0416649674599203,16,0.0358799999999997,0.023515,0.02785,0.2263626645,2.42424242424242e-07,0.0727272727272727,0.363636363636364,0.144764827301084,0.017844662826724,0.0987032912634493,0.390935107103379,1.46
"GRB110422A",1.41329976408125,-9.681936665,3.50066971,1.42239886,0.778,1.89199,-4.387216143,0.86,22.02088312,1.487138375,1.99741622315212,93.7398975850713,12.2546884185115,2.0232185169293,0.605284,3.5796261601,19.2476654853998,0.7396,484.919293384701,2.21158054639764,0.566646277192499,0.0241374065000004,0.029472713,0.0227797160000001,0.005,6.06060606060606e-07,0.0606060606060606,0.606060606060606,0.00950159657821323,0.00641972626198059,0.00857357580456891,0.442479769064449,1.77
"GRB110503A",1,-9.08249449,2.54166555,1.14649063,0.687,1.90907,-5,0.88,21.13638759,0.130333768,1,82.4917061608804,6.4600637680568,1.3144407646778,0.471969,3.6445482649,25,0.7744,446.746880354706,0.0169868910810778,3.40544507260987,0.0289980710000002,0.028887961,0.00628991400000001,0.001,2.42424242424242e-07,0.151515151515152,0.0363636363636364,0.147896600345909,0.0105283510764424,0.0116981678760474,0.417139409727326,1.613
"GRB110715A",1.11394335230684,-9.075720714,2.61109719,0.95853538,0.755,1.85342,-4.928117993,1.25,22.0746007,1.731588765,1.24086979214859,82.3687064785287,6.8178285356259,0.918790074711744,0.570025,3.4351656964,24.2863469529303,1.5625,487.287996064441,2.99839965107422,4,0.0237765295000001,0.035600881,0.00955407599999997,0.0015,1.21212121212121e-07,0.0727272727272727,0.666666666666667,0.133629071354847,0.00446116571350155,0.00537160769437218,0.260071387985075,0.82
"GRB110731A",1.58883172559421,-12.08512818,5.08952072,1.42351927,0.39,1.85145,-5.22184875,1.15,21.95954126,1.041392685,2.52438625225467,146.05032312703,25.9032211593093,2.02640711206133,0.1521,3.4278671025,27.2677043678766,1.3225,482.221452349642,1.08449872437151,11.6624637198907,0.0974184950000003,0.090702815,0.110855301,0.13,6.06060606060606e-08,0.0303030303030303,0.181818181818182,0.130539784508902,0.00438681295239289,0.0071784211910988,0.583198773968623,2.83
"GRB110808A",1.68124123737559,-12.08440021,4.50711,0.807091,1.4,2.33721,-6.48148606,2.32,22.23063027,-0.397940009,2.8265720982522,146.032728435448,20.3140405521,0.651395882281,1.96,5.4625505841,42.0096615459743,5.3824,494.20092220144,0.15835625076292,22.6274169979695,0.0837000000000003,0.155655,0.0776,0.025,4.84848484848485e-08,0.260606060606061,0.121212121212121,0.204728382123792,0.0638081883241343,0.131604388554913,0.370698092575577,1.348
"GRB110818A",2.01283722470517,-11.28316228,3.84627415,1.37167718,0.83,1.95985,-5.397940009,1.58,22.06812647,0.204119983,4.05151369315882,127.309751036815,14.7938248369582,1.88149828613275,0.6889,3.8410120225,29.1377563407629,2.4964,487.002205895915,0.0416649674599203,18.0548005975559,0.0551490499999998,0.059648416,0.0673381894999999,0.01,1.21212121212121e-07,0.0666666666666667,0.181818181818182,0.0761271871007967,0.0131604388554913,0.0493516456317247,0.639486489268586,3.36
"GRB111123A",2.46239799789896,-11.60730305,4.42202873,1.46723371,1.25,2.55463,-5.13667714,1.68,21.35034301,-0.045757491,6.06340390005679,134.729484094539,19.5543380889454,2.15277475976036,1.5625,6.5261344369,26.3854520405986,2.8224,455.837146644656,0.00209374798261508,88.090862182181,0.0730882700000004,0.070655771,0.1058841465,0.00499999999999999,1.81818181818182e-07,0.0424242424242424,0.0606060606060606,0.131921983971797,0.0108167990541397,0.0292454196863688,0.618215503279417,3.1516
"GRB111209A",3.14612803567824,-9.057000407,4.13326,2.77382,0.2529,1.81212,-4.443697499,1.48,21.14009932,-0.301029996,9.89812161688061,82.0292563723982,17.0838382276,7.6940773924,0.06395841,3.2837788944,19.7464474626189,2.1904,446.903799259465,0.09061905849176,29.551808977086,0.0209899999999994,0.010455,0.0443499999999999,4.99999999999997e-05,6.06060606060606e-07,0.0181818181818182,0.0606060606060606,0.0091672768350053,0.00731135491027843,0.0526417554229419,0.224533062606086,0.677
"GRB111228A",2.00518051250378,-10.65757732,4.10627835,1.15297662,0.99,2.03824,-5.070581074,2.27,21.41342718,1.093421685,4.02074888772492,113.583954331778,16.8615218876787,1.32935508626662,0.9801,4.1544222976,25.710792428007,5.1529,458.534863593163,1.19557098122824,5.41590248878418,0.030118345,0.037264425,0.0232992715,0,1.21212121212121e-07,0.0363636363636364,0.303030303030303,0.0232420609229749,0.00619314768795071,0.0106132571374752,0.234010817587179,0.714
"GRB120118B",1.36660971039243,-10.95467702,3.68307,1.0241,1.01,2.20884,-5.744727495,2.08,21.451745,0.342422681,1.86762210053888,120.004948612516,13.5650046249,1.04878081,1.0201,4.8789741456,33.001893991809,4.3264,460.177363545025,0.117253292463228,19.6469605838771,0.1172,0.131765,0.077156,0.005,6.06060606060606e-08,0.0666666666666667,0.181818181818182,0.366834332233384,0.0146227098318706,0.0358921059277238,0.595826777073223,2.943
"GRB120327A",1.79865064544527,-10.15181088,3.48517215,1.44859414,0.63,1.75797,-5.443697499,1.52,22.16619025,0.591064607,3.23514414436068,103.059264143286,12.1464249151356,2.09842498244234,0.3969,3.0904585209,29.6338424606189,2.3104,491.339990199195,0.349357369648064,7.52171254966162,0.0436249200000001,0.051679097,0.058002882,0.02,6.06060606060606e-08,0.0363636363636364,0.121212121212121,0.0519338355291014,0.00731135491027843,0.0134978859962626,0.581266805273671,2.813
"GRB120404A",1.58771096501891,-11.02687215,3.79948,1.90651,0.69,1.89579,-5.795880017,1.85,21.70983536,0.079181246,2.52082610844128,121.591909412446,14.4360482704,3.6347803801,0.4761,3.5940197241,33.5922251714599,3.4225,471.316951358306,0.00626966971811252,16,0.11705,0.068285,0.121385,0.005,6.06060606060606e-08,0.0787878787878788,0.121212121212121,0.179553274171887,0.0164505485439082,0.0438681294899875,0.588383768378728,2.876
"GRB120422A",0.728353782021228,-12.73992861,5.23266697,0.86153199,1.1,2.32199,-6.638272164,1.19,21.29748256,-0.22184875,0.530499231784627,162.305780987897,27.380803618929,0.74223736979336,1.21,5.3916375601,44.0666573233372,1.4161,453.582763393504,0.0492168678765625,2.23606797749979,0.11830242,0.217818621,0.2144519325,0.035,2.42424242424242e-08,0.145454545454545,0.121212121212121,0.181516258652098,0.0457754394646476,0.0877362590478575,0.108226656374928,0.283
"GRB120729A",1.85430604180108,-10.29756946,3.52138487,2.26312734,0.645,1.8831,-5.619788758,1.62,21.34792103,0.462397998,3.43845089665999,106.039936783525,12.4001514026649,5.12174535705548,0.416025,3.54606561,31.5820256845432,2.6244,455.733732303116,0.213811908554408,36.7435331717259,0.0690683199999995,0.047294772,0.130088482,0.013331067,6.06060606060606e-08,0.0484848484848485,0.121212121212121,0.223182009819715,0.0109670323640116,0.0181523294379188,0.255272505103306,0.8
"GRB120802A",1.69897000433602,-11.17198494,3.53838419,0.54215516,0.91,2.03526,-5.721246399,1.21,22.12127744,0.477121255,2.88649907563353,124.813247499587,12.520162676042,0.293932217514626,0.8281,4.1422832676,32.7326603580705,1.4641,489.350915577453,0.227644691972775,31.0246002714191,0.0780322099999999,0.220557212,0.11816229,0.055,1.81818181818182e-07,0.284848484848485,0.121212121212121,0.269476254022629,0.0415592805603905,0.017547251782744,0.680879174426811,3.796
"GRB120811C",1.42813479402879,-10.14327111,3.15909591,1.01613299,0.65,1.92121,-5.522878745,1.4,21.91722026,0.612783857,2.03956898991565,102.885948810961,9.97988696857873,1.03252625336634,0.4225,3.6910478641,30.5021896319728,1.96,480.364543925354,0.375504055399796,3.69357928575403,0.0529468600000005,0.084200302,0.03800099,0.090734018,1.81818181818182e-07,0.181818181818182,0.121212121212121,0.0598545187416093,0.026320877674116,0.0128394525239612,0.564784384503987,2.671
"GRB120907A",1.22788670461367,-10.37675071,3.2113827,1.05329104,0.78,1.82021,-6.173925197,1.73,21.0438101,0.462397998,1.50770575936703,107.676955297485,10.3129788458593,1.10942201494428,0.6084,3.3131644441,38.1173523381515,2.9929,442.841943524862,0.213811908554408,1.37043061304617,0.0413034100000003,0.062296694,0.0286472705,0.005,6.66666666666667e-08,0.151515151515152,0.242424242424242,0.0352171865726179,0.0432133812541372,0.0363046588758376,0.294466226161593,0.97
"GRB120922A",2.2380461031288,-10.59516628,3.59799,1.06622,1.17,2.06954,-5.207608311,1.58,21.0163605,0.301029996,5.00885035972999,112.257548500849,12.9455320401,1.1368250884,1.3689,4.2829958116,27.1191843207963,2.4964,441.68740866596,0.09061905849176,30.2400963128712,0.16365,0.133375,0.0356299999999999,0.00499999999999999,4.24242424242424e-07,0.218181818181818,0.121212121212121,0.0759139130688025,0.0297171200079232,0.0263208776707413,0.612783856719735,3.1
"GRB121024A",1.83884909073726,-11.31158018,4.17178823,1.30353551,0.87,2.00683,-5.958607315,1.41,21.94617755,0.113943352,3.38136597850523,127.951846168569,17.4038170359665,1.69920482583096,0.7569,4.0273666489,35.5050011343715,1.9881,481.634709056124,0.0129830874649959,32.0624390837628,0.0633058950000001,0.065435085,0.06666149,0,6.06060606060606e-08,0.133333333333333,0.121212121212121,0.201804932904889,0.023928070636996,0.0404936580149266,0.5182506513085,2.298
"GRB121027A",1.79657433321043,-11.92081875,5.40919042,1.50995764,1.16,2.37144,-5.698970004,1.82,22.07736427,0.113943352,3.2276793347505,142.105919670352,29.2593409998198,2.27997207459437,1.3456,5.6237276736,32.4782591064918,3.3124,487.410013110273,0.0129830874649959,4.82005846681452,0.0415841549999998,0.037953731,0.0589396935000001,0,6.06060606060606e-08,0.0545454545454545,0.121212121212121,0.0334396932042907,0.0131604388353707,0.0404936580149266,0.442949869577862,1.773
"GRB121128A",1.36735592102602,-9.617982957,3.23392922,1.54546584,0.9455,1.98504,-5.161150909,1.32,22.04029767,1.11058971,1.86966221476491,92.5055961611425,10.4582981999698,2.38846466260691,0.89397025,3.9403838016,26.6374787054715,1.7424,485.774721382207,1.23340950395788,1.630612160051,0.0286900235000003,0.029795568,0.0324450009999999,0.0103377205,2.42424242424242e-07,0.109090909090909,0.242424242424242,0.0303933846881756,0.0152584798116998,0.00816151246798215,0.505149978319906,2.2
"GRB121211A",2.26007138798507,-11.2823295,4.20933518,1.15615612,0.95,2.0682,-5.886056648,2.36,21.66138196,0,5.10792267878878,127.29095894657,17.7185026575856,1.33669697381345,0.9025,4.27745124,34.645662863465,5.5696,469.215468417013,0,39.28730733208,0.0542507750000008,0.063247159,0.0746028285,0.00499999999999999,1.61818181818182e-07,0.157575757575758,0.181818181818182,0.0937486856217556,0.0540590334499272,0.0789626330733186,0.305995882770805,1.023
"GRB121229A",2,-12.35951856,4.70907,0.900754,0.99,2.18362,-6.337242168,2.43,21.69605744,-1,4,152.757699034984,22.1753402649,0.811357768516,0.9801,4.7681963044,40.1606382958773,5.9049,470.718908439779,1,39.5546314794679,0.2624,0.38724,0.4243565,0.12,7.87878787878788e-08,0.278787878787879,0,0.171783581852496,0.0743850890724999,0,0.569022586029564,2.707
"GRB130408A",1.44715803134222,-10.32975415,3.58393,1.39277,0.945,2.03183,-5.638272164,1.28,20.06405721,0.69019608,2.09426636767829,106.703820799442,12.8445542449,1.9398082729,0.893025,4.1283331489,31.7901129953372,1.6384,402.566391726153,0.476370628847366,13.0660353517987,0.077,0.070305,0.0643,0.117120218,2.42424242424242e-07,0.157575757575758,0.606060606060606,0.202660966201392,0.0457754394646476,0.0537160769241516,0.677333151419902,3.757
"GRB130418A",2.47712125471966,-9.247183569,2.59006,1.28449,0.198,1.68684,-5.744727495,2.07,21.12149747,-0.22184875,6.13612971058392,85.5104039587836,6.7084108036,1.6499145601,0.039204,2.8454291856,33.001893991809,4.2849,446.117655375216,0.0492168678765625,46.0880984824801,0.0604700000000005,0.06867,0.031625,0.003,1.21212121212121e-07,0.103030303030303,0.121212121212121,0.0667193561745158,0.0292454196637412,0.0877362590478575,0.345961541813141,1.218
"GRB130420A",2.09166695759568,-10.8728952,3.56731,0.914676,1.17,2.29559,-5.148741651,1.52,20.79265849,0.531478917,4.37507066149759,118.219850030183,12.7257006361,0.836632184976,1.3689,5.2697334481,26.5095405887422,2.3104,432.334647081769,0.282469839215493,11.7367307263019,0.0550499999999996,0.08535,0.0286905,0.00499999999999999,1.81818181818182e-07,0.151515151515152,0.121212121212121,0.0412728533604636,0.0111214976087664,0.0154828692315688,0.361160995195026,1.297
"GRB130505A",1.94448267215017,-8.91721463,3.24559,1.3304,0.724,1.92439,-4.677780705,1.18,20.71960885,1.477121255,3.78101286229226,79.516716757486,10.5338544481,1.76996416,0.524176,3.7032768721,21.8816323240703,1.3924,429.302190896998,2.18188720197277,116.258229523501,0.0149749999999997,0.024355,0.0156499999999999,0,6.06060606060606e-07,0.0424242424242424,1.87878787878788,0.573753494976116,0.0125337512738,0.0271982402632532,0.514547752660286,2.27
"GRB130511A",0.734799829588847,-10.51570016,2.65954,1.16497,0.65,2.06879,-6.657577319,1.35,21.01365445,0.113943352,0.539930789563798,110.579949855024,7.0731530116,1.3571551009,0.4225,4.2798920641,44.3233357584632,1.8225,441.573673344005,0.0129830874649959,2.21218447342499,0.0838000000000001,0.089385,0.04916,0.01,2.42424242424242e-08,0.187878787878788,0.121212121212121,0.176931769753319,0.0478561412369649,0.0404936580149266,0.362350507594848,1.3033
"GRB130514A",2.3096301674259,-10.7212464,3.68772,1.17745,0.65,2.0604,-5.040958608,1.8,21.19799139,0.447158031,5.33439151028379,114.945124369513,13.5992787984,1.3863885025,0.4225,4.24524816,25.4112636875693,3.24,449.354838970514,0.199950304687797,12.8126975867004,0.0780000000000003,0.078365,0.04188,0.08,1.21212121212121e-07,0.0303030303030303,0.181818181818182,0.0272768816676426,0.00578480828803656,0.0282009404055501,0.662757831681574,3.6
"GRB130604A",1.57634135020579,-8.316052869,2.071571247,1.742079764,0.98,2.08823,-5.853871964,1.51,21.35024026,-0.096910013,2.48485205236862,69.1567353200031,4.29140743139714,3.0348419041383,0.9604,4.3607045329,34.2678169709052,2.2801,455.832759159725,0.00939155061966017,4.55927186783047,0.166441725,0.100184013,0.041653571,0.015,6.06060606060606e-08,0.0727272727272727,0.121212121212121,0.0525216608407296,0.0188006269082896,0.0658021942265446,0.313867220369153,1.06
"GRB130606A",2.44182077228928,-10.18045606,3.30222,1.37571,0.44,1.86465,-5.537602002,1.52,20.24962877,0.414973348,5.96248868398343,103.641685589591,10.9046569284,1.8925780041,0.1936,3.4769196225,30.6650359325544,2.3104,410.047465322812,0.172202879550329,19.3109676637375,0.0681500000000002,0.07782,0.05186,0.045,1.21212121212121e-07,0.0727272727272727,0.121212121212121,0.0303226795016752,0.0181523294379188,0.0202468289917981,0.839666556882433,5.913
"GRB130831A",1.51188336097887,-9.89279003,3.31959,1.28481,1.01,1.79449,-5.187086643,1.93,22.17059025,1.133538908,2.28579129720478,97.8672945776674,11.0196777681,1.6507367361,1.0201,3.2201943601,26.905867841989,3.7249,491.535072033395,1.28491045594983,1.86433148597529,0.0548150000000005,0.089045,0.0672699999999999,0.009011148,1.21212121212121e-08,0.0303030303030303,0.363636363636364,0.0249128885168479,0.000809873159060338,0.0116121519324457,0.16999753706657,0.4791
"GRB130925A",2.25285303097989,-10.62525165,5.84588,1.38344,1.5915,2.69002,-4.387216143,1.85,21.99154725,0.86332286,5.07534677919529,112.895972625828,34.1743129744,1.9139062336,2.53287225,7.2362076004,19.2476654853998,3.4225,483.628150448983,0.74532636059858,3.54089256630188,0.0623499999999995,0.06424,0.12684,0.206936072,6.06060606060606e-07,0.0848484848484849,0.363636363636364,0.00859100615953715,0.00641972626198059,0.0216335981082794,0.129367595722986,0.347
"GRB131030A",1.61384182187607,-9.294136288,2.84594,1.11188,0.693,2.09466,-4.537602002,1.3,20.84178667,1.44870632,2.60448542603627,86.3809693399184,8.0993744836,1.2362771344,0.480249,4.3876005156,20.5898319285544,1.69,434.38007159779,2.09875000160794,4.04266247219712,0.0251749999999999,0.027575,0.00814999999999999,0.0075,0,0.0181818181818182,0.424242424242424,0.0427179076368021,0,0.00655680227037274,0.36078268987328,1.295
"GRB131105A",2.05037975626146,-10.91009489,3.9488,1.19347,0.94,2.24976,-5.148741651,1.45,21.32749584,0.544068044,4.2040571448868,119.030170508804,15.59302144,1.4243706409,0.8836,5.0614200576,26.5095405887422,2.1025,454.862078805217,0.296010036501986,4.08680221617042,0.0333499999999995,0.047885,0.0454399999999999,0.005,3.03030303030303e-07,0.0666666666666667,0.363636363636364,0.01580476982291,0.018535829347944,0.0451215046497172,0.429106008332697,1.686
"GRB131117A",1.04139268515823,-10.838632,2.87134,0.951056,0.86,2.15896,-6.602059991,0.49,22.01669496,-0.15490196,1.08449872470106,117.475943631424,8.2445933956,0.904507515136,0.7396,4.6611082816,43.5871961247629,0.2401,484.734856961689,0.0239946172118416,3.16227766016838,0.0823,0.12461,0.0362555000000001,0.025,2.42424242424242e-08,0.854545454545454,0.0606060606060606,0.124850885277914,0.0421134042739674,0.0376012538456717,0.702602841340427,4.042
"GRB140206A",1.97127584873811,-9.730487056,3.59073,1.22509,0.672,1.88134,-4.795880017,1.04,22.00531353,1.28780173,3.88592847181814,94.6823783469835,12.8933419329,1.5008455081,0.451584,3.5394401956,23.0004651374599,1.0816,484.233823553601,1.65843329579099,13.7528238777123,0.0129950000000001,0.021325,0.0155449999999999,0.0219023355,1.81818181818182e-07,0.0909090909090909,0.303030303030303,0.063811704280745,0.00493516456317247,0.00678373136259728,0.571708831808688,2.73
"GRB140213A",1.77815125038364,-10.12551818,3.829176603,1.108879519,0.83,1.96657,-4.920818754,1.8,20.99187128,1.371067862,3.16182186924092,102.526118413511,14.6625934569626,1.22961378765767,0.6889,3.8673975649,24.2144572097181,3.24,440.658659836089,1.87982708220925,2.62312485984891,0.0630358199999996,0.068643889,0.021746292,0.005,0,0.0242424242424242,0.484848484848485,0.0189868108662604,0,0.0089602987940681,0.343920385393226,1.2076
"GRB140419A",1.97634997900327,-10.00568285,3.68383,1.36898,0.678,1.87322,-4.795880017,1.21,22.04094236,0.69019608,3.90595923950624,100.113689294784,13.5706034689,1.8741062404,0.459684,3.5089531684,23.0004651374599,1.4641,485.803140116842,0.476370628847366,3.81721576852457,0.0239850000000006,0.02442,0.017885,0.001,0,0.0242424242424242,0.121212121212121,0.0175057628775533,0,0.0107432153848303,0.695131297704026,3.956
"GRB140423A",2.12710479836481,-10.85078089,3.90552,1.18974,0.77,2.06486,-5.026872146,1.33,21.81946365,0.322219295,4.52457482322659,117.739445922789,15.2530864704,1.4154812676,0.5929,4.2636468196,25.2694435722306,1.7689,476.088993973671,0.103825274070297,23.0119829578041,0.0503499999999999,0.05495,0.045115,0.149849463,1.81818181818182e-07,0.0363636363636364,0.121212121212121,0.0745819195240745,0.00840028010644005,0.0250675025476,0.629409599102719,3.26
"GRB140430A",2.23954972084047,-11.36251027,4.14388,0.875171,1.03,2.15785,-5.958607315,2,21.67796993,0.397940009,5.01558295211664,129.106639635855,17.1717414544,0.765924279241,1.0609,4.6563166225,35.5050011343715,4,469.934380285984,0.15835625076292,3.69174647045451,0.0861000000000001,0.13071,0.0833725,0.035,1.21212121212121e-07,0.133333333333333,0.121212121212121,0.00923562857548503,0.0478561412739919,0.0210567021369837,0.414973347970818,1.6
"GRB140506A",2.04571405894087,-9.903089987,3.30686,0.948932,0.9,1.74751,-5.552841969,1.68,21.81764402,1.037426498,4.18494601094832,98.0711912906197,10.9353230596,0.900471940624,0.81,3.0537912001,30.8340539326878,2.8224,476.009590583442,1.07625373875254,9.55670993835752,0.0551599999999999,0.06882,0.01557,0.047966029,1.81818181818182e-07,0.096969696969697,0.545454545454546,0.0373575732797357,0.0282009404055501,0.0217328347878503,0.276231957921834,0.889
"GRB140509A",1.3654879848909,-11.09770006,3.58709,1.40649,0.86,1.93407,-5.920818754,1.59,20.90144742,0.204119983,1.86455743688141,123.158946621724,12.8672146681,1.9782141201,0.7396,3.7406267649,35.0560947177181,2.5281,436.870504251025,0.0416649674599203,5.17115694874123,0.0839500000000006,0.088715,0.10418,0.22,1.21212121212121e-07,0.121212121212121,0.242424242424242,0.096801936547154,0.0438681294899875,0.0658021941756327,0.531478917042255,2.4
"GRB140512A",2.18977095634687,-9.504455662,3.53686,1.25134,0.871,1.84304,-4.853871964,1.45,21.32824297,0.832508913,4.7950968412603,90.3346774309239,12.5093786596,1.5658517956,0.758641,3.3967964416,23.5600730429052,2.1025,454.893948187355,0.693071090224441,4.78706592379787,0.0150399999999999,0.022285,0.0200600000000001,0.002482817,1.81818181818182e-07,0.0242424242424242,0.181818181818182,0.0134302087546028,0.00564018807248688,0.0116121519146922,0.236789099409293,0.725
"GRB140518A",1.78175537465247,-11.31158018,3.77824,1.64981,0.94,1.93772,-6,0.92,22.46148952,0,3.17465221510296,127.951846168569,14.2750974976,2.7218730361,0.8836,3.7547587984,36,0.8464,504.51851145707,0,2.42918916112475,0.0904500000000006,0.070125,0.18819,0,6.06060606060606e-08,0.36969696969697,0.0606060606060606,0.0174377429450524,0.0263208776911062,0.0263208776911062,0.756407872548958,4.707
"GRB140614A",2.85733249643127,-10.9589,3.70006,1.35595,0.83,1.77015,-5.886056648,1.5,21.3989672,-0.420216403,8.16434899516215,120.09748921,13.6904440036,1.8386004025,0.6889,3.1334310225,34.645662863465,2.25,457.915797226676,0.176581825350258,160.05867252182,0.1129,0.098945,0.093145,0.05,2.42424242424242e-07,0.278787878787879,0.666666666666667,0.0965452753569251,0.0809873160298533,0.761920143017653,0.718750734739665,4.233
"GRB140629A",1.6232492903979,-9.847711656,2.85608,1.16056,0.815,1.95996,-5.619788758,1.86,21.74269921,0.62324929,2.63493825877729,96.9774248597183,8.1571929664,1.3468995136,0.664225,3.8414432016,31.5820256845432,3.4596,472.744968936535,0.388439677485504,11.5414884203924,0.0427850000000003,0.06161,0.03501,0.0016785515,1.21212121212121e-07,0.0666666666666667,0.242424242424242,0.119342969855398,0.0219340647280231,0.0250675025859251,0.515211304327802,2.275
"GRB141004A",0.593286067020457,-10.61083392,3.30337,1.54959,1.08,1.79496,-6.173925197,1.86,21.49730845,0.785329835,0.351988357320603,112.589796477823,10.9122533569,2.4012291681,1.1664,3.2218814016,38.1173523381515,3.4596,462.134270594441,0.616742949741127,1.07337229135984,0.0852999999999993,0.081935,0.0977399999999999,0.00499999999999999,1.81818181818182e-08,0.0484848484848485,0.181818181818182,0.118918281419752,0.0117854676147647,0.0129446939467666,0.196728722623287,0.573
"GRB141121A",2.74028371968188,-12.65757732,5.76634,2.33322,0.82,1.93447,-5.27572413,1.73,21.59590717,-0.045757491,7.50915486435356,160.214263611778,33.2506769956,5.4439155684,0.6724,3.7421741809,27.8332650958643,2.9929,466.383206495257,0.00209374798261508,37.8222135391303,0.1675,0.090095,0.2969,0.01,2.42424242424242e-07,0.0787878787878788,0.181818181818182,0.0298708467601577,0.0198648133335181,0.0877362590591065,0.392696953259666,1.47
"GRB141220A",0.857935264719429,-9.872830386,2.77561,1.42066,1.1,1.80565,-5.585026652,0.62,21.48574413,0.949390007,0.736052918449197,97.4727798307249,7.7040108721,2.0182748356,1.21,3.2603719225,31.1925227035503,0.3844,461.63720081983,0.90134138539146,0.473776347689343,0.0424549999999995,0.057375,0.050735,0.07,6.06060606060606e-08,0.23030303030303,0.424242424242424,0.0285379269705628,0.0101234144958991,0.020701813897427,0.365394376854778,1.3195
"GRB150120B",1.38560627359831,-10.79048499,3.39431,1.17705,0.92,2.01678,-6.26760624,2.2,21.52664292,0.079181246,1.919904745435,116.434566319415,11.5213403761,1.3854467025,0.8464,4.0674015684,39.2828879796869,4.84,463.396355405186,0.00626966971811252,3.38828572567676,0.0710999999999995,0.090535,0.057705,0.005,4.84848484848485e-08,0.151515151515152,0.121212121212121,0.0605561232005338,0.0389938928598178,0.0438681294899875,0.653212513775344,3.5
"GRB150314A",1.16996817399689,-8.609064893,2.49217,1.19079,0.73,1.84772,-4.657577319,1.08,22.01715025,1.58546073,1.36882552816562,74.1159983318851,6.2109113089,1.4179808241,0.5329,3.4140691984,21.6930264824632,1.1664,484.754905131075,2.51368572637213,2.63134115747024,0.0150249999999996,0.015855,0.00992499999999996,0,1.81818181818182e-07,0.0181818181818182,0.545454545454546,0.077266865767021,0.00358921059277238,0.00615293244030819,0.440594261839831,1.758
"GRB150403A",1.61172330800734,-8.821023053,3.19694,1.24471,0.679,1.70996,-4.769551079,1.23,21.79039707,1.245512668,2.59765202157413,77.8104477015574,10.2204253636,1.5493029841,0.461041,2.9239632016,22.7486174951901,1.5129,474.821404468265,1.55130180614848,12.0135891154935,0.00510500000000036,0.006975,0.00458000000000003,0,1.81818181818182e-07,0.0242424242424242,-0.363636363636364,0.127565659186107,0.00464486077306445,-0.00897302648176451,0.48572142648158,2.06
"GRB150821A",2.23578087032756,-8.853871964,2.95174,1.82628,0.848,2.21622,-6.102372909,2.1,22.340573,-0.337242168,4.99871610012266,78.3910487549052,8.7127690276,3.3352986384,0.719104,4.9116310884,37.2389551204971,4.41,499.101201968329,0.11373227987734,99.043754395434,0.0211049999999995,0.015485,0.027365,5e-04,1.15151515151515e-07,0.224242424242424,0.212121212121212,0.249936990127356,0.0633033767677802,0.200267547502884,0.244277120801843,0.755
"GRB150910A",2.04999285692014,-9.970616222,3.85419,2.03808,0.6645,1.78547,-5.318758763,1.42,20.842422,0.041392685,4.20247071342361,99.4131878464096,14.8547805561,4.1537700864,0.44156025,3.1879031209,28.2891947789893,2.0164,434.406554826084,0.00171335437150922,38.5494757277456,0.703965,0.02868,0.06663,0.0024587915,2.42424242424242e-07,0.0727272727272727,0.242424242424242,0.149214122895038,0.0219340647615575,0.0957122825479837,0.372727940885595,1.359
"GRB151021A",2.04218159451577,-9.642065153,3.15765,1.33346,1.27,1.96079,-4.552841969,1.57,22.33647975,0.986771734,4.17050566497896,92.9694204146969,9.9707535225,1.7781155716,1.6129,3.8446974241,20.7283699946878,2.4649,498.91832762216,0.973718455021367,3.64878062317384,0.0628200000000003,0.05208,0.02141,0.04,6.06060606060606e-07,0.0242424242424242,0.484848484848485,0.0143797213277669,0.00940031346851669,0.021707940377107,0.52244423350632,2.33
"GRB151027A",2.11290649025331,-9.935542011,3.99907,1.74508,0.9235,2.00612,-5.107905397,1.72,21.65076489,0.832508913,4.46437383655458,98.7149950523459,15.9925608649,3.0453042064,0.85285225,4.0245174544,26.0906975447017,2.9584,468.755620322057,0.693071090224441,5.47526252023579,0.0222100000000003,0.01731,0.0249900000000001,0.0024409705,1.21212121212121e-07,0.0303030303030303,0.363636363636364,0.018335078259774,0.00674894299290958,0.0232243038293844,0.257678574869184,0.81
"GRB151029A",0.951823035315912,-10.76639985,2.7098,1.23481,1.25,2.307153,-6.408935393,0.49,21.55195354,0.255272505,0.905967090557996,115.91536573008,7.34301604,1.5247557361,1.5625,5.322954965409,41.0744528716481,0.2401,464.486701390319,0.065164051808975,80.3451669908966,0.0973500000000005,0.12415,0.0730099999999999,0.33,3.63636363636364e-08,0.654545454545455,0.181818181818182,3.89871091304376,0.040493657988788,0.0438681294956119,0.384353414137506,1.423
"GRB151031A",0.698970004336019,-11.5214335,3.69323,0.897942,1.24,2.12551,-6.494850022,2.41,21.98623592,0.230448921,0.488559066961494,132.743429894922,13.6399478329,0.806299835364,1.5376,4.5177927601,42.1830768082734,5.8081,483.394569929898,0.0531067051900642,2.23606797749979,1.01707,0.166825,0.1244685,0.01,1.81818181818182e-08,0.109090909090909,0.121212121212121,0.194222396757745,0.0246758228535885,0.0309657384870962,0.335858911319818,1.167
"GRB151215A",1.25042000230889,-10.72815839,3.06337,1.07478,1.015,2.20942,-6.508638306,1.99,21.45079548,0.204119983,1.56355018217417,115.093382440927,9.3842357569,1.1551520484,1.030225,4.8815367364,42.3623725983306,3.9601,460.136626724788,0.0416649674599203,1.00345011433835,0.093,0.11588,0.071395,0.3543597095,4.24242424242424e-08,0.2,0.121212121212121,0.0244827442428277,0.0594342399249789,0.0329010970878163,0.555094448578319,2.59
"GRB160117B",1.77815125038364,-11.74958,4.10299,0.973333,0.64,1.83834,-6.4710833,1.73,20.95374423,-0.096910013,3.16182186924092,138.0526301764,16.8345269401,0.947377128889,0.4096,3.3794939556,41.8749190755389,2.9929,439.059397256258,0.00939155061966017,2.4614955105327,0.12265,0.162075,0.093958,0.015,NA,0.0545454545454545,0.121212121212121,0.017816898624233,NA,0.0658021942265446,0.271841606536499,0.87
"GRB160121A",1.07918124604762,-11.17263073,3.8244,0.798663,1.02,2.2054,-6.214670165,1.77,21.79728278,0.079181246,1.1646321618209,124.82767742894,14.62603536,0.637862587569,1.0404,4.86378916,38.6221252597411,3.1329,475.121536591284,0.00626966971811252,2.38388672767792,0.0694000000000008,0.120385,0.106048,0.03,3.03030303030303e-08,0.0787878787878788,0.121212121212121,0.08627573760941,0.0215744899112776,0.0438681294899875,0.471291711058939,1.96
"GRB160203A",1.30535136944662,-11.36754271,3.66139836,1.146279559,0.61,1.75592,-5.920818754,1.93,22.0158332,0.113943352,1.70394219771618,129.221027263674,13.4058379506107,1.31395682738123,0.3721,3.0832550464,35.0560947177181,3.7249,484.696911490222,0.0129830874649959,3.23612604894565,0.0845867900000004,0.087010427,0.0601908999999999,0.25,6.06060606060606e-08,0.121212121212121,0.242424242424242,0.0695758260297262,0.0219340647449938,0.0809873160298532,0.655138434811382,3.52
"GRB160227A",2.50037371435337,-10.99567863,4.47751,1.10229,0.679,1.72551,-5.508638306,0.75,21.4198963,-0.22184875,6.25186871142929,120.904948534239,20.0480958001,1.2150432441,0.461041,2.9773847601,30.3450959863305,0.5625,458.811957502754,0.0492168678765625,75.3682152632844,0.0305500000000007,0.03885,0.03434,0.001,1.21212121212121e-07,0.309090909090909,0.0606060606060606,0.103418641389387,0.0169812114071368,0.0438681295239288,0.528916700277655,2.38
"GRB160804A",2.15896526038341,-11.5214335,4.38419,0.948229,0.92,1.87827,-4.943095149,1.4,21.30214687,0.462397998,4.66113099554241,132.743429894922,19.2211219561,0.899138236441,0.8464,3.5278981929,24.4341896520673,1.96,453.781461271051,0.213811908554408,19.2297524738119,0.0587499999999999,0.095375,0.070062,0.00499999999999999,1.81818181818182e-07,0.139393939393939,0.181818181818182,0.0579152246029259,0.00692654676618381,0.0272284941568783,0.239549720840473,0.736
"GRB161108A",2.02160271602824,-11.81247928,4.69106,0.883711,0.84,2.00325,-5.958607315,1.85,21.16074757,-0.22184875,4.08687754145277,139.534666740429,22.0060439236,0.780945131521,0.7056,4.0130105625,35.5050011343715,3.4225,447.777237721261,0.0492168678765625,11.8942948022011,0.133550000000001,0.18179,0.0812555,0.00499999999999999,6.06060606060606e-08,0.103030303030303,0.0606060606060606,0.0491496346215649,0.023928070636996,0.0438681295239288,0.334252642334231,1.159
"GRB161117A",2.09933527768596,-10.74958,4.08464,1.141,1.375,1.92624,-4.698970004,1.19,21.87736847,0.832508913,4.40720860813678,115.5534701764,16.6842839296,1.301881,1.890625,3.7104005376,22.0803190984918,1.4161,478.61925117215,0.693071090224441,1.09562770301324,0.0383499999999994,0.04019,0.0236499999999999,0.674290141,0,0.0727272727272727,0.181818181818182,0.00378540227238651,0,0.0116121519146922,0.406369835469268,1.549
"GRB161129A",1.55059520748933,-10.43651891,3.70506,2.32574,0.71,1.74506,-5.443697499,1.57,21.51361441,0.531478917,2.40434549748887,108.920926958788,13.7274696036,5.4090665476,0.5041,3.0452344036,29.6338424606189,2.4649,462.83560498216,0.282469839215493,2.09357115934511,0.106249999999999,0.050725,0.10628,0.005,6.06060606060606e-08,0.0363636363636364,0.121212121212121,0.0255903856452399,0.00731135491027843,0.0154828692315688,0.216165902285993,0.645
"GRB161219B",0.841359470454855,-10.13667714,4.0135,0.871656,0.73,1.86204,-5.823908741,1.29,21.16590877,0.72427587,0.707885758524074,102.752223440599,16.10818225,0.759784182336,0.5329,3.4671929616,33.9179130234962,1.6641,447.995694059963,0.524575535864257,0.791979781306962,0.0276999999999994,0.03841,0.00866800000000001,0,6.06060606060606e-08,0.212121212121212,0.242424242424242,0.0495608715850948,0.0175472517963205,0.0198648133335181,0.0597526942092988,0.1475
"GRB170202A",1.66464197555613,-10.65364703,3.77629,1.1958,1.04,1.99768,-5.48148606,1.68,21.7153121,0.672097858,2.7710329067834,113.500195039828,14.2603661641,1.42993764,1.0816,3.9907253824,30.0466894259743,2.8224,471.554779600406,0.451715530728188,11.4483053739976,0.0448500000000003,0.068655,0.059155,0,6.06060606060606e-08,0.0424242424242424,0.181818181818182,0.10761765911408,0.00797602354051679,0.0168005602258789,0.666985718329661,3.645
"GRB170405A",2.21669359916975,-10.31069114,3.6300738,1.81152426,0.612,1.8473,-5.431798276,1.59,21.67796993,0.462397998,4.91373051260016,106.310351784474,13.1774357934464,3.28162014456855,0.374544,3.41251729,29.5044325111566,2.5281,469.934380285984,0.213811908554408,35.3909366653105,0.0482553450000003,0.035670699,0.072401387,0.0475,1.81818181818182e-07,0.0727272727272727,0.133333333333333,0.0933217274021361,0.0213412521852701,0.0199675623817107,0.65417654187796,3.51
"GRB170519A",2.33525725643453,-11.06348626,4.1513,1.37345,0.975,1.97351,-5.958607315,1.94,21.33992622,-0.15490196,5.45342645373014,122.400728225209,17.23329169,1.8863649025,0.950625,3.8947417201,35.5050011343715,3.7636,455.392451075043,0.0239946172118416,49.4043300783148,0.0529999999999999,0.052235,0.0667449999999999,0.2244236125,1.21212121212121e-07,0.157575757575758,0.0606060606060606,0.0991498518259657,0.0478561412739919,0.0376012538456717,0.259593878885949,0.818
"GRB170531B",2.21518796949713,-11.39577395,3.80257,1.02082,0.99,2.06685,-5.698970004,1.95,22.04094236,-0.096910013,4.90705774020483,129.863663919499,14.4595386049,1.0420734724,0.9801,4.2718689225,32.4782591064918,3.8025,485.803140116842,0.00939155061966017,8.82050386393155,0.0841500000000002,0.11435,0.107427,0.035,1.21212121212121e-07,0.0848484848484849,0.121212121212121,0.0233394026424894,0.0263208776707414,0.0658021942265446,0.527114111639805,2.366
"GRB170705A",2.33705972632052,-10.18641901,3.63746,0.774169,0.66,1.89159,-5.022276395,1.65,21.08891889,1.1430148,5.46184816438937,103.763132247289,13.2311152516,0.599337640561,0.4356,3.5781127281,25.2232601877742,2.7225,444.742499948999,1.30648283301904,18.0780517612736,0.0405499999999996,0.06603,0.027333,0.00499999999999999,1.81818181818182e-07,0.0303030303030303,0.242424242424242,0.0361306862562471,0.00831185611850908,0.00757435329683621,0.478566495593843,2.01
"GRB170714A",3,-10.075204,4.28080232,1.45203,0.6815,1.84715,-5.552841969,1.76,21.06857915,-0.397940009,9,101.509735641616,18.3252685029174,2.1083911209,0.46444225,3.4119631225,30.8340539326878,3.0976,443.885027399815,0.15835625076292,92.5864471189302,0.066395795,0.023936409,0.1495769815,0,1.81818181818182e-07,0.103030303030303,0.121212121212121,0.0402097830827786,0.0282009404055501,0.131604388554913,0.253580289562183,0.793
"GRB170903A",1.46538285144842,-11.26042766,4.41384,0.971187,1.14,2.20256,-5.619788758,1.94,21.73970839,0.591064607,2.1473469013191,126.797231086093,19.4819835456,0.943204188969,1.2996,4.8512705536,31.5820256845432,3.7636,472.614920882236,0.349357369648064,3.59505880999471,0.0409499999999996,0.065935,0.051271,0.005,1.21212121212121e-07,0.0727272727272727,0.303030303030303,0.0534696644965197,0.0219340647280231,0.0337447149906566,0.27554168840131,0.886
"GRB171205A",2.27737997466725,-12.42945706,5.48376,1.13263,0.67,1.66173,-5.443697499,1.41,20.842422,0,5.18645954901543,154.491402806384,30.0716237376,1.2828507169,0.4489,2.7613465929,29.6338424606189,1.9881,434.406554826084,0,35.1681973037813,0.0719000000000003,0.109545,0.115455,0.01,1.81818181818182e-07,0.0848484848484849,0.181818181818182,0.0806407287619695,0.0219340647308353,0.0789626330733186,0.0156949885265181,0.0368
"GRB171222A",2.24254142829838,-12.10957898,4.78231,0.718496,1.34,1.99001,-5.721246399,2.07,20.02880298,-0.15490196,5.02899205763456,146.641903072858,22.8704889361,0.516236502016,1.7956,3.9601398001,32.7326603580705,4.2849,401.152948811657,0.0239946172118416,22.6645693378338,0.209750000000001,0.378455,0.126956,0.015,1.21212121212121e-07,0.103030303030303,0.121212121212121,0.0563106258474534,0.0277061870402603,0.0752025076913433,0.532627001228891,2.409
"GRB180205A",1.19033169817029,-10.30627305,3.21372,1.09633,1.03,1.88733,-6,2.04,21.4933967,0.531478917,1.41688955166897,106.219264181156,10.3279962384,1.2019394689,1.0609,3.5620145289,36,4.1616,461.966101703571,0.282469839215493,3.12326232779722,0.0645499999999997,0.088815,0.042095,0.00499999999999999,6.06060606060606e-08,0.0787878787878788,0.181818181818182,0.0875106835160412,0.0263208776911062,0.0232243038473533,0.381836799998343,1.409
"GRB180329B",2.32221929473392,-11.14935376,4.02296,1.50063,0.77,1.86768,-5.48148606,0.97,21.41988474,0.146128036,5.3927024528345,124.308089265626,16.1842071616,2.2518903969,0.5929,3.4882285824,30.0466894259743,0.9409,458.811462274885,0.0213534029052173,44.0459433119658,0.0482499999999995,0.04314,0.069665,0,1.81818181818182e-07,0.339393939393939,0.242424242424242,0.0910900482410009,0.0239280706215504,0.0752025076331583,0.476831628512261,1.998
"GRB180404A",1.54654266347813,-11.62342304,4.20449,1.17089,0.72,1.62007,-5.886056648,1.95,20.48730103,0.113943352,2.39179420995803,135.103963166803,17.6777361601,1.3709833921,0.5184,2.6246268049,34.645662863465,3.8025,419.729503493839,0.0129830874649959,87.9465810827809,0.0661000000000005,0.1242,0.10229,0.065,6.06060606060606e-08,0.0727272727272727,0.121212121212121,1.08507712688945,0.0202468290074633,0.0404936580149266,0.301029995663981,1
"GRB180620B",2.29841638006129,-10.98296666,4.6659,1.09835,0.9,1.99236,-5,1.3,21.21643247,0.556302501,5.28271785613406,120.625556654672,21.77062281,1.2063727225,0.81,3.9694983696,25,1.69,450.13700675407,0.309472472618855,27.4443117973296,0.0437000000000003,0.067125,0.0594450000000001,0.005,1.81818181818182e-07,0.121212121212121,0.121212121212121,0.0599542916157573,0.00789626330733186,0.0146227098205568,0.325823419002744,1.1175
"GRB180624A",2.68699356626468,-11.54363397,4.171185481,1.243849338,0.95,2.06008,-5.236572006,1.91,21.1034582,0.146128036,7.21993442514778,133.255485233338,17.3987883169052,1.54716117564304,0.9025,4.2439296064,27.4216863740229,3.6481,445.355947999147,0.0213534029052173,38.5043168772254,0.0881499349999997,0.099379055,0.1233664435,0,1.81818181818182e-07,0.0606060606060606,0.121212121212121,0.0343795484153644,0.0136142470679056,0.0376012538165791,0.586024382386976,2.855
"GRB180720B",1.68928221447305,-8.847711656,3.62033,1.34127,0.729,1.8461,-4.065501549,1.36,21.24271531,1.831869774,2.85367440013496,78.2820015477183,13.1067893089,1.7990052129,0.531441,3.40808521,16.5283028449214,1.8496,451.252953741708,3.35574686889481,3.6884533781446,0.00497499999999995,0.00614,0.00537499999999991,0,6.06060606060606e-07,0.0181818181818182,1.57575757575758,0.0327601887413463,0.00306056717510092,0.0100786866039877,0.218535505216528,0.654
"GRB180728A",0.938519725176492,-9.42365865,3.8695,1.1986,0.8595,1.70111,-4.528708289,1.97,21.58733599,2.120573931,0.880819274545358,88.8053423517198,14.97303025,1.43664196,0.73874025,2.8937752321,20.5091987668573,3.8809,466.013075145149,4.49683379683679,0.297321378474679,0.0098849999999997,0.014745,0.0091,0.0424864935,3.63636363636364e-07,0.0181818181818182,1.75757575757576,0.0148761559934817,0.00533531304621856,0.00578261707124149,0.0480531731156091,0.117
"GRB181010A",1.2148438480477,-9.928117993,3.15711,1.07011,1.115,1.76613,-6.161150909,1.52,22.27837171,0.146128036,1.47584557513934,98.5675268829304,9.9673435521,1.1451354121,1.243225,3.1192151769,37.9597805234715,2.3104,496.325846048928,0.0213534029052173,2.19279277929316,0.0346150000000005,0.057805,0.033375,0.007041969,4.24242424242424e-08,0.0909090909090909,0.121212121212121,0.0580681587807509,0.0267023396704747,0.0376012538165791,0.378397900948138,1.39
"GRB181020A",2.37657695705651,-10.42365865,4.29043,2.64643,1.228,1.93674,-5.091514981,1.25,20.65703194,0.886490725,5.64811803281199,108.65265965172,18.4077895849,7.0035917449,1.507984,3.7509618276,25.9235248017474,1.5625,426.71296857018,0.785865805511026,11.58881809789,0.1418,0.047555,0.091985,0.029531206,1.81818181818182e-07,0.0363636363636364,0.181818181818182,0.0211468897130007,0.00974847321620432,0.0102548874161921,0.595275711802099,2.938
"GRB181110A",2.14113609012074,-10.39577395,3.7664,1.92336,1.7505,1.76057,-5.004364805,2.02,20.88432911,0.568201724,4.58446375641752,108.072116019499,14.18576896,3.6993136896,3.06425025,3.0996067249,25.0436671015227,4.0804,436.155202374793,0.322853199156572,10.9277832336458,0.0907,0.05473,0.07443,0.141485526,1.81818181818182e-07,0.0303030303030303,0.181818181818182,0.0342910112558327,0.00797602353536826,0.0213412521852701,0.398807730203264,1.505
"GRB190106A",1.88536122003151,-10.43297363,4.19124,1.26841,1.9365,1.94587,-5.22184875,1.43,20.9708274,0.740362689,3.55458692999871,108.846938764275,17.5664927376,1.6088639281,3.75003225,3.7864100569,27.2677043678766,2.0449,439.775601840591,0.548136911263311,2.25272455297137,0.0285500000000001,0.031095,0.0270050000000001,0.225510462,1.21212121212121e-07,0.127272727272727,0.181818181818182,0.0127388781588989,0.00877362590478576,0.0143568423933057,0.456214155357989,1.859
"GRB190114A",1.8234742291703,-10.75202673,3.74534,1.18375,0.86,1.83214,-6.096910013,2.06,21.6447605,-0.301029996,3.32505826444822,115.606078802635,14.0275717156,1.4012640625,0.7396,3.3567369796,37.1723117066197,4.2436,468.49565710236,0.09061905849176,10.1838122893615,0.0336500000000006,0.042215,0.04616,0,7.27272727272727e-08,0.133333333333333,0.121212121212121,0.0664080102403637,0.0394813165359268,0.105283510845884,0.641126932803509,3.3765
