"","log10PeakFlux","log10NH","PhotonIndex","log10Ta","Gamma","log10Fa","log10T90","log10PeakFluxSqr","log10NHSqr","PhotonIndexSqr","log10TaSqr","GammaSqr","log10FaSqr","log10T90Sqr","Alpha","Beta","log10Fluence","T90Err","log10FaErr","log10TaErr","AlphaErr","BetaErr","FluenceErr","PhotonIndexErr","PeakFluxErr","log10T90Err","log10FluenceErr","log10PeakFluxErr","Redshift_crosscheck","log10z"
"GRB050315",0.285557309,21.91683806,2.11,4.86356,1.99544,-11.3757179,1.9804578922761,0.0815429767233215,480.347790548265,4.4521,23.6542158736,3.9817807936,129.40695774038,3.92221346307869,1.10818,0.856,-5.492144128,14.0200616236825,0.0324500000000008,0.04512,0.049165,0.001,8.84848484848485e-08,0.0545454545454545,0.133333333333333,0.0636907468526031,0.0119343109944412,0.0300030730163057,1.949,0.469674772551798
"GRB050318",0.499687083,20.92661714,1.9,4.132084541,1.98053,-11.15490196,1.50514997831991,0.249687180917049,437.923304924142,3.61,17.0741226539712,3.9224990809,124.431837737212,2.26547645723641,1.874408221,0.95,-5.966576245,10.9664574115296,0.0618196900000001,0.043780336,0.0859065194999999,0.037,4.66666666666667e-08,0.0606060606060606,0.121212121212121,0.148833498120448,0.0187658109674778,0.016658783334164,1.44,0.387389826338729
"GRB050319",0.181843588,20.93735437,2.02,3.73997,2.01045,-10.70553377,2.1832698436828,0.0330670904967137,438.372808014958,4.0804,13.9873756009,4.0419092025,114.60845330061,4.76666721033474,0.863159,0.971,-5.882728704,10.9553911899328,0.0416499999999997,0.06193,0.034558,0.00899999999999999,8.96969696969697e-08,0.115151515151515,0.127272727272727,0.0311991209237988,0.0297365640854658,0.036364370489667,3.24,0.627365856592733
"GRB050401",1.029383778,22.12570242,1.4,3.12435,1.78711,-9.653647026,1.52244423350632,1.05963096240955,489.546707578394,1.96,9.7615629225,3.1937621521,93.1929009025986,2.31783644413665,0.984108,0.9995,-5.085128182,0.62535750013415,0.0194550000000007,0.02833,0.0260615,0.0174145,1.85454545454545e-07,0.0424242424242424,0.557575757575758,0.00815583518093314,0.0097982829257281,0.022631035007725,2.9,0.591064607026499
"GRB050505",0.267171728,22.23063027,1.41,4.270583544,2.01835,-11.04817696,1.7701152947871,0.071380732242506,494.20092220144,1.9881,18.2378838062836,4.0737367225,122.062214139475,3.13330815683923,1.462094791,0.973,-5.603800653,6.83897067866905,0.0327217700000002,0.030067592,0.035926291,5e-04,1.08484848484848e-07,0.0727272727272727,0.187878787878788,0.0504266082791868,0.018921434167657,0.0441052545503497,4.27,0.721810615212547
"GRB050730",-0.259637311,21.73850309,1.53,4.05018,1.6177,-10.09854168,2.19451434188247,0.0674115332633107,472.562516593939,2.3409,16.4039580324,2.61695329,101.980544062697,4.81589319672784,2.38763,0.5615,-5.623423043,18.0332990692667,0.0266000000000002,0.017795,0.0538000000000001,0.0002104915,9.21212121212121e-08,0.0666666666666667,0.0848484848484849,0.0500432094331858,0.0168099723091123,0.0669985978354264,3.967,0.696094159995223
"GRB050802",0.439332694,21.25883595,1.54,3.63973,1.8557,-10.28650946,1.27875360095283,0.193013216017298,451.938105949012,2.3716,13.2476344729,3.44362249,105.812276870669,1.63521077194983,1.44729,0.8585,-5.698970004,10.1980390271856,0.0274999999999999,0.0326,0.03274,0.0023696055,9.51515151515152e-08,0.0787878787878788,0.266666666666667,0.233102740828459,0.020661888971532,0.0421134042893105,1.7102,0.433001340945038
"GRB050803",-0.017728767,21.34755638,1.38,4.21721,2.11696,-10.86012091,1.94398887507377,0.000314309179340289,455.718163397279,1.9044,17.7848601841,4.4815196416,117.942226179819,3.77909274641059,1.52234,1.218,-5.66756154,10.4381272282503,0.0489000000000006,0.04766,0.0486949999999999,0.2248562595,8.18181818181818e-08,0.0666666666666667,0.0666666666666667,0.0515724807353036,0.0165270627330643,0.030159339023807,3.5,0.653212513775344
"GRB050824",-0.301029996,20.9708274,2.76,5.08558,1.94709,-12.23882419,1.3541084391474,0.09061905849176,439.775601840591,7.6176,25.8631239364,3.7911594681,149.788817553729,1.83360966497021,0.954481,0.86,-6.575118363,4.07092717497179,0.0685500000000001,0.12722,0.0899785,0.01,3.15151515151515e-08,0.23030303030303,0.0909090909090909,0.0782292570053204,0.0514543473223617,0.0789626331344128,0.8278,0.261928672990642
"GRB050826",-0.420216403,21.96085591,1.16,4.76235,2.45742,-12.33348202,1.55022835305509,0.176581825350258,482.279192299782,1.3456,22.6799775225,6.0389130564,152.114778737663,2.40320794661591,1.801,1.11,-6.384049948,5.86506950125527,0.234050000000001,0.13858,0.23538,0.03,4.36363636363636e-08,0.187878787878788,0.0787878787878788,0.0717511921232175,0.0458862758416538,0.0900451078111771,0.297,0.11293997608408
"GRB050904",-0.207608311,22.39388568,1.25,4.6841,1.90813,-11.4544,2.24104815067164,0.0431012107962727,501.486115848909,1.5625,21.94079281,3.6409600969,131.20327936,5.0222968136288,1.81152426,0.848,-5.316052869,10.7562158769084,0.29485,0.098475,0.624745,0,1.09090909090909e-07,0.0424242424242424,0.103030303030303,0.0268161033381255,0.00980902273641476,0.0721701485906705,6.29,0.862727528317975
"GRB060115",-0.060480747,21.43355223,1,3.69688,2.10553,-11.29499204,2.14488541828714,0.00365792075767801,459.397161196138,1,13.6669217344,4.4332565809,127.576845183663,4.60053345758081,0.889919,1,-5.76700389,15.0870791029542,0.0811999999999999,0.123015,0.053884,0.085,9.09090909090909e-08,0.303030303,0.0727272727272727,0.0469357822525134,0.0230884892235729,0.0363046588524029,3.53,0.656098202012832
"GRB060124",-0.050609993,21.9172644,1.84,4.47599,2.00895,-10.6893,2.8750612633917,0.00256137139146005,480.366478779507,3.3856,20.0344864801,4.0358801025,114.26113449,8.26597726825548,1.3641,0.99,-6.336299075,1.30678232181628,0.0444500000000003,0.036665,0.01627,0.076380116,3.21212121212121e-08,0.115151515151515,0.109090909090909,0.000756704468551373,0.0302604450950157,0.0532332357362408,2.296,0.517987203025078
"GRB060206",0.445604203,22.33966406,1.2,3.93814,2.20424,-10.63078414,0.880813592280791,0.198563105731265,499.060590313656,1.44,15.5089466596,4.8586739776,113.013571431276,0.775832584346592,1.17565,1.265,-6.080398976,1.93356045365311,0.0705499999999999,0.07444,0.02867,0.0130418865,2.54545454545455e-08,0.1818181818,0.103030303030303,0.110491399401039,0.0133029706675924,0.0160378107896306,4.048,0.703119346236078
"GRB060210",0.434568904,22.3877421,1.53,4.15028,2.08163,-10.66756154,2.40654018043396,0.188850132323761,501.210996336112,2.3409,17.2248240784,4.3331834569,113.796869209687,5.79143564004309,1.20511,0.979,-5.11577123,121.976522977757,0.0292000000000003,0.030365,0.02297,0.083622271,2.47878787878788e-07,0.0545454545454545,0.16969696969697,0.207740120984255,0.0140538367709601,0.027095021154743,3.91,0.691081492122968
"GRB060218",-0.602059991,21.59972155,2.26,5.07614,2.25722,-11.82390874,3.32221929473392,0.36247623276292,466.547971037534,5.1076,25.7671972996,5.0950421284,139.804817891848,11.0371410423023,1.3185,0.95,-5.804100348,17.4370466608647,0.160200000000001,0.14064,0.108235,0.02,9.21212121212121e-08,0.103030303030303,0.0666666666666667,0.0036061014978586,0.0254826332026628,0.115811861753411,0.0331,0.0141423615450058
"GRB060306",0.775974331,21.61973178,1.8,3.61496,2.28823,-10.70553377,1.78675142214556,0.602136162370898,467.412802239142,3.24,13.0679358016,5.2359965329,114.60845330061,3.19248064453919,1.03794,0.76,-5.671620397,3.5188407189561,0.0349500000000003,0.04452,0.02498,0.01,7.15151515151515e-08,0.0606060606060606,0.193939393939394,0.0249708024009658,0.014581519111212,0.0141083431552143,1.559,0.408070285887185
"GRB060418",0.814247596,21.65363309,1.7,3.11887,1.94118,-9.792961075,2.01325866528352,0.662999147591779,468.879825996343,2.89,9.7273500769,3.7681797924,95.9020866164651,4.05321045333917,1.47655,0.98,-5.079354999,45.254833995939,0.0490400000000006,0.057245,0.044705,0.005,1.53333333333333e-07,0.0363636363636364,0.212121212121212,0.1906297253529,0.0079942161609691,0.0141293055003077,1.489,0.396024896608593
"GRB060526",0.222716471,20.842422,2.01,3.8752,1.90677,-11.3053948,2.47450763911698,0.0496026264546938,434.406554826084,4.0401,15.01717504,3.6357718329,127.811951583867,6.12318805604827,1.05873,0.93,-5.899629455,23.0482186783306,0.06785,0.09216,0.0623145,0.0305,1e-07,0.145454545454545,0.109090909090909,0.0335671166656554,0.034467816033398,0.0283698082994557,3.221,0.625415352154408
"GRB060604",-0.468521083,21.99003057,2.01,4.45991,2.1711,-11.76955108,1.97772360528885,0.219512005215493,483.561444469534,4.0401,19.8907972081,4.71367521,138.522332624729,3.91139065891672,1.21596,1.02,-6.395773947,17,0.0419499999999999,0.04994,0.0469499999999999,0,6.42424242424242e-08,0.254545454545455,0.0787878787878788,0.0777158546563714,0.0694033093482565,0.100638650005198,2.1357,0.496334505996816
"GRB060605",-0.337242168,21.77333803,1.55,4.04162,2.02128,-11.26121944,1.89817648349768,0.11373227987734,474.078248968644,2.4025,16.3346922244,4.0855728384,126.815063275834,3.6030739625036,1.9179,0.835,-6.156767222,35.0141649091828,0.0531499999999996,0.037375,0.085,0.10149311,5.45454545454545e-08,0.121212121212121,0.0727272727272727,0.192243471662561,0.0339867861224412,0.068663159143846,3.78,0.679427896612119
"GRB060614",1.06069784,20.51216256,2.02,5.03344,1.89544,-11.78251606,2.03622954408629,1.12507990778067,420.748812887866,4.0804,25.3355182336,3.5926927936,138.827684704158,4.14623075620988,1.9453,0.783,-4.690369833,3.31042292001389,0.0429000000000004,0.0289,0.0598299999999999,0.00600000000000001,2.2e-07,0.0242424242424242,0.448484848484848,0.0132262962918867,0.00468356794668692,0.0169369126150239,0.125,0.0511525224473813
"GRB060707",0.004321374,21.20847898,0.6,3.5545,2.09345,-10.9132,1.8208579894397,1.8674273247876e-05,449.799580645102,0.36,12.63447025,4.3825329025,119.09793424,3.31552381770639,0.861995,1.12,-5.795880017,6.31420049148106,0.0769500000000001,0.127895,0.0364485,0.035,9.15151515151515e-08,0.3636363636,0.139393939393939,0.0414232995631575,0.0248403283013014,0.0599386323358868,3.425,0.645913275033844
"GRB060708",0.28780173,20.79066861,1.68,3.50569,2.20484,-10.86966623,1.00860017176192,0.0828298357909929,432.251901250839,2.8224,12.2898623761,4.8613194256,118.149643951602,1.01727430647817,1.12969,1.485,-6.306273051,3.60124423553101,0.0611499999999996,0.062725,0.028525,0.3341015195,2.24242424242424e-08,0.0727272727272727,0.0848484848484849,0.153333382301668,0.019714017700399,0.0189944478152724,1.92,0.465382851448418
"GRB060714",0.10720997,22.0125926,1.93,3.73449,2.04425,-10.86012091,2.06069784035361,0.0114939776674009,484.554232973575,3.7249,13.9464155601,4.1789580625,117.942226179819,4.24647558923804,1.20488,0.87,-5.548213564,9.12936538358046,0.0352000000000006,0.046765,0.0353049999999999,0.00499999999999999,1.01212121212121e-07,0.0666666666666667,0.0787878787878788,0.0344768087771092,0.0155321080197879,0.0267321413833549,2.711,0.569490954348783
"GRB060729",0.068185862,20.86562801,1.75,5.1057,1.92492,-11.15058059,2.0618293072947,0.00464931177668304,435.374432251696,3.0625,26.06817249,3.7053170064,124.335447494085,4.25114009241934,1.35481,1.317,-5.583359493,33.90346061055,0.0116000000000005,0.012825,0.0134249999999999,0.077392286,1.27878787878788e-07,0.0848484848484849,0.0787878787878788,0.12770239254628,0.0212785639737521,0.0292454196396911,0.54,0.187520720836463
"GRB060814",0.861534411,22.00679538,1.53,4.22387,2.11591,-10.91009489,2.16226561429802,0.742241541337117,484.299042897189,2.3409,17.8410777769,4.4770751281,119.030170508804,4.6753925867756,1.29504,0.97,-4.835647144,4.89845852373387,0.0352999999999994,0.034855,0.0245650000000001,0,1.44848484848485e-07,0.0181818181818182,0.175757575757576,0.0146412491857506,0.00430869161989862,0.0104993872461393,1.9229,0.465813957269479
"GRB060906",0.294466226,22.41960057,2.03,4.33479,2.07859,-11.8827287,1.63848925695464,0.0867103582546831,502.638489718344,4.1209,18.7904043441,4.3205363881,141.199241357804,2.68464704515576,1.71887,1.06,-5.655607726,8.16698720444148,0.0884499999999999,0.072145,0.169635,0.00499999999999999,8.24242424242424e-08,0.0666666666666667,0.16969696969697,0.0815374132566298,0.0161974631827828,0.0374103845495022,3.686,0.670802284260944
"GRB060908",0.481442629,21.80952201,1,2.81918,2.13395,-9.627087997,1.28555730900777,0.231787005018432,475.655250304674,1,7.9477758724,4.5537426025,92.6808233019815,1.65265759474331,1.38309,1.185,-5.552841969,1.33033529343473,0.045185,0.05993,0.04964,0.0034749535,6.72727272727273e-08,0.1818181818,0.151515151515152,0.0299356102082822,0.0104343479500535,0.0217168957598539,1.8836,0.459935016851525
"GRB060926",0.037426498,22.50004427,2.54,3.351,2.00443,-10.84771166,0.903089986991944,0.001400742752544,506.25199215196,6.4516,11.229201,4.0177396249,117.6728482585,0.815571524605109,1.45111,1.357,-6.659555885,1.21267967741496,0.0824499999999997,0.09927,0.11561,0.009157091,1.51515151515152e-08,0.139393939393939,0.0848484848484849,0.0658325115271916,0.0300466640198818,0.0338066318922116,3.2,0.6232492903979
"GRB060927",0.431363764,22.10710478,0.9,3.15198,1.94856,-10.77728353,1.35218251811136,0.186074696892248,488.724081753899,0.81,9.9349779204,3.7968860736,116.149840286009,1.82839756228599,1.39098,0.83,-5.946921557,1.29427663430184,0.0811500000000001,0.108435,0.118785,0.178498106,4.12121212121212e-08,0.2424242424,0.103030303030303,0.0249820977926045,0.0158391122565265,0.0165724044782448,5.47,0.8109042806687
"GRB061021",0.78604121,20.87141063,1.3,3.23849,1.99282,-10.04095861,1.66464197555613,0.617860783818264,435.615781686077,1.69,10.4878174801,3.9713315524,100.820849807733,2.7710329067834,1.01707,0.785,-5.528708289,5.39883246764966,0.0263999999999998,0.03399,0.010415,0.0168000365,6.12121212121212e-08,0.0363636363636364,0.163636363636364,0.0507507175199213,0.00898111029446789,0.0116311570876723,0.3463,0.129141845792285
"GRB061121",1.324282455,21.75351565,1.41,3.78753,1.90181,-10.03011836,1.91009054559407,1.75372402062083,473.215443134795,1.9881,14.3453835009,3.6168812761,100.603274315609,3.64844589236785,1.35185,0.9485,-4.863279433,46.1274845779442,0.0126499999999998,0.01703,0.0158499999999999,0.0023582105,1.20606060606061e-07,0.0181818181818182,0.278787878787879,0.246407281873044,0.00382325157840621,0.0057382008275868,1.314,0.364363354615731
"GRB070110",-0.22184875,21.3989672,1.58,4.26825,2.08596,-11.04866248,1.94645226501307,0.0492168678765625,457.915797226676,2.4964,18.2179580625,4.3512291216,122.07294259696,3.78867641997452,1.42725,1.186,-5.790484985,14.4780330174947,0.0547500000000003,0.053995,0.046555,0.1216678795,6.54545454545455e-08,0.0727272727272727,0.0727272727272727,0.0711281657048759,0.0175472517755912,0.0526417554287146,2.352,0.525304009958239
"GRB070208",-0.045757491,21.8647258,1.94,3.44468,2.20341,-10.86327943,1.67851837904011,0.00209374798261508,478.066234309186,3.7636,11.8658203024,4.8550156281,118.010839974261,2.81742394877545,1.2125,1.14,-6.351639989,22.6274169979695,0.161899999999999,0.14114,0.06357,0.015,6.12121212121212e-08,0.218181818181818,0.133333333333333,0.206015982011363,0.0597395201502247,0.0643399233100112,1.165,0.335457900689384
"GRB070223",-0.161150909,21.70173804,1.85,4.22335,2.25837,-11.86327943,1.94694327069783,0.0259696154715263,470.965433956783,3.4225,17.8366852225,5.1002350569,140.737398834261,3.79058809931555,0.991734,1.03,-5.769551079,8.08530616043297,0.16615,0.203105,0.079308,0.06,7.27272727272727e-08,0.0727272727272727,0.0909090909090909,0.0396768796607278,0.0185794430922578,0.0572192992938744,1.6295,0.419873175149476
"GRB070306",0.609594409,22.44245468,1.66,4.86926,1.94468,-11.2737,2.32118402730231,0.371605343484059,503.663772063854,2.7556,23.7096929476,3.7817803024,127.09631169,5.38789528860339,1.89982,0.831,-5.269217724,64.7675716279367,0.0335000000000001,0.02824,0.06188,0.000999999999999994,1.73333333333333e-07,0.0606060606060606,0.127272727272727,0.134263479543134,0.0139921394309921,0.0135807968501197,1.4959,0.397227181043161
"GRB070508",1.382017043,21.89306622,1.1,3.02525,1.82568,-9.161150909,1.32014628611105,1.90997110714246,479.306348513305,1.21,9.1521375625,3.3331074624,83.9266859774715,1.74278621673281,1.37377,0.764,-4.707743929,0.735923905696808,0.0107949999999999,0.01189,0.013355,5e-04,1.65454545454545e-07,0.06060606061,0.36969696969697,0.015292234035637,0.00366612225284185,0.00666213086135178,0.82,0.260071387985075
"GRB070521",0.814913181,22.27524914,1.1,3.55243,2.00022,-10.01233374,1.57863920996807,0.664083492567539,496.186724249071,1.21,12.6197589049,4.0008800484,100.246826921142,2.49210175524862,1.44502,0.98,-5.096367484,2.81938432428048,0.04901,0.04844,0.0562,0.147518075,1.07272727272727e-07,0.1212121212,0.163636363636364,0.032307204601571,0.00581622391039878,0.0108830581640121,2.0865,0.489466281303128
"GRB070529",0.155336037,22.56252244,1.34,3.09323,1.97999,-10.24641694,2.03822263836872,0.0241292843908654,509.067418855503,1.7956,9.5680718329,3.9203604001,104.989060108319,4.15435152355874,1.21432,0.76,-5.590066877,19.9827798950972,0.0552000000000001,0.068045,0.03501,0.015,1.48484848484848e-07,0.096969696969697,0.218181818181818,0.0794726285854208,0.0250918873122187,0.066262349503112,2.4996,0.544018407858776
"GRB070802",-0.397940009,21.91375294,1.79,3.92184,1.99014,-11.6716204,1.2148438480477,0.15835625076292,480.212567915359,3.2041,15.3808289856,3.9606572196,136.226722761696,1.47584557513934,1.16348,0.78,-6.552841969,3.01981259231406,0.17395,0.236245,0.2088785,0.045,3.03030303030303e-08,0.163636363636364,0.0606060606060606,0.0799687771478019,0.0470015673425834,0.0658021942774567,2.45,0.537819095073274
"GRB071003",0.799340549,20.86974084,1.36,4.78411,1.91015,-11.67760082,2.17609125905568,0.638945313275621,435.546082728764,1.8496,22.8877084921,3.6486730225,136.366360911265,4.73537316773854,1.97901,0.837,-5.080921908,4.49440006564942,0.135899999999999,0.098505,0.183105,0.032,1.81818181818182e-07,0.0424242424242424,0.242424242424242,0.0130126209865144,0.00951357025803561,0.0167116683927593,1.60435,0.415699348887829
"GRB071020",0.924279286,20.99642367,1.11,2.311950854,1.59788,-9.169411331,0.6232492903979,0.85429219852867,440.849806930136,1.2321,5.34511675131133,2.5532204944,84.0781041570712,0.388439677981486,1.119196934,0.844,-5.638272164,0.581982801632249,0.0350998220000003,0.039262062,0.0111532090000001,0.001,6.06060606060606e-08,0.0303030303030303,0.181818181818182,0.0601790284074954,0.0114438598661619,0.00940031346244879,2.145,0.497620649781288
"GRB071117",1.053078443,22.04291793,1.57,3.901990464,2.0457,-11.23542972,0.819543935541869,1.1089742071113,485.890230868716,2.4649,15.2255295811469,4.18488849,126.234880993059,0.671652262283455,1.104952391,0.94,-5.619788758,1.82485944742003,0.101024385,0.117162967,0.089387802,0.01,6.06060606060606e-08,0.0363636363636364,0.242424242424242,0.120079755797505,0.0109670323640116,0.00931712485678028,1.331,0.367542273520577
"GRB080310",0.113943352,21.14009932,2.32,4.32608056,2.09352,-11.3990271,2.56229286445647,0.0129830874649959,446.903799259465,5.3824,18.7149730116099,4.3828259904,129.937818826534,6.56534472324457,1.59590648,0.878,-5.638272164,17.3987512074303,0.0424734299999994,0.03798676,0.0652763515,0.0375,1.21212121212121e-07,0.096969696969697,0.121212121212121,0.0207018675106699,0.0228877197323238,0.0404936580149266,2.42,0.534026106056135
"GRB080411",1.635483747,21.57289018,1.75,4.20932562,1.97674,-10.11350927,1.7481880270062,2.67480708670116,465.389590718341,3.0625,17.7184221751884,3.9075010276,102.283069754376,3.05616137776783,1.28909841,0.91,-4.578396073,1.0009675337169,0.0604354300000001,0.049275581,0.010296793,0,6.06060606060606e-08,0.0181818181818182,0.545454545454546,0.00776276207959923,0.000997002942546105,0.00548351618331015,1.03,0.307496037913213
"GRB080430",0.414973348,21.51787914,1.73,4.21762911,2.03541,-11.17198494,1.20951501454263,0.172202879550329,463.019122683647,2.9929,17.7883953095194,4.1428938681,124.813247499587,1.46292657040406,0.99269763,1.064,-5.920818754,2.18311336401004,0.0281809649999998,0.038388523,0.020935069,0.0755,6.06060606060606e-08,0.0545454545454545,0.121212121212121,0.0585255609480744,0.0219340647449938,0.0202468289917981,0.767,0.247236549506764
"GRB080516",0.255272505,22.03528962,1.82,3.77452827,2.3315,-11.12090412,0.763427993562937,0.065164051808975,485.55398863728,3.3124,14.2470636610292,5.43589225,123.674508446233,0.582822301355532,0.94016916,1.48,-6.585026652,0.213016433189357,0.0778036650000002,0.111057696,0.084888358,0.03,2.42424242424242e-08,0.163636363636364,0.181818181818182,0.0159503209463535,0.0404936579835962,0.0438681294956119,3.2,0.6232492903979
"GRB080607",1.36361198,22.38386741,1.31,3.46298403,2.03418,-10.0540393,1.89762709129044,1.85943763199952,501.03752022846,1.7161,11.992258392035,4.1378882724,101.083706245944,3.60098857759942,1.7256074,1.06,-4.619788758,3.28506192878632,0.11042072,0.069659314,0.0376373875,0.02,0,0.0242424242424242,0.666666666666667,0.0180592945364855,0,0.0125337512783664,3.036,0.605951157564873
"GRB080710",0,20.89722339,1.47,4.09266933,2.00149,-11.23284413,2.07918124604762,0,436.693945411563,2.1609,16.7499422447226,4.0059622201,126.176787248875,4.32299465391615,1.52133785,1.3,-5.853871964,17.4370466608647,0.0626949799999998,0.054210787,0.0640164304999999,0.1505178435,1.21212121212121e-07,0.139393939393939,0.121212121212121,0.0631067762125255,0.0376012538165791,0.0526417553822122,0.845,0.265996370495079
"GRB080721",1.320146286,21.79728278,1.11,2.87876286,1.9433,-8.714442691,1.20951501454263,1.74278621643959,475.121536591284,1.2321,8.28727560411538,3.77641489,75.9415114147233,1.46292657040406,1.33437559,0.735,-4.920818754,144,0.00701929850000038,0.007554816,0.00643567299999992,0,6.06060606060606e-07,0.0484848484848485,1.09090909090909,3.86039539469557,0.0219340647449938,0.0226686984957445,2.591,0.555215405126073
"GRB080810",0.301029996,21.45079548,1.34,3.2687548,2.11482,-9.931814138,2.02530586526477,0.09061905849176,460.136626724788,1.7956,10.684757942523,4.4724636324,98.6409320717767,4.10186384787588,1.44529526,1.079,-5.337242168,4.33719033229347,0.031830706,0.039738688,0.036139295,0.0015,1.21212121212121e-07,0.0363636363636364,0.121212121212121,0.0177699795120678,0.0114438598573077,0.0263208776707413,3.35,0.638489256954637
"GRB080928",0.322219295,21.51035195,1.77,4.08450503,2.13864,-11.1260984,2.44715803134222,0.103825274070297,462.695241012869,3.1329,16.6831813400953,4.5737810496,123.790065606483,5.98858243036273,1.76031774,0.99,-5.602059991,20.8004346174656,0.0644840350000004,0.047916769,0.075970735,0,1.21212121212121e-07,0.0727272727272727,0.0606060606060606,0.0322625499126953,0.0210567021369837,0.0125337512738,1.692,0.430075055551939
"GRB081007",0.414973348,21.69605744,2.51,3.58176278,2.102,-10.58502665,1,0.172202879550329,470.718908439779,6.3001,12.8290246121933,4.418404,112.04278918121,1,1.00469263,0.92,-6.148741651,2.93713330647929,0.053161115,0.084284398,0.039134851,0.00499999999999999,4.84848484848485e-08,0.121212121212121,0.242424242424242,0.127558078761821,0.0296573269567103,0.0404936579835962,0.5295,0.184549481320698
"GRB081008",0.113943352,21.1376737,1.69,3.85550833,1.98207,-10.79317412,2.26834391395106,0.0129830874649959,446.801249447672,2.8561,14.8649444826994,3.9286014849,116.492607584638,5.14538411195884,1.47398467,0.84,-5.366531544,40.3441495698351,0.0605298899999998,0.056285684,0.063988679,0.025,1.21212121212121e-07,0.0424242424242424,0.0606060606060606,0.0944541322655462,0.0122422686816867,0.0202468290074633,1.9685,0.472537053262077
"GRB081029",-0.301029996,21.49704581,1.43,4.48156171,1.95818,-11.86327943,2.43136376415899,0.09061905849176,462.122978557239,2.0449,20.0843953605381,3.8344689124,140.737398834261,5.91152975366536,2.51960373,0.87,-5.677780705,45.6827768024956,0.0832508050000005,0.04285341,0.169198521,0.001,1.21212121212121e-07,0.109090909090909,0.121212121212121,0.0734806588271915,0.0250675025476,0.105283510845884,3.8479,0.685553652846326
"GRB081221",1.260071388,21.57331844,1.21,2.93195749,2.4947,-9.354577731,1.53147891704226,1.58777990285625,465.408068513644,1.4641,8.5963747231671,6.22352809,87.5081245253211,2.34542767334492,1.23586126,0.991,-4.742321425,0.801917699762502,0.0249854999999997,0.031176651,0.0128618564999999,5e-04,1.81818181818182e-07,0.0787878787878788,0.303030303030303,0.0102431891749236,0.00436257641157646,0.00723101035445099,2.26,0.513217600067939
"GRB081230",-0.15490196,20.67248024,1.97,3.66959365,2.08621,-11.32975415,1.78318869107526,0.0239946172118416,427.35143927319,3.8809,13.4659175561203,4.3522721641,128.363329099442,3.17976190797869,0.99376498,1.02,-6.086186148,13.7743084089789,0.0701443999999993,0.08735027,0.0403814179999999,0.02,4.84848484848485e-08,0.096969696969697,0.0606060606060606,0.0985519956186671,0.0256789050871822,0.0376012538456717,2.1,0.491361693834273
"GRB090102",0.740362689,21.72376179,1.36,3.15380077,1.76997,-9.457174573,1.43136376415899,0.548136911263311,471.921826308664,1.8496,9.94645929685259,3.1327938009,89.4381509041977,2.04880222534738,1.42487631,0.667,-7.167491087,2.24000000357628,0.0362399829999998,0.041590346,0.0217865955,0.0026734575,1.81818181818182e-09,0.0484848484848485,0.484848484848485,0.0360303570746831,0.0116121519146922,0.0382849130488151,1.547,0.406028944963615
"GRB090205",-0.301029996,21.81792086,2.15,3.70655,2.03416,-11.3419886,0.944482672150169,0.09061905849176,476.021670653223,4.6225,13.7385129025,4.1378069056,128.64070540253,0.892047517991923,1.29089,1.01,-6.721246399,1.7940791274129,0.13445,0.114585,0.084185,0.025,1.81818181818182e-08,0.139393939393939,0.0606060606060606,0.0885407574015026,0.0415592805603905,0.0526417554229419,4.6497,0.752025387323213
"GRB090423",0.230448921,22.7516324,0.8,3.91521772,1.8158,-11.2798407,1.01283722470517,0.0531067051900642,517.63677686473,0.64,15.328929795002,3.29712964,127.234806217376,1.02583924374848,1.43267533,0.77,-6.229147988,1.06172876136085,0.08569564,0.077643595,0.064053366,0.005,2.42424242424242e-08,0.303030303030303,0.121212121212121,0.0447672759550477,0.017844662826724,0.0309657384870962,8.26,0.966610986681934
"GRB090424",1.851258349,21.63012977,1.19,2.99599056,1.96315,-9.050609993,1.68124123737559,3.42715747474221,467.86251386704,1.4161,8.97595943560911,3.8539579225,81.9135412453915,2.8265720982522,1.1284106,0.924,-4.677780705,2.27250697020751,0.0112570984999998,0.013394814,0.00554688650000001,0,0,0.0909090909090909,1.21212121212121,0.0205611924426625,0,0.00741433173917757,0.544,0.188647295999717
"GRB090519",-0.22184875,22.13069392,1.02,3.44619,1.46604,-11.76000021,1.80617997398389,0.0492168678765625,489.767613380725,1.0404,11.8762255161,2.1492732816,138.2976049392,3.26228609842043,1.42452,0.63,-5.920818754,8.24011648989424,0.21145,0.24029,0.3065,0.03,6.06060606060606e-08,0.121212121212121,0.121212121212121,0.0559162050281416,0.0219340647449938,0.0877362590478575,3.85,0.685741738602264
"GRB090529",-0.397940009,21.94617755,2,4.472757799,2.22623,-12.1873998,2,0.15835625076292,481.634709056124,4,20.0055623285153,4.9561000129,148.53271388504,4,0.8815438,0.64,-6.167491087,10.5274431981955,0.11547934,0.21900534,0.113675222,0.125,1.03030303030303e-07,0.181818181818182,0.0606060606060606,0.0457201048952623,0.0658021941832558,0.0658021942774567,2.625,0.559308010907013
"GRB090530",0.397940009,20.90942658,1.61,3.6839464,2.03975,-11.16052195,1.68124123737559,0.15835625076292,437.204119904411,2.5921,13.571461078073,4.1605800625,124.557250196432,2.8265720982522,0.88610581,1.09,-5.958607315,35.7770876399966,0.0891756250000002,0.115365029,0.0385142015,0.035,6.06060606060606e-08,0.103030303030303,0.181818181818182,0.323703994596241,0.023928070636996,0.0315850532054756,1.266,0.355259905527378
"GRB090618",1.589949601,21.39200012,1.42,3.67275453,1.82831,-9.640164518,2.05384642685225,2.52793973372006,457.61766913408,2.0164,13.4891258376355,3.3427174561,92.9327719341062,4.21828514509377,1.30942861,0.8945,-3.978810701,0.593538562159812,0.00969525450000042,0.014245613,0.010591616,0.0024826615,6.06060606060606e-07,0.0484848484848485,0.484848484848485,0.00227712475567841,0.00250675025669951,0.00541303397652361,0.54,0.187520720836463
"GRB090809",0.041392685,21.91952315,1.34,4.56066,1.94644,-11.8559,0.732393759822969,0.00171335437150922,480.465495123386,1.7956,20.7996196356,3.7886286736,140.56236481,0.536400619427624,1.6367,0.96,-6.468521083,1.2162532625235,0.338,0.237865,0.319405,0.01,3.03030303030303e-08,0.145454545454545,0.121212121212121,0.0978170519464413,0.0387071730789222,0.0478561412739918,2.737,0.572523097849638
"GRB090812",0.556302501,21.77771022,1.24,3.52924,1.88559,-10.16730017,1.82412583391655,0.309472472618855,474.268662426292,1.5376,12.4555349776,3.5554496481,103.373992746882,3.32743505796175,1.37252,0.53,-5.236572006,14.6583733159175,0.10615,0.13258,0.08412,0.015,1.21212121212121e-07,0.0303030303030303,0.121212121212121,0.0954430381526363,0.00907616471193707,0.0146227098205568,2.452,0.538070787043172
"GRB090927",0.301029996,21.01785522,1.8,4.20121889,2.06549,-11.6716204,0.342422680822206,0.09061905849176,441.750238048881,3.24,17.6502401616928,4.2662489401,136.226722761696,0.117253292341467,1.13087741,0.92,-6.698970004,0.400898977948906,0.076268475,0.093241949,0.074843971,0.01,1.81818181818182e-08,0.121212121212121,0.121212121212121,0.0791400972381197,0.0394813165061122,0.0263208776707413,1.37,0.374748346010104
"GRB091018",1.012837225,21.19187281,1.77,2.89655535,1.98015,-9.627087997,0.643452676486187,1.0258392443457,449.095473195217,3.1329,8.39003289561362,3.9209940225,92.6808233019815,0.414031346877238,1.18074867,0.91,-5.853871964,0.601065703889731,0.0242886034999996,0.034497878,0.016335114,0.002061639,6.06060606060606e-08,0.145454545454545,0.242424242424242,0.0593271632865009,0.0188006269082896,0.0102217000672768,0.971,0.294686624279443
"GRB091020",0.62324929,21.70587483,1.53,2.95265011,2.08587,-9.71219827,1.53907609879278,0.388439677485504,471.145002135627,2.3409,8.71814267208301,4.3508536569,94.326795235791,2.36875523787519,1.17417264,0.895,-5.431798276,4.87503886377992,0.0344806870000003,0.045271255,0.018244861,0.00218288749999999,6.06060606060606e-08,0.0424242424242424,0.181818181818182,0.0611908230521248,0.00711375072842337,0.0188006269394438,1.71,0.432969290874406
"GRB091029",0.255272505,21.45058625,1.46,4.30368998,2.11535,-11.34678749,1.59328606702046,0.065164051808975,460.127650468689,2.1316,18.5217474439524,4.4747056225,128.74958634322,2.53856049136152,1.12123368,1.064,-5.619788758,4.82961031431318,0.0256335199999995,0.034224003,0.0267820245,0.002,6.06060606060606e-08,0.163636363636364,0.0606060606060606,0.0535069670726848,0.0109670323640116,0.0146227098318706,2.752,0.574262829707027
"GRB091127",1.667452953,20.87872913,2.05,3.98466812,1.80187,-9.844663963,0.851258348719075,2.78039935046842,435.921330083911,4.2025,15.8775800265443,3.2467354969,96.9174085443909,0.724640776263927,1.39581701,0.758,-5.045757491,0.150359555029189,0.0185625155000002,0.021935207,0.0135873089999999,0.00244132,1.81818181818182e-07,0.0424242424242424,1.63636363636364,0.00919722888036692,0.00877362590591064,0.0152830902683826,0.49,0.173186268412274
"GRB050416A",0.688419822,21.75162856,3.08,2.99481,2.06183,-10.5559552,0.397940008672038,0.473921851322512,473.133345012208,9.4864,8.9688869361,4.2511429489,111.428190184407,0.158356250501901,0.842217,0.9,-6.435333936,0.444072089685655,0.0484,0.070765,0.0149485,0.005,2.24242424242424e-08,0.133333333333333,0.290909090909091,0.0771432232470903,0.0265360347448561,0.0258893878930529,0.6528,0.218220304175545
"GRB050820A",0.389166084,21.61964524,1.25,3.750945731,1.96878,-10.01818139,1.41497334797082,0.151450240935895,467.409060303455,1.5625,14.0695938769071,3.8760946884,100.363958362942,2.00214957546775,1.136499703,0.9,-5.463441557,22.6761161724926,0.266741013,0.238477529,0.0125257010000001,0.0405,1.46666666666667e-07,0.0727272727272727,0.139393939393939,0.378773543258101,0.0185164313807078,0.0247093954042276,2.6147,0.558072259099146
"GRB050922C",0.860936621,21.44930866,1.37,2.52429,2.2119,-9.477555766,0.653212513775344,0.741211865378898,460.072841991951,1.8769,6.3720400041,4.89250161,89.8240632976399,0.426686588152704,1.22035,1.064,-5.790484985,0.450457545832013,0.0319400000000005,0.034305,0.013275,0.013,3.27272727272727e-08,0.0363636363636364,0.193939393939394,0.0434736058858943,0.0087736258877956,0.0116014887814568,2.198,0.504878459410216
"GRB051016B",0.113943352,21.71466751,2.4,4.25742,1.89482,-11.59006688,0.602059991327962,0.0129830874649959,471.52678506985,5.76,18.1256250564,3.5903428324,134.329650282873,0.362476233157826,1.14771,0.73,-6.769551079,0.469570015426604,0.04535,0.058175,0.04854,0.005,1.33333333333333e-08,0.139393939393939,0.096969696969697,0.0509829166417497,0.0340623123358059,0.0323949264119413,0.9364,0.286995073968852
"GRB051109A",0.595496222,21.97057233,1.51,3.91123,2.06584,-10.51999306,1.5705429398819,0.354615750416273,482.706048507762,2.2801,15.2977201129,4.2676949056,110.670253982448,2.46660512601287,1.22299,1.06,-5.657577319,7.08958896788783,0.0481500000000006,0.04637,0.019155,0.0547943805,1.64848484848485e-07,0.121212121212121,0.418181818181818,0.0827679937558025,0.0325421760411363,0.0460949380699723,2.346,0.524525936626376
"GRB051109B",-0.259637311,21.36742302,1.97,3.65548,2.12549,-11.57511836,1.15533603746506,0.0674115332633107,456.566766515626,3.8809,13.3625340304,4.5177077401,133.983365048009,1.33480135946547,1.251,1.06,-6.591760035,3.7781688614362,0.0922000000000001,0.126645,0.12217,0.00999999999999998,2.48484848484848e-08,0.145454545454545,0.0787878787878788,0.114743908267163,0.0421545307074316,0.0622129837043244,0.08,0.0334237554869497
"GRB060223A",0.130333768,22.49782636,1.74,2.78682,2.01015,-10.9636,1.05307844348342,0.0169868910810778,506.152190924711,3.0276,7.7663657124,4.0407030225,120.20052496,1.10897420812946,1.1892,0.81,-6.171984936,1.09553641512797,0.1982,0.23477,0.18005,0.045,2.90909090909091e-08,0.0727272727272727,0.109090909090909,0.0421049044083316,0.018772691379267,0.035094503628142,4.41,0.733197265106569
"GRB060502A",0.227886705,21.45692297,1.46,3.3865,2.02719,-10.55284197,1.45331834004704,0.051932350315757,460.399543340514,2.1316,11.46838225,4.1094992961,111.362473643793,2.11213419751708,0.897152,0.87,-5.63638802,9.82783800045578,0.0567500000000001,0.075085,0.0205255,0.015,6.18181818181818e-08,0.0484848484848485,0.127272727272727,0.150287880726656,0.0116222057308489,0.0327064160367775,1.5026,0.398391440229475
"GRB060510B",-0.244125144,22.00215742,1.78,4.43617,2.1317,-12.2656,2.43964842956347,0.0595970859330207,484.094931134461,3.1684,19.6796042689,4.54414489,150.44494336,5.95188445987152,1.00735,1.38,-5.390405591,21.2895454410942,0.2206,0.31628,0.2313695,0.03,1.06666666666667e-07,0.0484848484848485,0.0666666666666667,0.0335971370177898,0.0113820011696242,0.0507946762076893,4.9,0.770852011642144
"GRB060607A",0.146128036,21.79614607,1.47,4.37412,1.61002,-11.02273379,2.00945089579869,0.0213534029052173,475.071983504776,2.1609,19.1329257744,2.5921644004,121.500660205208,4.03789290262617,1.14649063,0.564,-5.59345982,31.0697613299411,0.0760999999999994,0.02584,0.163115,0.0120771535,6.78787878787879e-08,0.0484848484848485,0.0787878787878788,0.132029607628615,0.0115605423699981,0.0244408149807765,3.0749,0.610116955411928
"GRB060904B",0.387389826,21.59122827,1.64,3.87074,2.18877,-11.11633856,2.23426412437879,0.15007087728831,466.181138207247,2.6896,14.9826281476,4.7907141129,123.572982980543,4.99193617748612,1.36265,1.58,-5.790484985,11.3430592104484,0.0866499999999997,0.081295,0.04215,0.136141492,8.66666666666667e-08,0.0848484848484849,0.127272727272727,0.0287243616501434,0.0232338611473106,0.0226532144239483,0.703,0.231214647962601
"GRB060912A",0.933487288,21.36738202,1.74,2.455171016,1.8948,-10.1079054,0.698970004336019,0.871398516857595,456.565014388619,3.0276,6.02786471780647,3.59026704,102.169751575349,0.488559066961494,1.045731532,0.63,-5.869666232,0.579999999547827,0.147419953,0.156564864,0.0289377854999999,0.0785,3.75757575757576e-08,0.0545454545454545,0.266666666666667,0.0503781598615019,0.0120881068052489,0.0134978859907368,0.937,0.287129620719111
"GRB061110A",-0.27572413,21.12149747,1.67,2.24983,1.82722,-8.33235,1.60959440922522,0.0760237958642569,446.117655375216,2.7889,5.0617350289,3.3387329284,69.4280565225,2.59079416220909,1.33346,1.98,-5.974694135,4.02450144817196,0.2103,0.03335,0.11946,0.0015,4.60606060606061e-08,0.0727272727272727,0.0727272727272727,0.0429439501560867,0.0188715726956945,0.0595944400005545,0.7578,0.244969460136198
"GRB061222A",0.930949031,22.56660835,1.35,3.92091,1.92748,-9.954677021,1.85369821177617,0.866666098319839,509.25181242229,1.8225,15.3735352281,3.7151791504,99.0955945924254,3.43619706034219,1.35061,0.86,-5.097453221,16,0.02311,0.024435,0.018075,0.005,9.57575757575758e-08,0.0242424242424242,0.157575757575758,0.0973208923032497,0.00520487944706068,0.00802277632160302,2.088,0.489677291663699
"GRB070714B",0.431363764,21.64321572,1.36,3.22974,2.07429,-10.74232143,1.80617997398389,0.186074696892248,468.428786702455,1.8496,10.4312204676,4.3026790041,115.397469705437,3.26228609842043,1.64623,0.93,-6.142667504,8.40879728265565,0.0993500000000003,0.0946,0.108425,0.00499999999999999,5.45454545454545e-08,0.115151515151515,0.121212121212121,0.0570608478015689,0.0329010971465546,0.0194969464449939,0.923,0.28397928423848
"GRB070721B",0.176091259,21.89473409,1.34,3.94739,1.52512,-10.50863831,2.53147891704225,0.0310081314962051,479.379380871808,1.7956,15.5818878121,2.3259910144,110.4314791304,6.40838550742943,2.5054,0.52,-5.443697499,21.3202068350191,0.3648,0.10084,0.0914400000000002,0,1.21212121212121e-07,0.0666666666666667,0.181818181818182,0.02723308288672,0.0146227098205568,0.0526417553889616,3.626,0.665205628434601
"GRB070810A",0.278753601,21.93100401,2.04,3.36583,2.17076,-10.77728353,1.04139268515823,0.0777035700704672,480.968936886636,4.1616,11.3288115889,4.7121989776,116.149840286009,1.08449872470106,1.36994,1.02,-6.161150909,4.9906412396737,0.06175,0.07187,0.077915,0.01,3.63636363636364e-08,0.0848484848484849,0.121212121212121,0.197037086504463,0.0228877197175498,0.0277061870402603,2.17,0.501059262217751
"GRB080319B",1.394451681,20.8771334,1.04,5.36799912,1.81426,-12.15181088,1.69897000433602,1.94449549064373,435.854699001396,1.0816,28.8154145523208,3.2915393476,147.666507663286,2.88649907563353,1.42250979,0.73,-4.091514981,0.179108908319785,0.0977794549999995,0.087626454,0.075139905,0,6.06060606060606e-07,0.0121212121212121,0.303030303030303,0.00155572021085996,0.0032494910720681,0.00530662856463182,0.937,0.287129620719111
"GRB080319C",0.716003344,21.75037415,1.37,3.19029,1.61029,-8.91721463,1.53147891704226,0.512660788619182,473.078775664988,1.8769,10.1779502841,2.5930338841,79.516716757486,2.34542767334492,1.45203,1.94,-5.443697499,8.88502944558435,0.0500400000000001,0.04713,0.02854,0.199995173,6.06060606060606e-08,0.0424242424242424,0.181818181818182,0.11349174293427,0.00731135491027843,0.0151851217320997,1.95,0.469822015978163
"GRB080905B",-0.301029996,22.33533151,1.78,3.67820615,1.86248,-10.11125904,2.10720996964787,0.09061905849176,498.867033661599,3.1684,13.5292004818978,3.4688317504,102.237559373982,4.44033385618337,1.36946226,0.375,-5.744727495,28.0583333245587,0.0323645699999995,0.038825489,0.0333017515,0.00558525,1.21212121212121e-07,0.0909090909090909,0.0606060606060606,0.0951998385488904,0.0292454196637412,0.0526417554229419,2.374,0.528145078253106
"GRB080916A",0.431363764,21.7431239,1.17,3.60698,1.88453,-10.75269955,1.77815125038364,0.186074696892248,472.763436930751,1.3689,13.0103047204,3.5514533209,115.62054761257,3.16182186924092,0.998947,0.83,-5.397940009,6.3258975691903,0.0591999999999997,0.073495,0.0260505,0.01,6.06060606060606e-08,0.127272727272727,0.121212121212121,0.045788373456409,0.00658021942774567,0.0194969464449939,0.6887,0.227552503379865
"GRB081028A",-0.301029996,20.90308999,1.25,4.75426,2.51,-11.3994,2.41497334797082,0.09061905849176,436.939171130038,1.5625,22.6029881476,6.3001,129.94632036,5.83209627140938,2.20023,0.945,-5.431798276,32.5884964277169,0.0572000000000008,0.03025,0.0547150000000001,5e-04,1.21212121212121e-07,0.23030303030303,0.0606060606060606,0.0544346314310819,0.0142275014568467,0.0526417554229419,3.038,0.60616631460762
"GRB081203A",0.462397998,21.66176916,1.54,4.02089,2.03508,-10.9243983,2.46834733041216,0.213811908554408,469.232243141127,2.3716,16.1675563921,4.1415506064,119.342478217043,6.09273854355282,1.86904,0.82,-5.113509275,82.9698740507662,0.0569499999999996,0.03932,0.064395,0.0325,1.81818181818182e-07,0.0363636363636364,0.121212121212121,0.122562443756652,0.0102548874161921,0.0181523294379188,2.1,0.491361693834273
"GRB090418A",0.278753601,22.02365981,1.48,3.52813657,2.03408,-10.04720756,1.7481880270062,0.0777035700704672,485.041591426609,2.1904,12.4477476565714,4.1374814464,100.946379753721,3.05616137776783,1.52909667,0.98,-5.337242168,4.12921107301137,0.028659405,0.030759021,0.0421545135,0.00353133200000001,1.21212121212121e-07,0.0424242424242424,0.181818181818182,0.0320230997075472,0.0114438598573077,0.0415592805603905,1.608,0.416307587059883
"GRB090516A",0.204119983,21.19589965,1.84,4.33113504,2.09,-11.27490548,2.32221929473392,0.0416649674599203,449.26616197287,3.3856,18.7587307347158,4.3681,127.123493582934,5.3927024528345,1.76098314,0.502,-5.045757491,64,0.0377960499999999,0.029715315,0.0533515885,0.4790870845,3.63636363636364e-07,0.0666666666666667,0.121212121212121,0.13235641353242,0.0175472518118213,0.0329010970878163,4.109,0.708335902682263
"GRB091109A",0.113943352,21.89596701,1.31,3.37933883,1.96352,-11.14630179,1.68124123737559,0.0129830874649959,479.433371303008,1.7161,11.4199309279458,3.8554107904,124.240043593757,2.8265720982522,1.06152816,0.89,-5.795880017,16.7081067781536,0.0594103399999995,0.074268877,0.0337195714999999,0.03,1.21212121212121e-07,0.151515151515152,0.242424242424242,0.151171637016717,0.0329010970878164,0.0809873160298532,3.076,0.610234175334389
"GRB091208B",1.181843588,21.91211094,1.74,3.31388094,2.03333,-10.18045606,1.17318626841227,1.39675426649671,480.140605846868,3.0276,10.9818068844953,4.1344308889,103.641685589591,1.37636602039112,1.1606541,0.86,-5.48148606,2.89772326829494,0.036806415,0.052928177,0.030502454,0.034663611,1.21212121212121e-07,0.0666666666666667,0.606060606060606,0.084460753389473,0.0159520470810336,0.0173163668998415,1.063,0.314499227973151
"GRB100219A",-0.397940009,20.4247395876785,1.34,4.7218991,1.58721,-12.13548892,1.27415784926368,0.15835625076292,417.169987224481,1.7956,22.2963311105808,2.5192355841,147.270091327443,1.62347822484025,1.81152426,0.46,-6.431798276,6.64771150189809,0.326395625,0.103773463,0.7308534025,0.005,3.63636363636364e-08,0.151515151515152,0.0606060606060606,0.153567256519102,0.0426825043705403,0.0658021942774567,4.6667,0.753330221324521
"GRB100316B",0.113943352,21.41315218,2.23,3.5543767,2.23535,-11.1481304,0.57978359661681,0.0129830874649959,458.523086283839,4.9729,12.6335937255029,4.9967896225,124.280811415404,0.336149018905924,1.36246063,1.08,-6.698970004,0.445223531811273,0.10431242,0.207348761,0.13322096,0.02,1.21212121212121e-08,0.109090909090909,0.0606060606060606,0.0508837165997665,0.0263208776707414,0.0202468290074633,1.18,0.338456493604605
"GRB100418A",0,20.4247395876785,2.16,5.54363,2.26662,-12.48811664,0.845098040014257,0,417.169987224481,4.6656,30.7318335769,5.1375662244,155.953057214245,0.714190697235938,1.81145,0.84,-6.468521083,0.963279857831632,0.10745,0.075475,0.16786,0.01,3.03030303030303e-08,0.151515151515152,0.121212121212121,0.0597638752549752,0.0387071730789222,0.0526417553822122,0.6235,0.21045229296202
"GRB100425A",0.146128036,20.53466438,2.42,3.60199415,2.17077,-11.50168945,1.56820172406699,0.0213534029052173,421.672441199241,5.8564,12.9743618566342,4.7122423929,132.288860204241,2.4592566473667,0.86819371,1.46,-6.327902142,3.77353995290746,0.0708590650000005,0.115125536,0.0550768945,0.035,5.45454545454545e-08,0.193939393939394,0.121212121212121,0.0442926372645721,0.0504016806776366,0.0376012538165791,1.755,0.440121603187804
"GRB100513A",-0.22184875,22.05240534,1.62,3.74522911,2.25722,-11.57186521,1.92427928606188,0.0492168678765625,486.308581279661,2.6244,14.0267410863914,5.0950421284,133.908064438408,3.70285077076682,0.96306136,1.36,-5.853871964,14.8708607591715,0.0981768900000004,0.128616618,0.0615694365,0.025,6.06060606060606e-08,0.0848484848484849,0.0606060606060606,0.0768849139149974,0.0188006269082896,0.0438681295239288,4.772,0.761326322421457
"GRB100621A",1.10720997,22.28454803,1.9,3.64164386,2.3024,-9.804100348,1.80345711564841,1.2259139176674,496.601080901377,3.61,13.2615700030757,5.30104576,96.1203836336537,3.2524575679829,0.94079321,0.27,-4.677780705,1.68360084354133,0.0412824764999993,0.060455075,0.024177265,0.1506797915,0,0.0181818181818182,0.181818181818182,0.0114965181773217,0,0.00616895570385114,0.542,0.188084373714938
"GRB100704A",0.633468456,21.52730245,1.73,3.62503495,2.11575,-10.35163999,2.29556709996248,0.401282284747024,463.424750773776,2.9929,13.1408783887215,4.4763980625,107.156450482567,5.26962831043015,1.01294211,1.29,-5.22184875,23.2593145938513,0.0476344600000003,0.053639373,0.0181399595,0.01,1.21212121212121e-07,0.0363636363636364,0.121212121212121,0.051146288511197,0.00877362590478576,0.0122422686816868,3.6,0.662757831681574
"GRB100728A",0.707570176,21.52592288,1.18,4.03148606,1.90402,-10.17587417,2.29776051109913,0.500655553964671,463.365355835707,1.3924,16.2528798519743,3.6252921604,103.548415123673,5.27970336636655,1.5588143,0.96,-4.420216403,12.646583703569,0.0760750999999997,0.053762484,0.034265796,0.005,0,0.0121212121212121,0.121212121212121,0.0276692267878469,0,0.0103219128223693,1.567,0.409425868671443
"GRB100814A",0.397940009,20.89608288,1.47,5.22729477,1.89414,-11.49349497,2.2417954312952,0.15835625076292,436.646279727829,2.1609,27.3246106124694,3.5877663396,132.100426625415,5.02564675577603,1.76532941,1.1425,-5.045757491,9.46817490453253,0.0436263599999993,0.035347138,0.0840151685,0.01745135,1.21212121212121e-07,0.0242424242424242,0.121212121212121,0.0235643330357211,0.00584908393727375,0.0210567021369837,1.44,0.387389826338729
"GRB100816A",1.037426498,21.34783526,0.73,3.97801299,1.91138,-11.5559552,0.462397997898956,1.07625373875254,455.730070288099,0.5329,15.8245873486087,3.6533735044,133.540100584407,0.213811908460963,1.04455013,1.09,-5.698970004,0.621173085986678,0.0867492200000006,0.112014005,0.0471751539999999,0.015,6.06060606060606e-08,0.145454545454545,0.242424242424242,0.0930248426037339,0.0131604388353707,0.00965903768348901,0.804,0.256236533205923
"GRB100901A",-0.096910013,21.53188109,1.52,4.91124,1.98285,-11.34103516,2.64246452024212,0.00939155061966017,463.6219032739,2.3104,24.1202783376,3.9316941225,128.619078500356,6.98261874073842,1.50754,1.075,-5.677780705,22.5629902448915,0.0282999999999998,0.02425,0.036255,5e-04,1.81818181818182e-07,0.127272727272727,0.121212121212121,0.022321143869233,0.0376012538214001,0.0658021942265446,1.408,0.381656482585787
"GRB100906A",1.004321374,21.96198081,1.78,3.94074768,2.02817,-10.4698003,2.05842602445701,1.00866142227325,482.328601098808,3.1684,15.5294922774254,4.1134735489,109.61671832188,4.23711769816187,1.71220056,0.87,-4.920818754,1.59114548550629,0.0487430849999999,0.039933316,0.0593400839999999,0,0,0.0181818181818182,0.242424242424242,0.0060404344778029,0,0.0104241099714586,1.727,0.43568513794163
"GRB101219B",-0.22184875,20.49692965,1.56,4.42003952,1.85684,-11.99567863,1.53147891704226,0.0492168678765625,420.124125077049,2.4336,19.5367493583618,3.4478547856,143.896305794239,2.34542767334492,0.66918137,0.94,-5.677780705,5.42062428630735,0.0894462749999994,0.166829365,0.0393906275,0.105,2.42424242424242e-07,0.096969696969697,0.181818181818182,0.0692396240004128,0.0501350050952,0.131604388571787,0.55,0.190331698170291
"GRB110106B",0.322219295,21.29748256,1.76,3.87203946,2.05121,-10.81530857,1.39445168082622,0.103825274070297,453.582763393504,3.0976,14.9926895797971,4.2074624641,116.970899464315,1.94449549015906,1.22519883,1.03,-5.698970004,16.6266176856008,0.0455435550000001,0.058714404,0.049891228,0.005,6.06060606060606e-08,0.0666666666666667,0.181818181818182,0.291163238450461,0.0131604388353707,0.0376012538214001,0.618,0.208978517276253
"GRB110213A",0.204119983,21.56708403,1.83,3.84089,1.96436,-9.896196279,1.68124123737559,0.0416649674599203,465.139113557081,3.3489,14.7524359921,3.8587102096,97.9347007924934,2.8265720982522,1.8412,1.1905,-5.229147988,16,0.0358799999999997,0.023515,0.02785,0.2263626645,2.42424242424242e-07,0.0727272727272727,0.363636363636364,0.144764827301084,0.017844662826724,0.0987032912634493,1.46,0.390935107103379
"GRB110422A",1.487138375,22.02088312,0.86,3.50066971,1.89199,-9.681936665,1.41329976408125,2.21158054639764,484.919293384701,0.7396,12.2546884185115,3.5796261601,93.7398975850713,1.99741622315212,1.42239886,0.778,-4.387216143,0.566646277192499,0.0241374065000004,0.029472713,0.0227797160000001,0.005,6.06060606060606e-07,0.0606060606060606,0.606060606060606,0.00950159657821323,0.00641972626198059,0.00857357580456891,1.77,0.442479769064449
"GRB110503A",0.130333768,21.13638759,0.88,2.54166555,1.90907,-9.08249449,1,0.0169868910810778,446.746880354706,0.7744,6.4600637680568,3.6445482649,82.4917061608804,1,1.14649063,0.687,-5,3.40544507260987,0.0289980710000002,0.028887961,0.00628991400000001,0.001,2.42424242424242e-07,0.151515151515152,0.0363636363636364,0.147896600345909,0.0105283510764424,0.0116981678760474,1.613,0.417139409727326
"GRB110715A",1.731588765,22.0746007,1.25,2.61109719,1.85342,-9.075720714,1.11394335230684,2.99839965107422,487.287996064441,1.5625,6.8178285356259,3.4351656964,82.3687064785287,1.24086979214859,0.95853538,0.755,-4.928117993,4,0.0237765295000001,0.035600881,0.00955407599999997,0.0015,1.21212121212121e-07,0.0727272727272727,0.666666666666667,0.133629071354847,0.00446116571350155,0.00537160769437218,0.82,0.260071387985075
"GRB110731A",1.041392685,21.95954126,1.15,5.08952072,1.85145,-12.08512818,1.58883172559421,1.08449872437151,482.221452349642,1.3225,25.9032211593093,3.4278671025,146.05032312703,2.52438625225467,1.42351927,0.39,-5.22184875,11.6624637198907,0.0974184950000003,0.090702815,0.110855301,0.13,6.06060606060606e-08,0.0303030303030303,0.181818181818182,0.130539784508902,0.00438681295239289,0.0071784211910988,2.83,0.583198773968623
"GRB110808A",-0.397940009,22.16619025,2.32,4.50711,2.33721,-12.08440021,1.68124123737559,0.15835625076292,491.339990199195,5.3824,20.3140405521,5.4625505841,146.032728435448,2.8265720982522,0.807091,1.4,-6.48148606,22.6274169979695,0.0837000000000003,0.155655,0.0776,0.025,4.84848484848485e-08,0.260606060606061,0.121212121212121,0.204728382123792,0.0638081883241343,0.131604388554913,1.348,0.370698092575577
"GRB110818A",0.204119983,22.06812647,1.58,3.84627415,1.95985,-11.28316228,2.01283722470517,0.0416649674599203,487.002205895915,2.4964,14.7938248369582,3.8410120225,127.309751036815,4.05151369315882,1.37167718,0.83,-5.397940009,18.0548005975559,0.0551490499999998,0.059648416,0.0673381894999999,0.01,1.21212121212121e-07,0.0666666666666667,0.181818181818182,0.0761271871007967,0.0131604388554913,0.0493516456317247,3.36,0.639486489268586
"GRB111008A",0.806179974,22.17059025,1.86,3.98993393,1.94053,-10.66756154,1.80250006776439,0.649926150478641,491.535072033395,3.4596,15.9195727657652,3.7656566809,113.796869209687,3.24900649429064,1.21584288,0.829,-5.27572413,2.36485690984517,0.0285110849999999,0.035676696,0.0273512905000001,0.001,1.81818181818182e-07,0.0545454545454545,0.424242424242424,0.0161841208073831,0.0148986100001386,0.0287884599735793,4.9898,0.777412321496744
"GRB111123A",-0.045757491,21.35034301,1.68,4.42202873,2.55463,-11.60730305,2.46239799789896,0.00209374798261508,455.837146644656,2.8224,19.5543380889454,6.5261344369,134.729484094539,6.06340390005679,1.46723371,1.25,-5.13667714,88.090862182181,0.0730882700000004,0.070655771,0.1058841465,0.00499999999999999,1.81818181818182e-07,0.0424242424242424,0.0606060606060606,0.131921983971797,0.0108167990541397,0.0292454196863688,3.1516,0.618215503279417
"GRB111209A",-0.301029996,21.14009932,1.48,4.13326,1.81212,-9.057000407,3.14612803567824,0.09061905849176,446.903799259465,2.1904,17.0838382276,3.2837788944,82.0292563723982,9.89812161688061,2.77382,0.2529,-4.443697499,29.551808977086,0.0209899999999994,0.010455,0.0443499999999999,4.99999999999997e-05,6.06060606060606e-07,0.0181818181818182,0.0606060606060606,0.0091672768350053,0.00731135491027843,0.0526417554229419,0.677,0.224533062606086
"GRB111228A",1.093421685,21.41342718,2.27,4.10627835,2.03824,-10.65757732,2.00518051250378,1.19557098122824,458.534863593163,5.1529,16.8615218876787,4.1544222976,113.583954331778,4.02074888772492,1.15297662,0.99,-5.070581074,5.41590248878418,0.030118345,0.037264425,0.0232992715,0,1.21212121212121e-07,0.0363636363636364,0.303030303030303,0.0232420609229749,0.00619314768795071,0.0106132571374752,0.714,0.234010817587179
"GRB120118B",0.342422681,21.451745,2.08,3.68307,2.20884,-10.95467702,1.36660971039243,0.117253292463228,460.177363545025,4.3264,13.5650046249,4.8789741456,120.004948612516,1.86762210053888,1.0241,1.01,-5.744727495,19.6469605838771,0.1172,0.131765,0.077156,0.005,6.06060606060606e-08,0.0666666666666667,0.181818181818182,0.366834332233384,0.0146227098318706,0.0358921059277238,2.943,0.595826777073223
"GRB120327A",0.591064607,22.16619025,1.52,3.48517215,1.75797,-10.15181088,1.79865064544527,0.349357369648064,491.339990199195,2.3104,12.1464249151356,3.0904585209,103.059264143286,3.23514414436068,1.44859414,0.63,-5.443697499,7.52171254966162,0.0436249200000001,0.051679097,0.058002882,0.02,6.06060606060606e-08,0.0363636363636364,0.121212121212121,0.0519338355291014,0.00731135491027843,0.0134978859962626,2.813,0.581266805273671
"GRB120404A",0.079181246,21.70983536,1.85,3.79948,1.89579,-11.02687215,1.58771096501891,0.00626966971811252,471.316951358306,3.4225,14.4360482704,3.5940197241,121.591909412446,2.52082610844128,1.90651,0.69,-5.795880017,16,0.11705,0.068285,0.121385,0.005,6.06060606060606e-08,0.0787878787878788,0.121212121212121,0.179553274171887,0.0164505485439082,0.0438681294899875,2.876,0.588383768378728
"GRB120422A",-0.22184875,20.920544366897,1.19,5.23266697,2.32199,-12.73992861,0.728353782021228,0.0492168678765625,437.669176607306,1.4161,27.380803618929,5.3916375601,162.305780987897,0.530499231784627,0.86153199,1.1,-6.638272164,2.23606797749979,0.11830242,0.217818621,0.2144519325,0.035,2.42424242424242e-08,0.145454545454545,0.121212121212121,0.181516258652098,0.0457754394646476,0.0877362590478575,0.283,0.108226656374928
"GRB120729A",0.462397998,21.34792103,1.62,3.52138487,1.8831,-10.29756946,1.85430604180108,0.213811908554408,455.733732303116,2.6244,12.4001514026649,3.54606561,106.039936783525,3.43845089665999,2.26312734,0.645,-5.619788758,36.7435331717259,0.0690683199999995,0.047294772,0.130088482,0.013331067,6.06060606060606e-08,0.0484848484848485,0.121212121212121,0.223182009819715,0.0109670323640116,0.0181523294379188,0.8,0.255272505103306
"GRB120802A",0.477121255,22.12127744,1.21,3.53838419,2.03526,-11.17198494,1.69897000433602,0.227644691972775,489.350915577453,1.4641,12.520162676042,4.1422832676,124.813247499587,2.88649907563353,0.54215516,0.91,-5.721246399,31.0246002714191,0.0780322099999999,0.220557212,0.11816229,0.055,1.81818181818182e-07,0.284848484848485,0.121212121212121,0.269476254022629,0.0415592805603905,0.017547251782744,3.796,0.680879174426811
"GRB120811C",0.612783857,21.91722026,1.4,3.15909591,1.92121,-10.14327111,1.42813479402879,0.375504055399796,480.364543925354,1.96,9.97988696857873,3.6910478641,102.885948810961,2.03956898991565,1.01613299,0.65,-5.522878745,3.69357928575403,0.0529468600000005,0.084200302,0.03800099,0.090734018,1.81818181818182e-07,0.181818181818182,0.121212121212121,0.0598545187416093,0.026320877674116,0.0128394525239612,2.671,0.564784384503987
"GRB120907A",0.462397998,21.0438101,1.73,3.2113827,1.82021,-10.37675071,1.22788670461367,0.213811908554408,442.841943524862,2.9929,10.3129788458593,3.3131644441,107.676955297485,1.50770575936703,1.05329104,0.78,-6.173925197,1.37043061304617,0.0413034100000003,0.062296694,0.0286472705,0.005,6.66666666666667e-08,0.151515151515152,0.242424242424242,0.0352171865726179,0.0432133812541372,0.0363046588758376,0.97,0.294466226161593
"GRB120922A",0.301029996,21.0163605,1.58,3.59799,2.06954,-10.59516628,2.2380461031288,0.09061905849176,441.68740866596,2.4964,12.9455320401,4.2829958116,112.257548500849,5.00885035972999,1.06622,1.17,-5.207608311,30.2400963128712,0.16365,0.133375,0.0356299999999999,0.00499999999999999,4.24242424242424e-07,0.218181818181818,0.121212121212121,0.0759139130688025,0.0297171200079232,0.0263208776707413,3.1,0.612783856719735
"GRB121024A",0.113943352,21.94617755,1.41,4.17178823,2.00683,-11.31158018,1.83884909073726,0.0129830874649959,481.634709056124,1.9881,17.4038170359665,4.0273666489,127.951846168569,3.38136597850523,1.30353551,0.87,-5.958607315,32.0624390837628,0.0633058950000001,0.065435085,0.06666149,0,6.06060606060606e-08,0.133333333333333,0.121212121212121,0.201804932904889,0.023928070636996,0.0404936580149266,2.298,0.5182506513085
"GRB121027A",0.113943352,22.07736427,1.82,5.40919042,2.37144,-11.92081875,1.79657433321043,0.0129830874649959,487.410013110273,3.3124,29.2593409998198,5.6237276736,142.105919670352,3.2276793347505,1.50995764,1.16,-5.698970004,4.82005846681452,0.0415841549999998,0.037953731,0.0589396935000001,0,6.06060606060606e-08,0.0545454545454545,0.121212121212121,0.0334396932042907,0.0131604388353707,0.0404936580149266,1.773,0.442949869577862
"GRB121128A",1.11058971,22.04029767,1.32,3.23392922,1.98504,-9.617982957,1.36735592102602,1.23340950395788,485.774721382207,1.7424,10.4582981999698,3.9403838016,92.5055961611425,1.86966221476491,1.54546584,0.9455,-5.161150909,1.630612160051,0.0286900235000003,0.029795568,0.0324450009999999,0.0103377205,2.42424242424242e-07,0.109090909090909,0.242424242424242,0.0303933846881756,0.0152584798116998,0.00816151246798215,2.2,0.505149978319906
"GRB121211A",0,21.66138196,2.36,4.20933518,2.0682,-11.2823295,2.26007138798507,0,469.215468417013,5.5696,17.7185026575856,4.27745124,127.29095894657,5.10792267878878,1.15615612,0.95,-5.886056648,39.28730733208,0.0542507750000008,0.063247159,0.0746028285,0.00499999999999999,1.61818181818182e-07,0.157575757575758,0.181818181818182,0.0937486856217556,0.0540590334499272,0.0789626330733186,1.023,0.305995882770805
"GRB121229A",-1,22.04094236,2.43,4.70907,2.18362,-12.35951856,2,1,485.803140116842,5.9049,22.1753402649,4.7681963044,152.757699034984,4,0.900754,0.99,-6.337242168,39.5546314794679,0.2624,0.38724,0.4243565,0.12,7.87878787878788e-08,0.278787878787879,0,0.171783581852496,0.0743850890724999,0,2.707,0.569022586029564
"GRB130408A",0.69019608,20.06405721,1.28,3.58393,2.03183,-10.32975415,1.44715803134222,0.476370628847366,402.566391726153,1.6384,12.8445542449,4.1283331489,106.703820799442,2.09426636767829,1.39277,0.945,-5.638272164,13.0660353517987,0.077,0.070305,0.0643,0.117120218,2.42424242424242e-07,0.157575757575758,0.606060606060606,0.202660966201392,0.0457754394646476,0.0537160769241516,3.757,0.677333151419902
"GRB130418A",-0.22184875,21.12149747,2.07,2.59006,1.68684,-9.247183569,2.47712125471966,0.0492168678765625,446.117655375216,4.2849,6.7084108036,2.8454291856,85.5104039587836,6.13612971058392,1.28449,0.198,-5.744727495,46.0880984824801,0.0604700000000005,0.06867,0.031625,0.003,1.21212121212121e-07,0.103030303030303,0.121212121212121,0.0667193561745158,0.0292454196637412,0.0877362590478575,1.218,0.345961541813141
"GRB130420A",0.531478917,20.79265849,1.52,3.56731,2.29559,-10.8728952,2.09166695759568,0.282469839215493,432.334647081769,2.3104,12.7257006361,5.2697334481,118.219850030183,4.37507066149759,0.914676,1.17,-5.148741651,11.7367307263019,0.0550499999999996,0.08535,0.0286905,0.00499999999999999,1.81818181818182e-07,0.151515151515152,0.121212121212121,0.0412728533604636,0.0111214976087664,0.0154828692315688,1.297,0.361160995195026
"GRB130505A",1.477121255,20.71960885,1.18,3.24559,1.92439,-8.91721463,1.94448267215017,2.18188720197277,429.302190896998,1.3924,10.5338544481,3.7032768721,79.516716757486,3.78101286229226,1.3304,0.724,-4.677780705,116.258229523501,0.0149749999999997,0.024355,0.0156499999999999,0,6.06060606060606e-07,0.0424242424242424,1.87878787878788,0.573753494976116,0.0125337512738,0.0271982402632532,2.27,0.514547752660286
"GRB130511A",0.113943352,21.01365445,1.35,2.65954,2.06879,-10.51570016,0.734799829588847,0.0129830874649959,441.573673344005,1.8225,7.0731530116,4.2798920641,110.579949855024,0.539930789563798,1.16497,0.65,-6.657577319,2.21218447342499,0.0838000000000001,0.089385,0.04916,0.01,2.42424242424242e-08,0.187878787878788,0.121212121212121,0.176931769753319,0.0478561412369649,0.0404936580149266,1.3033,0.362350507594848
"GRB130514A",0.447158031,21.19799139,1.8,3.68772,2.0604,-10.7212464,2.3096301674259,0.199950304687797,449.354838970514,3.24,13.5992787984,4.24524816,114.945124369513,5.33439151028379,1.17745,0.65,-5.040958608,12.8126975867004,0.0780000000000003,0.078365,0.04188,0.08,1.21212121212121e-07,0.0303030303030303,0.181818181818182,0.0272768816676426,0.00578480828803656,0.0282009404055501,3.6,0.662757831681574
"GRB130604A",-0.096910013,21.35024026,1.51,2.071571247,2.08823,-8.316052869,1.57634135020579,0.00939155061966017,455.832759159725,2.2801,4.29140743139714,4.3607045329,69.1567353200031,2.48485205236862,1.742079764,0.98,-5.853871964,4.55927186783047,0.166441725,0.100184013,0.041653571,0.015,6.06060606060606e-08,0.0727272727272727,0.121212121212121,0.0525216608407296,0.0188006269082896,0.0658021942265446,1.06,0.313867220369153
"GRB130606A",0.414973348,20.24962877,1.52,3.30222,1.86465,-10.18045606,2.44182077228928,0.172202879550329,410.047465322812,2.3104,10.9046569284,3.4769196225,103.641685589591,5.96248868398343,1.37571,0.44,-5.537602002,19.3109676637375,0.0681500000000002,0.07782,0.05186,0.045,1.21212121212121e-07,0.0727272727272727,0.121212121212121,0.0303226795016752,0.0181523294379188,0.0202468289917981,5.913,0.839666556882433
"GRB130831A",1.133538908,21.79728278,1.93,3.31959,1.79449,-9.89279003,1.51188336097887,1.28491045594983,475.121536591284,3.7249,11.0196777681,3.2201943601,97.8672945776674,2.28579129720478,1.28481,1.01,-5.187086643,1.86433148597529,0.0548150000000005,0.089045,0.0672699999999999,0.009011148,1.21212121212121e-08,0.0303030303030303,0.363636363636364,0.0249128885168479,0.000809873159060338,0.0116121519324457,0.4791,0.16999753706657
"GRB130925A",0.86332286,21.99154725,1.85,5.84588,2.69002,-10.62525165,2.25285303097989,0.74532636059858,483.628150448983,3.4225,34.1743129744,7.2362076004,112.895972625828,5.07534677919529,1.38344,1.5915,-4.387216143,3.54089256630188,0.0623499999999995,0.06424,0.12684,0.206936072,6.06060606060606e-07,0.0848484848484849,0.363636363636364,0.00859100615953715,0.00641972626198059,0.0216335981082794,0.347,0.129367595722986
"GRB131030A",1.44870632,20.84178667,1.3,2.84594,2.09466,-9.294136288,1.61384182187607,2.09875000160794,434.38007159779,1.69,8.0993744836,4.3876005156,86.3809693399184,2.60448542603627,1.11188,0.693,-4.537602002,4.04266247219712,0.0251749999999999,0.027575,0.00814999999999999,0.0075,0,0.0181818181818182,0.424242424242424,0.0427179076368021,0,0.00655680227037274,1.295,0.36078268987328
"GRB131105A",0.544068044,21.32749584,1.45,3.9488,2.24976,-10.91009489,2.05037975626146,0.296010036501986,454.862078805217,2.1025,15.59302144,5.0614200576,119.030170508804,4.2040571448868,1.19347,0.94,-5.148741651,4.08680221617042,0.0333499999999995,0.047885,0.0454399999999999,0.005,3.03030303030303e-07,0.0666666666666667,0.363636363636364,0.01580476982291,0.018535829347944,0.0451215046497172,1.686,0.429106008332697
"GRB131117A",-0.15490196,22.01669496,2.32,2.87134,2.15896,-10.838632,1.04139268515823,0.0239946172118416,484.734856961689,5.3824,8.2445933956,4.6611082816,117.475943631424,1.08449872470106,0.951056,0.86,-6.602059991,3.16227766016838,0.0823,0.12461,0.0362555000000001,0.025,2.42424242424242e-08,0.854545454545454,0.0606060606060606,0.124850885277914,0.0421134042739674,0.0376012538456717,4.042,0.702602841340427
"GRB140206A",1.28780173,22.00531353,1.04,3.59073,1.88134,-9.730487056,1.97127584873811,1.65843329579099,484.233823553601,1.0816,12.8933419329,3.5394401956,94.6823783469835,3.88592847181814,1.22509,0.672,-4.795880017,13.7528238777123,0.0129950000000001,0.021325,0.0155449999999999,0.0219023355,1.81818181818182e-07,0.0909090909090909,0.303030303030303,0.063811704280745,0.00493516456317247,0.00678373136259728,2.73,0.571708831808688
"GRB140213A",1.371067862,20.99187128,1.8,3.829176603,1.96657,-10.12551818,1.77815125038364,1.87982708220925,440.658659836089,3.24,14.6625934569626,3.8673975649,102.526118413511,3.16182186924092,1.108879519,0.83,-4.920818754,2.62312485984891,0.0630358199999996,0.068643889,0.021746292,0.005,0,0.0242424242424242,0.484848484848485,0.0189868108662604,0,0.0089602987940681,1.2076,0.343920385393226
"GRB140419A",0.69019608,22.04094236,1.21,3.68383,1.87322,-10.00568285,1.97634997900327,0.476370628847366,485.803140116842,1.4641,13.5706034689,3.5089531684,100.113689294784,3.90595923950624,1.36898,0.678,-4.795880017,3.81721576852457,0.0239850000000006,0.02442,0.017885,0.001,0,0.0242424242424242,0.121212121212121,0.0175057628775533,0,0.0107432153848303,3.956,0.695131297704026
"GRB140423A",0.322219295,21.81946365,1.33,3.90552,2.06486,-10.85078089,2.12710479836481,0.103825274070297,476.088993973671,1.7689,15.2530864704,4.2636468196,117.739445922789,4.52457482322659,1.18974,0.77,-5.026872146,23.0119829578041,0.0503499999999999,0.05495,0.045115,0.149849463,1.81818181818182e-07,0.0363636363636364,0.121212121212121,0.0745819195240745,0.00840028010644005,0.0250675025476,3.26,0.629409599102719
"GRB140430A",0.397940009,21.67796993,2,4.14388,2.15785,-11.36251027,2.23954972084047,0.15835625076292,469.934380285984,4,17.1717414544,4.6563166225,129.106639635855,5.01558295211664,0.875171,1.03,-5.958607315,3.69174647045451,0.0861000000000001,0.13071,0.0833725,0.035,1.21212121212121e-07,0.133333333333333,0.121212121212121,0.00923562857548503,0.0478561412739919,0.0210567021369837,1.6,0.414973347970818
"GRB140506A",1.037426498,21.81764402,1.68,3.30686,1.74751,-9.903089987,2.04571405894087,1.07625373875254,476.009590583442,2.8224,10.9353230596,3.0537912001,98.0711912906197,4.18494601094832,0.948932,0.9,-5.552841969,9.55670993835752,0.0551599999999999,0.06882,0.01557,0.047966029,1.81818181818182e-07,0.096969696969697,0.545454545454546,0.0373575732797357,0.0282009404055501,0.0217328347878503,0.889,0.276231957921834
"GRB140509A",0.204119983,20.90144742,1.59,3.58709,1.93407,-11.09770006,1.3654879848909,0.0416649674599203,436.870504251025,2.5281,12.8672146681,3.7406267649,123.158946621724,1.86455743688141,1.40649,0.86,-5.920818754,5.17115694874123,0.0839500000000006,0.088715,0.10418,0.22,1.21212121212121e-07,0.121212121212121,0.242424242424242,0.096801936547154,0.0438681294899875,0.0658021941756327,2.4,0.531478917042255
"GRB140512A",0.832508913,21.32824297,1.45,3.53686,1.84304,-9.504455662,2.18977095634687,0.693071090224441,454.893948187355,2.1025,12.5093786596,3.3967964416,90.3346774309239,4.7950968412603,1.25134,0.871,-4.853871964,4.78706592379787,0.0150399999999999,0.022285,0.0200600000000001,0.002482817,1.81818181818182e-07,0.0242424242424242,0.181818181818182,0.0134302087546028,0.00564018807248688,0.0116121519146922,0.725,0.236789099409293
"GRB140518A",0,22.46148952,0.92,3.77824,1.93772,-11.31158018,1.78175537465247,0,504.51851145707,0.8464,14.2750974976,3.7547587984,127.951846168569,3.17465221510296,1.64981,0.94,-6,2.42918916112475,0.0904500000000006,0.070125,0.18819,0,6.06060606060606e-08,0.36969696969697,0.0606060606060606,0.0174377429450524,0.0263208776911062,0.0263208776911062,4.707,0.756407872548958
"GRB140614A",-0.602059991,22.12570242,1.5,3.70006,1.77015,-10.9589,2.85733249643127,0.36247623276292,489.546707578394,2.25,13.6904440036,3.1334310225,120.09748921,8.16434899516215,1.35595,0.83,-5.886056648,160.05867252182,0.1129,0.098945,0.093145,0.05,2.42424242424242e-07,0.278787878787879,0.303030303030303,0.0965452753569251,0.0809873160298533,0.526417553424593,4.233,0.718750734739665
"GRB140629A",0.62324929,21.74269921,1.86,2.85608,1.95996,-9.847711656,1.6232492903979,0.388439677485504,472.744968936535,3.4596,8.1571929664,3.8414432016,96.9774248597183,2.63493825877729,1.16056,0.815,-5.619788758,11.5414884203924,0.0427850000000003,0.06161,0.03501,0.0016785515,1.21212121212121e-07,0.0666666666666667,0.242424242424242,0.119342969855398,0.0219340647280231,0.0250675025859251,2.275,0.515211304327802
"GRB141004A",0.785329835,21.49730845,1.86,3.30337,1.79496,-10.61083392,0.593286067020457,0.616742949741127,462.134270594441,3.4596,10.9122533569,3.2218814016,112.589796477823,0.351988357320603,1.54959,1.08,-6.173925197,1.07337229135984,0.0852999999999993,0.081935,0.0977399999999999,0.00499999999999999,1.81818181818182e-08,0.0484848484848485,0.181818181818182,0.118918281419752,0.0117854676147647,0.0129446939467666,0.573,0.196728722623287
"GRB141121A",-0.045757491,21.59590717,1.73,5.76634,1.93447,-12.65757732,2.74028371968188,0.00209374798261508,466.383206495257,2.9929,33.2506769956,3.7421741809,160.214263611778,7.50915486435356,2.33322,0.82,-5.27572413,37.8222135391303,0.1675,0.090095,0.2969,0.01,2.42424242424242e-07,0.0787878787878788,0.181818181818182,0.0298708467601577,0.0198648133335181,0.0877362590591065,1.47,0.392696953259666
"GRB141220A",0.949390007,21.48574413,0.62,2.77561,1.80565,-9.872830386,0.857935264719429,0.90134138539146,461.63720081983,0.3844,7.7040108721,3.2603719225,97.4727798307249,0.736052918449197,1.42066,1.1,-5.585026652,0.473776347689343,0.0424549999999995,0.057375,0.050735,0.07,6.06060606060606e-08,0.23030303030303,0.424242424242424,0.0285379269705628,0.0101234144958991,0.020701813897427,1.3195,0.365394376854778
"GRB150120B",0.079181246,21.52664292,2.2,3.39431,2.01678,-10.79048499,1.38560627359831,0.00626966971811252,463.396355405186,4.84,11.5213403761,4.0674015684,116.434566319415,1.919904745435,1.17705,0.92,-6.26760624,3.38828572567676,0.0710999999999995,0.090535,0.057705,0.005,4.84848484848485e-08,0.151515151515152,0.121212121212121,0.0605561232005338,0.0389938928598178,0.0438681294899875,3.5,0.653212513775344
"GRB150314A",1.58546073,22.01715025,1.08,2.49217,1.84772,-8.609064893,1.16996817399689,2.51368572637213,484.754905131075,1.1664,6.2109113089,3.4140691984,74.1159983318851,1.36882552816562,1.19079,0.73,-4.657577319,2.63134115747024,0.0150249999999996,0.015855,0.00992499999999996,0,1.81818181818182e-07,0.0181818181818182,0.545454545454546,0.077266865767021,0.00358921059277238,0.00615293244030819,1.758,0.440594261839831
"GRB150403A",1.245512668,21.79039707,1.23,3.19694,1.70996,-8.821023053,1.61172330800734,1.55130180614848,474.821404468265,1.5129,10.2204253636,2.9239632016,77.8104477015574,2.59765202157413,1.24471,0.679,-4.769551079,12.0135891154935,0.00510500000000036,0.006975,0.00458000000000003,0,1.81818181818182e-07,0.0242424242424242,-0.363636363636364,0.127565659186107,0.00464486077306445,-0.00897302648176451,2.06,0.48572142648158
"GRB150821A",-0.15490196,22.340573,2.1,2.95174,2.21622,-8.853871964,2.23578087032756,0.0239946172118416,499.101201968329,4.41,8.7127690276,4.9116310884,78.3910487549052,4.99871610012266,1.82628,0.848,-6.102372909,99.043754395434,0.0211049999999995,0.015485,0.027365,5e-04,1.15151515151515e-07,0.224242424242424,0.2,0.249936990127356,0.0633033767677802,0.124084137690717,0.755,0.244277120801843
"GRB150910A",0.041392685,20.842422,1.42,3.85419,1.78547,-9.970616222,2.04999285692014,0.00171335437150922,434.406554826084,2.0164,14.8547805561,3.1879031209,99.4131878464096,4.20247071342361,2.03808,0.6645,-5.318758763,38.5494757277456,0.703965,0.02868,0.06663,0.0024587915,2.42424242424242e-07,0.0727272727272727,0.242424242424242,0.149214122895038,0.0219340647615575,0.0957122825479837,1.359,0.372727940885595
"GRB151021A",0.986771734,22.33647975,1.57,3.15765,1.96079,-9.642065153,2.04218159451577,0.973718455021367,498.91832762216,2.4649,9.9707535225,3.8446974241,92.9694204146969,4.17050566497896,1.33346,1.27,-4.552841969,3.64878062317384,0.0628200000000003,0.05208,0.02141,0.04,6.06060606060606e-07,0.0242424242424242,0.484848484848485,0.0143797213277669,0.00940031346851669,0.021707940377107,2.33,0.52244423350632
"GRB151027A",0.832508913,21.65076489,1.72,3.99907,2.00612,-9.935542011,2.11290649025331,0.693071090224441,468.755620322057,2.9584,15.9925608649,4.0245174544,98.7149950523459,4.46437383655458,1.74508,0.9235,-5.107905397,5.47526252023579,0.0222100000000003,0.01731,0.0249900000000001,0.0024409705,1.21212121212121e-07,0.0303030303030303,0.363636363636364,0.018335078259774,0.00674894299290958,0.0232243038293844,0.81,0.257678574869184
"GRB151029A",0.255272505,21.55195354,0.49,2.7098,2.307153,-10.76639985,0.951823035315912,0.065164051808975,464.486701390319,0.2401,7.34301604,5.322954965409,115.91536573008,0.905967090557996,1.23481,1.25,-6.408935393,80.3451669908966,0.0973500000000005,0.12415,0.0730099999999999,0.33,3.63636363636364e-08,0.654545454545455,0.181818181818182,3.89871091304376,0.040493657988788,0.0438681294956119,1.423,0.384353414137506
"GRB151031A",0.230448921,21.98623592,2.41,3.69323,2.12551,-11.5214335,0.698970004336019,0.0531067051900642,483.394569929898,5.8081,13.6399478329,4.5177927601,132.743429894922,0.488559066961494,0.897942,1.24,-6.494850022,2.23606797749979,1.01707,0.166825,0.1244685,0.01,1.81818181818182e-08,0.109090909090909,0.121212121212121,0.194222396757745,0.0246758228535885,0.0309657384870962,1.167,0.335858911319818
"GRB151112A",0.278753601,21.0151543,1.77,4.43227,2.17922,-11.6171,1.28600712207947,0.0777035700704672,441.636710252808,3.1329,19.6450173529,4.7489998084,134.95701241,1.65381431803913,1.1526,1.24,-6.026872146,24.1810874847648,0.0472000000000001,0.063015,0.0685399999999999,0.00499999999999999,7.27272727272727e-08,0.127272727272727,0.121212121212121,0.543566918273972,0.0336011204257601,0.0277061870402603,4.1,0.707570176097936
"GRB151215A",0.204119983,21.44930866,1.99,3.06337,2.20942,-10.72815839,1.25042000230889,0.0416649674599203,460.072841991951,3.9601,9.3842357569,4.8815367364,115.093382440927,1.56355018217417,1.07478,1.015,-6.508638306,1.00345011433835,0.093,0.11588,0.071395,0.3543597095,4.24242424242424e-08,0.2,0.121212121212121,0.0244827442428277,0.0594342399249789,0.0329010970878163,2.59,0.555094448578319
"GRB160117B",-0.301029996,20.95374423,1.73,4.10299,1.83834,-11.74958,1.77815125038364,0.09061905849176,439.059397256258,2.9929,16.8345269401,3.3794939556,138.0526301764,3.16182186924092,0.973333,0.64,-6.4710833,2.4614955105327,0.12265,0.162075,0.093958,0.015,NA,0.0363636363636364,0.121212121212121,0.017816898624233,NA,0.105283510845884,0.87,0.271841606536499
"GRB160121A",0.079181246,20.89722339,1.77,3.8244,2.2054,-11.17263073,1.07918124604762,0.00626966971811252,436.693945411563,3.1329,14.62603536,4.86378916,124.82767742894,1.1646321618209,0.798663,1.02,-6.214670165,2.38388672767792,0.0694000000000008,0.120385,0.106048,0.03,3.03030303030303e-08,0.0787878787878788,0.121212121212121,0.08627573760941,0.0215744899112776,0.0438681294899875,1.96,0.471291711058939
"GRB160203A",0.113943352,22.0158332,1.93,3.66139836,1.75592,-11.36754271,1.30535136944662,0.0129830874649959,484.696911490222,3.7249,13.4058379506107,3.0832550464,129.221027263674,1.70394219771618,1.146279559,0.61,-5.920818754,3.23612604894565,0.0845867900000004,0.087010427,0.0601908999999999,0.25,6.06060606060606e-08,0.121212121212121,0.242424242424242,0.0695758260297262,0.0219340647449938,0.0809873160298532,3.52,0.655138434811382
"GRB160227A",-0.22184875,21.4198963,0.75,4.47751,1.72551,-10.99567863,2.50037371435337,0.0492168678765625,458.811957502754,0.5625,20.0480958001,2.9773847601,120.904948534239,6.25186871142929,1.10229,0.679,-5.508638306,75.3682152632844,0.0305500000000007,0.03885,0.03434,0.001,1.21212121212121e-07,0.309090909090909,0.0606060606060606,0.103418641389387,0.0169812114071368,0.0438681295239288,2.38,0.528916700277655
"GRB160327A",0.255272505,20.72655851,1.84,3.76407,1.93554,-11.22402567,1.44715803134222,0.065164051808975,429.590227668453,3.3856,14.1682229649,3.7463150916,125.978752240819,2.09426636767829,1.49693,0.78,-5.853871964,9.22542076482328,0.0673000000000004,0.06033,0.1004,0.02,6.06060606060606e-08,0.0666666666666667,0.121212121212121,0.143091047549944,0.0188006269082896,0.0292454196637412,4.99,0.777426822389311
"GRB160804A",0.462397998,21.30214687,1.4,4.38419,1.87827,-11.5214335,2.15896526038341,0.213811908554408,453.781461271051,1.96,19.2211219561,3.5278981929,132.743429894922,4.66113099554241,0.948229,0.92,-4.943095149,19.2297524738119,0.0587499999999999,0.095375,0.070062,0.00499999999999999,1.81818181818182e-07,0.139393939393939,0.181818181818182,0.0579152246029259,0.00692654676618381,0.0272284941568783,0.736,0.239549720840473
"GRB161108A",-0.22184875,21.16074757,1.85,4.69106,2.00325,-11.81247928,2.02160271602824,0.0492168678765625,447.777237721261,3.4225,22.0060439236,4.0130105625,139.534666740429,4.08687754145277,0.883711,0.84,-5.958607315,11.8942948022011,0.133550000000001,0.18179,0.0812555,0.00499999999999999,6.06060606060606e-08,0.103030303030303,0.0606060606060606,0.0491496346215649,0.023928070636996,0.0438681295239288,1.159,0.334252642334231
"GRB161117A",0.832508913,21.87736847,1.19,4.08464,1.92624,-10.74958,2.09933527768596,0.693071090224441,478.61925117215,1.4161,16.6842839296,3.7104005376,115.5534701764,4.40720860813678,1.141,1.375,-4.698970004,1.09562770301324,0.0383499999999994,0.04019,0.0236499999999999,0.674290141,0,0.0727272727272727,0.181818181818182,0.00378540227238651,0,0.0116121519146922,1.549,0.406369835469268
"GRB161129A",0.531478917,21.51361441,1.57,3.70506,1.74506,-10.43651891,1.55059520748933,0.282469839215493,462.83560498216,2.4649,13.7274696036,3.0452344036,108.920926958788,2.40434549748887,2.32574,0.71,-5.443697499,2.09357115934511,0.106249999999999,0.050725,0.10628,0.005,6.06060606060606e-08,0.0363636363636364,0.121212121212121,0.0255903856452399,0.00731135491027843,0.0154828692315688,0.645,0.216165902285993
"GRB161219B",0.72427587,21.16590877,1.29,4.0135,1.86204,-10.13667714,0.841359470454855,0.524575535864257,447.995694059963,1.6641,16.10818225,3.4671929616,102.752223440599,0.707885758524074,0.871656,0.73,-5.823908741,0.791979781306962,0.0276999999999994,0.03841,0.00866800000000001,0,6.06060606060606e-08,0.212121212121212,0.242424242424242,0.0495608715850948,0.0175472517963205,0.0198648133335181,0.1475,0.0597526942092988
"GRB170202A",0.672097858,21.7153121,1.68,3.77629,1.99768,-10.65364703,1.66464197555613,0.451715530728188,471.554779600406,2.8224,14.2603661641,3.9907253824,113.500195039828,2.7710329067834,1.1958,1.04,-5.48148606,11.4483053739976,0.0448500000000003,0.068655,0.059155,0,6.06060606060606e-08,0.0424242424242424,0.181818181818182,0.10761765911408,0.00797602354051679,0.0168005602258789,3.645,0.666985718329661
"GRB170405A",0.204119983,21.67796993,1.59,3.6300738,1.8473,-10.31069114,2.21669359916975,0.0416649674599203,469.934380285984,2.5281,13.1774357934464,3.41251729,106.310351784474,4.91373051260016,1.81152426,0.612,-5.431798276,35.3909366653105,0.0482553450000003,0.035670699,0.072401387,0.0475,1.81818181818182e-07,0.0727272727272727,0.193939393939394,0.0933217274021361,0.0213412521852701,0.0526417553405063,3.51,0.65417654187796
"GRB170519A",-0.15490196,21.33992622,1.94,4.1513,1.97351,-11.06348626,2.33525725643453,0.0239946172118416,455.392451075043,3.7636,17.23329169,3.8947417201,122.400728225209,5.45342645373014,1.37345,0.975,-5.958607315,49.4043300783148,0.0529999999999999,0.052235,0.0667449999999999,0.2244236125,1.21212121212121e-07,0.157575757575758,0.0606060606060606,0.0991498518259657,0.0478561412739919,0.0376012538456717,0.818,0.259593878885949
"GRB170531B",-0.096910013,21.49730845,1.95,3.80257,2.06685,-11.39577395,2.21518796949713,0.00939155061966017,462.134270594441,3.8025,14.4595386049,4.2718689225,129.863663919499,4.90705774020483,1.02082,0.99,-5.698970004,8.82050386393155,0.0841500000000002,0.11435,0.107427,0.035,1.21212121212121e-07,0.0848484848484849,0.121212121212121,0.0233394026424894,0.0263208776707414,0.0658021942265446,2.366,0.527114111639805
"GRB170705A",1.1430148,21.08891889,1.65,3.63746,1.89159,-10.18641901,2.33705972632052,1.30648283301904,444.742499948999,2.7225,13.2311152516,3.5781127281,103.763132247289,5.46184816438937,0.774169,0.66,-5.022276395,18.0780517612736,0.0405499999999996,0.06603,0.027333,0.00499999999999999,1.81818181818182e-07,0.0303030303030303,0.242424242424242,0.0361306862562471,0.00831185611850908,0.00757435329683621,2.01,0.478566495593843
"GRB170714A",-0.397940009,21.06857915,1.76,4.28080232,1.84715,-10.075204,3,0.15835625076292,443.885027399815,3.0976,18.3252685029174,3.4119631225,101.509735641616,9,2.03808,0.6815,-5.552841969,92.5864471189302,0.066395795,0.023936409,0.1495769815,0,1.81818181818182e-07,0.103030303030303,0.121212121212121,0.0402097830827786,0.0282009404055501,0.131604388554913,0.793,0.253580289562183
"GRB170903A",0.591064607,21.73970839,1.94,4.41384,2.20256,-11.26042766,1.46538285144842,0.349357369648064,472.614920882236,3.7636,19.4819835456,4.8512705536,126.797231086093,2.1473469013191,0.971187,1.14,-5.619788758,3.59505880999471,0.0409499999999996,0.065935,0.051271,0.005,1.21212121212121e-07,0.0727272727272727,0.303030303030303,0.0534696644965197,0.0219340647280231,0.0337447149906566,0.886,0.27554168840131
"GRB171205A",0,22.27837171,1.41,5.48376,1.66173,-12.42945706,2.27737997466725,0,496.325846048928,1.9881,30.0716237376,2.7613465929,154.491402806384,5.18645954901543,1.13263,0.67,-5.443697499,35.1681973037813,0.0719000000000003,0.109545,0.115455,0.01,1.81818181818182e-07,0.0848484848484849,0.181818181818182,0.0806407287619695,0.0219340647308353,0.0789626330733186,0.0368,0.0156949885265181
"GRB171222A",-0.15490196,20.02880298,2.07,4.78231,1.99001,-12.10957898,2.24254142829838,0.0239946172118416,401.152948811657,4.2849,22.8704889361,3.9601398001,146.641903072858,5.02899205763456,0.718496,1.34,-5.721246399,22.6645693378338,0.209750000000001,0.378455,0.126956,0.015,1.21212121212121e-07,0.103030303030303,0.121212121212121,0.0563106258474534,0.0277061870402603,0.0752025076913433,2.409,0.532627001228891
"GRB180205A",0.531478917,21.4933967,2.04,3.21372,1.88733,-10.30627305,1.19033169817029,0.282469839215493,461.966101703571,4.1616,10.3279962384,3.5620145289,106.219264181156,1.41688955166897,1.09633,1.03,-6,3.12326232779722,0.0645499999999997,0.088815,0.042095,0.00499999999999999,6.06060606060606e-08,0.0787878787878788,0.181818181818182,0.0875106835160412,0.0263208776911062,0.0232243038473533,1.409,0.381836799998343
"GRB180329B",0.146128036,21.41988474,0.97,4.02296,1.86768,-11.14935376,2.32221929473392,0.0213534029052173,458.811462274885,0.9409,16.1842071616,3.4882285824,124.308089265626,5.3927024528345,1.50063,0.77,-5.48148606,44.0459433119658,0.0482499999999995,0.04314,0.069665,0,1.81818181818182e-07,0.339393939393939,0.242424242424242,0.0910900482410009,0.0239280706215504,0.0752025076331583,1.998,0.476831628512261
"GRB180404A",0.113943352,20.48730103,1.95,4.20449,1.62007,-11.62342304,1.54654266347813,0.0129830874649959,419.729503493839,3.8025,17.6777361601,2.6246268049,135.103963166803,2.39179420995803,1.17089,0.72,-5.886056648,87.9465810827809,0.0661000000000005,0.1242,0.10229,0.065,6.06060606060606e-08,0.0727272727272727,0.121212121212121,1.08507712688945,0.0202468290074633,0.0404936580149266,1,0.301029995663981
"GRB180620B",0.556302501,21.21643247,1.3,4.6659,1.99236,-10.98296666,2.29841638006129,0.309472472618855,450.13700675407,1.69,21.77062281,3.9694983696,120.625556654672,5.28271785613406,1.09835,0.9,-5,27.4443117973296,0.0437000000000003,0.067125,0.0594450000000001,0.005,1.81818181818182e-07,0.121212121212121,0.121212121212121,0.0599542916157573,0.00789626330733186,0.0146227098205568,1.1175,0.325823419002744
"GRB180624A",0.146128036,21.1034582,1.91,4.171185481,2.06008,-11.54363397,2.68699356626468,0.0213534029052173,445.355947999147,3.6481,17.3987883169052,4.2439296064,133.255485233338,7.21993442514778,1.243849338,0.95,-5.236572006,38.5043168772254,0.0881499349999997,0.099379055,0.1233664435,0,1.81818181818182e-07,0.0606060606060606,0.121212121212121,0.0343795484153644,0.0136142470679056,0.0376012538165791,2.855,0.586024382386976
"GRB180720B",1.831869774,21.24271531,1.36,3.62033,1.8461,-8.847711656,1.68928221447305,3.35574686889481,451.252953741708,1.8496,13.1067893089,3.40808521,78.2820015477183,2.85367440013496,1.34127,0.729,-4.065501549,3.6884533781446,0.00497499999999995,0.00614,0.00537499999999991,0,6.06060606060606e-07,0.0181818181818182,1.57575757575758,0.0327601887413463,0.00306056717510092,0.0100786866039877,0.654,0.218535505216528
"GRB180728A",2.120573931,21.58733599,1.97,3.8695,1.70111,-9.42365865,0.938519725176492,4.49683379683679,466.013075145149,3.8809,14.97303025,2.8937752321,88.8053423517198,0.880819274545358,1.1986,0.8595,-4.528708289,0.297321378474679,0.0098849999999997,0.014745,0.0091,0.0424864935,3.63636363636364e-07,0.0181818181818182,1.75757575757576,0.0148761559934817,0.00533531304621856,0.00578261707124149,0.117,0.0480531731156091
"GRB181010A",0.146128036,22.27837171,1.52,3.15711,1.76613,-9.928117993,1.2148438480477,0.0213534029052173,496.325846048928,2.3104,9.9673435521,3.1192151769,98.5675268829304,1.47584557513934,1.07011,1.115,-6.161150909,2.19279277929316,0.0346150000000005,0.057805,0.033375,0.007041969,4.24242424242424e-08,0.0909090909090909,0.121212121212121,0.0580681587807509,0.0267023396704747,0.0376012538165791,1.39,0.378397900948138
"GRB181020A",0.886490725,20.65703194,1.25,4.29043,1.93674,-10.42365865,2.37657695705651,0.785865805511026,426.71296857018,1.5625,18.4077895849,3.7509618276,108.65265965172,5.64811803281199,2.64643,1.228,-5.091514981,11.58881809789,0.1418,0.047555,0.091985,0.029531206,1.81818181818182e-07,0.0363636363636364,0.181818181818182,0.0211468897130007,0.00974847321620432,0.0102548874161921,2.938,0.595275711802099
"GRB181110A",0.568201724,20.88432911,2.02,3.7664,1.76057,-10.39577395,2.14113609012074,0.322853199156572,436.155202374793,4.0804,14.18576896,3.0996067249,108.072116019499,4.58446375641752,1.92336,1.7505,-5.004364805,10.9277832336458,0.0907,0.05473,0.07443,0.141485526,1.81818181818182e-07,0.0303030303030303,0.181818181818182,0.0342910112558327,0.00797602353536826,0.0213412521852701,1.505,0.398807730203264
"GRB190106A",0.740362689,21.7431239,1.43,4.19124,1.94587,-10.43297363,1.88536122003151,0.548136911263311,472.763436930751,2.0449,17.5664927376,3.7864100569,108.846938764275,3.55458692999871,1.26841,1.9365,-5.22184875,2.25272455297137,0.0285500000000001,0.031095,0.0270050000000001,0.225510462,1.21212121212121e-07,0.127272727272727,0.181818181818182,0.0127388781588989,0.00877362590478576,0.0143568423933057,1.859,0.456214155357989
"GRB190114A",-0.301029996,21.6447605,2.06,3.74534,1.83214,-10.75202673,1.8234742291703,0.09061905849176,468.49565710236,4.2436,14.0275717156,3.3567369796,115.606078802635,3.32505826444822,1.18375,0.86,-6.096910013,10.1838122893615,0.0336500000000006,0.042215,0.04616,0,7.27272727272727e-08,0.133333333333333,0.121212121212121,0.0664080102403637,0.0394813165359268,0.105283510845884,3.3765,0.641126932803509
"GRB190719C",0.740362689494244,20.9538258694985,1.64,4.88123,1.5415,-11.257,2.26881190373978,0.54813691199515,439.062818569264,2.6896,23.8264063129,2.37622225,126.720049,5.14750745455133,1.55953,1.09,-5.29242982390206,9.68928564596491,0.2175,0.1943,0.21085,0.27,3e-07,0.09,0.3,0.022660222345864,0.0255467342296028,0.0236887899219955,2.469,0.54020429984206
"GRB190829A",1.25527250510331,22.049100010378,2.56,3.40640655,2.0913,-8.58538291,1.76492298464989,1.57570906206834,486.162811267651,6.5536,11.6036055838829,4.37353569,73.7087997113201,3.11495314174547,1.18850034,1.16,-5.19382002601611,8.85452204576139,0.0077359,0.00974555,0.00361642,0.065,7e-07,0.21,2.7,0.06607336880352,0.0475009589581678,0.0651441722854872,0.0785,0.0328201494385639
"GRB191011A",0.255272505103306,21.6503347264086,1.94,3.15321333,1.81479,-10.8132081,0.867467487859051,0.0651640518617174,468.736993765534,3.7636,9.94275430448969,3.2934627441,116.925469413906,0.752499842492494,1.30602449,0.9,-6.48148606012211,0.950286355356625,0.05719327,0.06597695,0.05756962,0.45,4e-08,0.17,0.2,0.0559978453676167,0.0526417553822121,0.0482549424336947,1.722,0.434888120867316
"GRB191221B",0.681241237375587,21.9226772003698,1.24,1.95518066,1.843,-8.11145684,1.68124123737559,0.464089623501021,480.603775631614,1.5376,3.82273141323804,3.396649,65.7957320671828,2.8265720982522,1.15734724,1.39,-4.72124639904717,16,0.06184721,0.05366691,0.00551831,0.175,1e-06,0.05,0.7,0.144764827301084,0.0228576043106974,0.0633346119442243,1.148,0.332034277027518
"GRB200205B",0.301029995663981,21.91683806,1.36,4.53640048,1.90881,-11.7337376,2.66086547800387,0.0906190582894564,480.347790548265,1.8496,20.5789293149442,3.6435556161,137.680598065654,7.08020509203276,1.56884903,0.53,-5.26760624017703,5.3851648071345,0.10035241,0.08886983,0.19267266,0.78,2e-07,0.22,0.2,0.00510643528357664,0.0160849808112315,0.0434294481903252,1.465,0.391816923613249
"GRB201014A",-0.522878745280338,22.1524656960528,2.55,3.37597,1.97336,-11.0529,1.55870857053317,0.273402182265941,490.731736414796,6.5025,11.3971734409,3.8941496896,122.16659841,2.42957240785355,0.742849,1.05,-6.50863830616573,8.10761416466268,0.14198,0.296352,0.0811106,0.86,7e-08,0.37,0.2,0.0972677373788299,0.098066495913638,0.289529654602168,4.56,0.745074791582057
"GRB201020A",0.322219294733919,20.9325848608536,2.25,3.96908872,2.0761,-11.0900559,1.15136985024746,0.103825273898824,438.173108956837,5.0625,15.7536652672312,4.31019121,122.989339865125,1.32565253205886,1.55158826,0.9,-6.03621217265444,4.75024429939659,0.04915322,0.04826492,0.08306159,0.5,7e-08,0.14,0.2,0.145589617990142,0.0330441453622036,0.0413613792288811,2.903,0.591398551281249
"GRB201024A",0.568201724066995,21.2301072271578,2.1,3.01817341,2.07522,-10.4667906,0.698970004336019,0.322853199232706,450.717452876618,4.41,9.10937073283103,4.3065380484,109.553705464248,0.488559066961494,0.99913283,0.61,-6.09151498112135,2.23606797749979,0.58074222,0.63285167,0.03486451,0.885,9e-08,0.18,0.6,0.194222396757745,0.0482549424336946,0.0704261322005273,0.999,0.300812794118117
"GRB201104B",0.612783856719735,21.7305852647171,1.47,2.72159651,1.55046,-9.38944702,0.937517892017347,0.375504055056313,472.21833594714,2.1609,7.40708756324418,2.4039262116,88.1617153413869,0.878939797852649,1.19537497,0.3,-5.74472749489669,0.161839373016547,0.02110237,0.02972805,0.02348264,0.5,1e-07,0.07,0.3,0.00811616012191321,0.0241274712168471,0.0317776450173111,1.954,0.470410490975931
"GRB201221A",0,22.8633210753449,1.4,3.69587,1.45068,-10.8802,1.64836001098093,0,522.73145059431,1.96,13.6594550569,2.1044724624,118.37875204,2.71709072580106,1.06263,1.12,-5.74472749489669,6.15418558057988,0.08575,0.223272,0.0994399,0.515,2e-07,0.15,0.3,0.0600613222079641,0.0482549424336942,0.130288344570976,5.7,0.826074802700826
"GRB210210A",0.845098040014257,21.1231954587923,1.53,3.72413045,1.85188,-10.1403778,0.819543935541869,0.714190697235939,446.189386390344,2.3409,13.8691476086172,3.4294595344,102.827261926733,0.671652262283455,1.5451851,1,-6.0087739243075,0.589318239671799,0.05799791,0.08857348,0.10645081,0.195,8e-08,0.58,0.5,0.0387784332688485,0.0354526107676119,0.0310210344216608,0.715,0.234264124378789
"GRB210222B",0.146128035678238,21.1461280356782,2.37,3.24642494,1.98,-10.4520599,1.1078880251828,0.0213534028111804,447.158730901296,5.6169,10.539274891054,3.9204,109.245556153188,1.22741587634344,1.37828029,1.5,-6.46852108295774,1.28404985768976,0.04184217,0.04927183,0.005516005,0.55,7e-08,0.33,0.3,0.0434988898348922,0.0894135698036097,0.0930631032649825,2.198,0.504878459410216
"GRB210411C",0.681241237375587,21.0599645857867,1.6,2.93128506,1.88408,-9.72925773,1.10720996964787,0.464089623501021,443.52210835459,2.56,8.5924321029792,3.5497574464,94.6584559767648,1.22591391688763,1.16829405,0.56,-5.92081875395237,0.597059548109449,0.05048963,0.05901459,0.03209979,0.23,1e-07,0.4,0.3,0.0202577864930924,0.0361912068252705,0.0271434051189532,2.826,0.582744965691277
"GRB210517A",0.176091259055681,21.1576833762698,1.85,3.057651,1.71079,-10.8415194,0.48572142648158,0.031008131515815,447.647565850483,3.4225,9.349229637801,2.9268024241,117.538542900576,0.235925304143301,1.21043545,0.71,-6.82390874094432,1.40911316882699,0.25872455,0.32132806,0.08060357,0.21,3e-08,0.25,0.2,0.199990220130316,0.0868588963806507,0.0579059309204336,2.486,0.542327382773974
"GRB210610A",0.380211241711606,21.3533795197779,1.41,3.15453451,1.83562,-10.4044334,1.13417710757677,0.144560588323881,455.96681691567,1.9881,9.95108797478094,3.3695007844,108.252234375036,1.2863577113512,1.0816785,0.93,-6,3.15130957354563,0.85146569,1.28215864,0.07850685,0.17,1e-07,0.19,0.4,0.100484314138014,0.0434294481903252,0.072382413650542,3.54,0.657055852857104
"GRB210619B",2.06069784035361,21.8343030530778,1.41,2.91049117,1.92306,-8.55006175,1.78461729263288,4.24647558923803,476.736789813643,1.9881,8.47095885064797,3.6981597636,73.1035559288131,3.18485888116429,1.12578835,0.846,-4.02227639471115,0.277416676632932,0.01027813,0.01099582,0.00437126,0.1005,1e-06,0.02,2.2,0.00197833385631562,0.00457152086213947,0.00830824226249702,1.937,0.4679039465228
"GRB210722A",0.342422680822206,20.5405897231745,1.62,3.6504,1.83712,-10.3507,1.70070371714502,0.117253292341466,421.915826175782,2.6244,13.32542016,3.3750098944,107.13699049,2.89239313351089,1.43908,0.87,-5.60205999132796,10.5383053075307,0.0364819,0.0395981,0.048071,0.24,2e-07,0.14,0.5,0.0911698773639907,0.0347435585522599,0.0987032913416482,1.145,0.331427296520743
"GRB210731A",0.204119982655925,20.920544366897,1.45,4.80200435,2.06317,-11.9404653,1.35237549500052,0.0416649673194551,437.669176607306,2.1025,23.0592457774189,4.2566704489,142.574711580504,1.8289194794779,1.74153741,0.86,-5.65757731917779,2.66364255229429,0.16085961,0.11699725,0.27863334,0.33,2e-07,0.59,0.3,0.0513907268868993,0.0394813165366589,0.0814302153568597,1.2525,0.352664799651101
"GRB211024B",-0.0457574905606751,20.9867717342662,1.63,3.43921565,2.08,-8.56429146,2.78067727443337,0.00209374794241027,440.444587826195,2.6569,11.8282042872049,4.3264,73.3470882118289,7.73216610455018,1.92622006,1.07,-5.16749108729376,20.6549776493225,0.01916437,0.01167528,0.00965772,0.055,3e-07,0.09,0.2,0.0148638654795953,0.0191600506722021,0.0965098848673893,1.1137,0.325043347403704
"GRB220101A",0.863322860120456,21.9037002845921,1.13,3.04134881,1.62241,-8.69262974,2.23894889831176,0.745326360806564,479.77208615724,1.2769,9.24980258408842,2.6322142081,75.5618117967325,5.01289216925145,1.20052929,0.815,-4.60205999132796,12.5011616662459,0.01431841,0.02317526,0.01255481,0.07,0,0.13,0.3,0.0313174061434648,0,0.0178477184343802,4.618,0.749581734865559
"GRB220117A",0.278753600952829,21.9953293260505,1.84,3.43803362,1.78537,-10.1070569,1.69731654173238,0.077703570044169,483.794512161417,3.3856,11.8200751722503,3.1875460369,102.152599179838,2.88088344283838,1.68612083,0.8,-5.79588001734407,3.43109539251823,0.05084186,0.04500955,0.06200239,0.115,2e-07,0.18,0.4,0.0299157959416651,0.0542868102379058,0.0914304172427899,4.961,0.775319121829478
"GRB220521A",0.672097857935718,21.8542708108897,1.97,3.30131796,2.02179,-10.6276115,1.13193929521042,0.451715530641781,477.609152675706,3.8809,10.8987002730186,4.0876348041,112.946126194932,1.28128656804147,1.71067512,1.1,-6.09151498112135,2.69150143247832,0.16334814,0.13206168,0.12291833,0.45,8e-08,0.18,0.4,0.0862659941077514,0.0428932821632841,0.0369612325024044,5.57,0.817565369559781
"GRB220611A",-0.468521083,20.4247395876785,1.87,5.53,1.90103,-12.4941008,1.75587485567249,0.219512005215493,417.169987224481,3.4969,30.5809,3.6139150609,156.102554800561,3.08309650878289,2.26249671,0.32,-6.17392519729917,12.369316876853,0.22640221,0.81046481,0.50304248,0.35,1.3e-07,0.29,0.121212121212121,0.0942443169215793,0.0842660935036154,0.154828692315688,2.3608,0.526442668529935
"GRB221110A",0.0413926851582251,21.9226772003698,1.41,2.20438137,1.88143,-9.52540051,0.953276336667304,0.00171335438460795,480.603775631614,1.9881,4.85929722440308,3.5397788449,90.7332548759083,0.908735774049836,1.02202171,1.2,-6.29242982390206,2.10693811743884,0.67651915,0.68618385,0.03483546,0.45,5e-08,0.16,0.2,0.101896614489456,0.0425778903826714,0.0789626330733185,4.06,0.704150516839799
"GRB230116D",-0.221848749616356,21.39200012,1.38,3.79761,1.76412,-11.1278,1.61278385671974,0.0492168677063406,457.61766913408,1.9044,14.4218417121,3.1121193744,123.82793284,2.60107176849578,1.57289,0.8,-6.09044397075882,11.1803398874989,0.1014,0.13824,0.23491,0.295,1.2e-07,0.22,0.2,0.118428290705941,0.0641814505275734,0.144764827301084,3.81,0.682145076373832
"GRB230325A",0.518513939877887,22.2291825133968,1.82,3.7823081,2.0855,-10.9066853,1.58035466110659,0.268856705847689,494.136555213906,3.3124,14.3058545633256,4.34931025,118.955784233236,2.49752085488133,0.931411844,1,-5.88605664769316,11.56039866151,0.1875455,0.20042492,0.05714513,0.45,2e-07,0.18,0.4,0.131947893490027,0.0668145356774229,0.0526417553822124,1.664,0.425534220498263
"GRB230328B",0.924279286061882,21.1458043657072,1.22,3.66388,1.89331,-10.1038,1.28397928423848,0.854292198643062,447.145042272762,1.4884,13.4240166544,3.5846227561,102.08677444,1.64860280235356,1.20938,0.9,-5.36653154442041,3.8156897210748,0.0267,0.03231,0.02421,0.55,2e-07,0.29,0.5,0.0861743624814219,0.0201997433443371,0.0258508620180507,0.09,0.0374264979406237
"GRB230414B",-0.221848749616356,21.6922439503346,1.6,4.8792574,2.02038,-11.9505263,1.41463914673701,0.0492168677063406,470.553447600828,2.56,23.8071527754548,4.0819353444,142.815078846992,2.00120391548081,2.06160972,1.1,-6.32790214206428,8.85519062097694,0.11074106,0.069549,0.21988187,0.6,1e-07,0.3,0.2,0.148027729903453,0.0924030812560105,0.144764827301084,3.568,0.659726095237792
"GRB230506C",0.380211241711606,20.9612478163493,1.89,4.25859,2.08995,-11.4531,1.49136169383427,0.144560588323881,439.373910018408,3.5721,18.1355887881,4.3678910025,131.17349961,2.22415970183623,1.14181,0.9,-5.76955107862173,6.32455532033676,0.1023,0.11841,0.11299,0.55,2e-07,0.17,0.5,0.088603854068197,0.0510934684592066,0.0904780170631775,3.7,0.672097857935718
"GRB230818A",0.826074802700826,21.313774448533,1.36,3.9564,2.00403,-11.0883,0.99211148778695,0.682399579657209,454.276981242938,1.8496,15.65310096,4.0161362409,122.95039689,0.984285204198835,1.39195,1.19,-5.72124639904717,1.24995361730963,0.2044,0.12794,0.19715,1.14,1e-07,0.1,0.5,0.0552798328546417,0.0228576043106974,0.0324100359629293,2.42,0.534026106056135
