"","log10NH","log10PeakFlux","PhotonIndex","log10Ta","log10Fa","Gamma","Alpha","log10NHSqr","log10PeakFluxSqr","PhotonIndexSqr","log10TaSqr","log10FaSqr","GammaSqr","AlphaSqr","Response"
"GRB050904",22.39388568,-0.207608311,1.25,4.6841,-11.4544,1.90813,1.36946226,501.486115848909,0.0431012107962727,1.5625,21.94079281,131.20327936,3.6409600969,1.87542688156431,0.862727528317975
"GRB060115",21.43355223,-0.060480747,1,3.69688,-11.29499204,2.10553,0.889919,459.397161196138,0.00365792075767801,1,13.6669217344,127.576845183663,4.4332565809,0.791955826561,0.656098202012832
"GRB060124",21.9172644,-0.050609993,1.84,4.47599,-10.6893,2.00895,1.3641,480.366478779507,0.00256137139146005,3.3856,20.0344864801,114.26113449,4.0358801025,1.86076881,0.517987203025078
"GRB060210",22.3877421,0.434568904,1.53,4.15028,-10.66756154,2.08163,1.20511,501.210996336112,0.188850132323761,2.3409,17.2248240784,113.796869209687,4.3331834569,1.4522901121,0.691081492122968
"GRB060218",21.59972155,-0.602059991,2.26,5.07614,-11.82390874,1.87322,1.3185,466.547971037534,0.36247623276292,5.1076,25.7671972996,139.804817891848,3.5089531684,1.73844225,0.0141423615450058
"GRB060306",21.61973178,0.775974331,1.8,3.61496,-10.70553377,2.28823,1.03794,467.412802239142,0.602136162370898,3.24,13.0679358016,114.60845330061,5.2359965329,1.0773194436,0.408070285887185
"GRB060418",21.65363309,0.814247596,1.7,3.11887,-9.792961075,1.94118,1.47655,468.879825996343,0.662999147591779,2.89,9.7273500769,95.9020866164651,3.7681797924,2.1801999025,0.396024896608593
"GRB060526",21.67796993,0.222716471,2.01,3.8752,-11.3053948,1.90677,1.05873,469.934380285984,0.0496026264546938,4.0401,15.01717504,127.811951583867,3.6357718329,1.1209092129,0.625415352154408
"GRB060604",21.99003057,-0.468521083,2.01,4.45991,-11.76955108,2.1711,1.21596,483.561444469534,0.219512005215493,4.0401,19.8907972081,138.522332624729,4.71367521,1.4785587216,0.496334505996816
"GRB060605",21.77333803,-0.337242168,1.55,4.04162,-11.26121944,2.02128,1.9179,474.078248968644,0.11373227987734,2.4025,16.3346922244,126.815063275834,4.0855728384,3.67834041,0.679427896612119
"GRB060614",20.51216256,1.06069784,2.02,5.03344,-11.78251606,1.89544,1.9453,420.748812887866,1.12507990778067,4.0804,25.3355182336,138.827684704158,3.5926927936,3.78419209,0.0511525224473813
"GRB060707",21.20847898,0.004321374,0.6,3.5545,-10.9132,2.09345,0.861995,449.799580645102,1.8674273247876e-05,0.36,12.63447025,119.09793424,4.3825329025,0.743035380025,0.645913275033844
"GRB060708",20.79066861,0.28780173,1.68,3.50569,-10.86966623,2.20484,1.12969,432.251901250839,0.0828298357909929,2.8224,12.2898623761,118.149643951602,4.8613194256,1.2761994961,0.465382851448418
"GRB060714",22.0125926,0.10720997,1.93,3.73449,-10.86012091,2.04425,1.20488,484.554232973575,0.0114939776674009,3.7249,13.9464155601,117.942226179819,4.1789580625,1.4517358144,0.569490954348783
"GRB060729",20.86562801,0.068185862,1.75,5.1057,-11.15058059,1.92492,1.35481,435.374432251696,0.00464931177668304,3.0625,26.06817249,124.335447494085,3.7053170064,1.8355101361,0.187520720836463
"GRB060814",22.00679538,0.861534411,1.53,4.22387,-10.91009489,2.11591,1.29504,484.299042897189,0.742241541337117,2.3409,17.8410777769,119.030170508804,4.4770751281,1.6771286016,0.465813957269479
"GRB060906",22.41960057,0.294466226,2.03,4.33479,-11.8827287,2.07859,1.71887,502.638489718344,0.0867103582546831,4.1209,18.7904043441,141.199241357804,4.3205363881,2.9545140769,0.670802284260944
"GRB060908",21.80952201,0.481442629,1,2.81918,-9.627087997,2.13395,1.38309,475.655250304674,0.231787005018432,1,7.9477758724,92.6808233019815,4.5537426025,1.9129379481,0.459935016851525
"GRB060927",22.10710478,0.431363764,0.9,3.15198,-10.77728353,1.94856,1.39098,488.724081753899,0.186074696892248,0.81,9.9349779204,116.149840286009,3.7968860736,1.9348253604,0.8109042806687
"GRB061021",20.87141063,0.78604121,1.3,3.23849,-10.04095861,1.99282,1.01707,435.615781686077,0.617860783818264,1.69,10.4878174801,100.820849807733,3.9713315524,1.0344313849,0.129141845792285
"GRB061121",21.75351565,1.324282455,1.41,3.78753,-10.03011836,1.90181,1.35185,473.215443134795,1.75372402062083,1.9881,14.3453835009,100.603274315609,3.6168812761,1.8274984225,0.364363354615731
"GRB070110",21.3989672,-0.22184875,1.58,4.26825,-11.04866248,2.08596,1.42725,457.915797226676,0.0492168678765625,2.4964,18.2179580625,122.07294259696,4.3512291216,2.0370425625,0.525304009958239
"GRB070208",21.8647258,-0.045757491,1.94,3.44468,-10.86327943,2.20341,1.2125,478.066234309186,0.00209374798261508,3.7636,11.8658203024,118.010839974261,4.8550156281,1.47015625,0.335457900689384
"GRB070223",21.70173804,-0.161150909,1.85,4.22335,-11.86327943,2.25837,0.991734,470.965433956783,0.0259696154715263,3.4225,17.8366852225,140.737398834261,5.1002350569,0.983536326756,0.419873175149476
"GRB070306",22.44245468,0.609594409,1.66,4.86926,-11.2737,1.94468,1.89982,503.663772063854,0.371605343484059,2.7556,23.7096929476,127.09631169,3.7817803024,3.6093160324,0.397227181043161
"GRB070508",21.89306622,1.382017043,1.1,3.02525,-9.161150909,1.82568,1.37377,479.306348513305,1.90997110714246,1.21,9.1521375625,83.9266859774715,3.3331074624,1.8872440129,0.260071387985075
"GRB070521",22.27524914,0.814913181,1.1,3.55243,-10.01233374,2.00022,1.44502,496.186724249071,0.664083492567539,1.21,12.6197589049,100.246826921142,4.0008800484,2.0880828004,0.489466281303128
"GRB070529",22.56252244,0.155336037,1.34,3.09323,-10.24641694,1.97999,1.21432,509.067418855503,0.0241292843908654,1.7956,9.5680718329,104.989060108319,3.9203604001,1.4745730624,0.544018407858776
"GRB070802",21.91375294,-0.397940009,1.79,3.92184,-11.6716204,1.99014,1.16348,480.212567915359,0.15835625076292,3.2041,15.3808289856,136.226722761696,3.9606572196,1.3536857104,0.537819095073274
"GRB071003",20.86974084,0.799340549,1.36,4.78411,-11.67760082,1.91015,1.97901,435.546082728764,0.638945313275621,1.8496,22.8877084921,136.366360911265,3.6486730225,3.9164805801,0.415699348887829
"GRB071117",22.04291793,1.053078443,1.57,3.901990464,-11.23542972,2.0457,1.104952391,485.890230868716,1.1089742071113,2.4649,15.2255295811469,126.234880993059,4.18488849,1.22091978637662,0.367542273520577
"GRB080310",21.96085591,0.113943352,2.32,4.32608056,-11.3990271,2.09352,1.59590648,482.279192299782,0.0129830874649959,5.3824,18.7149730116099,129.937818826534,4.3828259904,2.54691749290599,0.534026106056135
"GRB080411",21.57289018,1.635483747,1.75,4.20932562,-10.11350927,1.97674,1.28909841,465.389590718341,2.67480708670116,3.0625,17.7184221751884,102.283069754376,3.9075010276,1.66177471066453,0.307496037913213
"GRB080430",21.51787914,0.414973348,1.73,4.21762911,-11.17198494,2.03541,0.99269763,463.019122683647,0.172202879550329,2.9929,17.7883953095194,124.813247499587,4.1428938681,0.985448584607617,0.247236549506764
"GRB080516",22.03528962,0.255272505,1.82,3.77452827,-11.12090412,2.3315,0.94016916,485.55398863728,0.065164051808975,3.3124,14.2470636610292,123.674508446233,5.43589225,0.883918049415106,0.6232492903979
"GRB080607",22.38386741,1.36361198,1.31,3.46298403,-10.0540393,2.03418,1.7256074,501.03752022846,1.85943763199952,1.7161,11.992258392035,101.083706245944,4.1378882724,2.97772089893476,0.605951157564873
"GRB080710",20.89722339,0,1.47,4.09266933,-11.23284413,2.00149,1.52133785,436.693945411563,0,2.1609,16.7499422447226,126.176787248875,4.0059622201,2.31446885384262,0.265996370495079
"GRB080721",21.79728278,1.320146286,1.11,2.87876286,-8.714442691,1.9433,1.33437559,475.121536591284,1.74278621643959,1.2321,8.28727560411538,75.9415114147233,3.77641489,1.78055821518785,0.555215405126073
"GRB080810",21.45079548,0.301029996,1.34,3.2687548,-9.931814138,2.11482,1.44529526,460.136626724788,0.09061905849176,1.7956,10.684757942523,98.6409320717767,4.4724636324,2.08887838857847,0.638489256954637
"GRB080928",21.51035195,0.322219295,1.77,4.08450503,-11.1260984,2.13864,1.76031774,462.695241012869,0.103825274070297,3.1329,16.6831813400953,123.790065606483,4.5737810496,3.09871854575871,0.430075055551939
"GRB081007",21.69605744,0.414973348,2.51,3.58176278,-10.58502665,2.102,1.00469263,470.718908439779,0.172202879550329,6.3001,12.8290246121933,112.04278918121,4.418404,1.00940728077632,0.184549481320698
"GRB081008",21.1376737,0.113943352,1.69,3.85550833,-10.79317412,1.98207,1.47398467,446.801249447672,0.0129830874649959,2.8561,14.8649444826994,116.492607584638,3.9286014849,2.17263080739501,0.472537053262077
"GRB081029",21.49704581,-0.301029996,1.43,4.48156171,-11.86327943,1.95818,2.51960373,462.122978557239,0.09061905849176,2.0449,20.0843953605381,140.737398834261,3.8344689124,6.34840295622991,0.685553652846326
"GRB081221",21.57331844,1.260071388,1.21,2.93195749,-9.354577731,2.4947,1.23586126,465.408068513644,1.58777990285625,1.4641,8.5963747231671,87.5081245253211,6.22352809,1.52735305396879,0.513217600067939
"GRB081230",20.67248024,-0.15490196,1.97,3.66959365,-11.32975415,2.08621,0.99376498,427.35143927319,0.0239946172118416,3.8809,13.4659175561203,128.363329099442,4.3522721641,0.9875688354744,0.491361693834273
"GRB090102",21.72376179,0.740362689,1.36,3.15380077,-9.457174573,1.76997,1.42487631,471.921826308664,0.548136911263311,1.8496,9.94645929685259,89.4381509041977,3.1327938009,2.03027249879922,0.406028944963615
"GRB090205",21.81792086,-0.301029996,2.15,3.70655,-11.3419886,2.03416,1.29089,476.021670653223,0.09061905849176,4.6225,13.7385129025,128.64070540253,4.1378069056,1.6663969921,0.752025387323213
"GRB090424",21.63012977,1.851258349,1.19,2.99599056,-9.050609993,1.96315,1.1284106,467.86251386704,3.42715747474221,1.4161,8.97595943560911,81.9135412453915,3.8539579225,1.27331048219236,0.188647295999717
"GRB090519",22.13069392,-0.22184875,1.02,3.44619,-11.76000021,1.46604,1.42452,489.767613380725,0.0492168678765625,1.0404,11.8762255161,138.2976049392,2.1492732816,2.0292572304,0.685741738602264
"GRB090529",21.19187281,-0.397940009,2,4.472757799,-12.1873998,2.22623,0.8815438,449.095473195217,0.15835625076292,4,20.0055623285153,148.53271388504,4.9561000129,0.77711947131844,0.559308010907013
"GRB090530",20.90942658,0.397940009,1.61,3.6839464,-11.16052195,2.03975,0.88610581,437.204119904411,0.15835625076292,2.5921,13.571461078073,124.557250196432,4.1605800625,0.785183506515756,0.355259905527378
"GRB090618",21.39200012,1.589949601,1.42,3.67275453,-9.640164518,1.82831,1.30942861,457.61766913408,2.52793973372006,2.0164,13.4891258376355,92.9327719341062,3.3427174561,1.71460328468653,0.187520720836463
"GRB090812",21.77771022,0.556302501,1.24,3.52924,-10.16730017,1.88559,1.37252,474.268662426292,0.309472472618855,1.5376,12.4555349776,103.373992746882,3.5554496481,1.8838111504,0.538070787043172
"GRB091018",21.19187281,1.012837225,1.77,2.89655535,-9.627087997,1.98015,1.18074867,449.095473195217,1.0258392443457,3.1329,8.39003289561362,92.6808233019815,3.9209940225,1.39416742170677,0.294686624279443
"GRB091020",21.70587483,0.62324929,1.53,2.95265011,-9.71219827,2.08587,1.17417264,471.145002135627,0.388439677485504,2.3409,8.71814267208301,94.326795235791,4.3508536569,1.37868138852457,0.432969290874406
"GRB091029",21.45058625,0.255272505,1.46,4.30368998,-11.34678749,2.11535,1.12123368,460.127650468689,0.065164051808975,2.1316,18.5217474439524,128.74958634322,4.4747056225,1.25716496516634,0.574262829707027
"GRB091127",20.87872913,1.667452953,2.05,3.98466812,-9.844663963,1.80187,1.39581701,435.921330083911,2.78039935046842,4.2025,15.8775800265443,96.9174085443909,3.2467354969,1.94830512540534,0.173186268412274
"GRB050820A",21.61964524,0.389166084,1.25,3.750945731,-10.01818139,1.96878,1.136499703,467.409060303455,0.151450240935895,1.5625,14.0695938769071,100.363958362942,3.8760946884,1.29163157491909,0.558072259099146
"GRB051016B",21.71466751,0.113943352,2.4,4.25742,-11.59006688,1.89482,1.14771,471.52678506985,0.0129830874649959,5.76,18.1256250564,134.329650282873,3.5903428324,1.3172382441,0.286995073968852
"GRB051109A",21.97057233,0.595496222,1.51,3.91123,-10.51999306,2.06584,1.22299,482.706048507762,0.354615750416273,2.2801,15.2977201129,110.670253982448,4.2676949056,1.4957045401,0.524525936626376
"GRB060223A",22.49782636,0.130333768,1.74,2.78682,-10.9636,2.01015,1.1892,506.152190924711,0.0169868910810778,3.0276,7.7663657124,120.20052496,4.0407030225,1.41419664,0.733197265106569
"GRB060502A",21.45692297,0.227886705,1.46,3.3865,-10.55284197,2.02719,0.897152,460.399543340514,0.051932350315757,2.1316,11.46838225,111.362473643793,4.1094992961,0.804881711104,0.398391440229475
"GRB060510B",22.00215742,-0.244125144,1.78,4.43617,-12.2656,2.1317,1.00735,484.094931134461,0.0595970859330207,3.1684,19.6796042689,150.44494336,4.54414489,1.0147540225,0.770852011642144
"GRB060607A",21.79614607,0.146128036,1.47,4.37412,-11.02273379,1.61002,1.10818,475.071983504776,0.0213534029052173,2.1609,19.1329257744,121.500660205208,2.5921644004,1.2280629124,0.610116955411928
"GRB060904B",21.59122827,0.387389826,1.64,3.87074,-11.11633856,2.18877,1.36265,466.181138207247,0.15007087728831,2.6896,14.9826281476,123.572982980543,4.7907141129,1.8568150225,0.231214647962601
"GRB060912A",21.36738202,0.933487288,1.74,2.455171016,-10.1079054,1.8948,1.045731532,456.565014388619,0.871398516857595,3.0276,6.02786471780647,102.169751575349,3.59026704,1.09355443701907,0.287129620719111
"GRB061110A",20.92661714,-0.27572413,1.67,2.24983,-8.33235,1.82722,1.45203,437.923304924142,0.0760237958642569,2.7889,5.0617350289,69.4280565225,3.3387329284,2.1083911209,0.244969460136198
"GRB061222A",22.56660835,0.930949031,1.35,3.92091,-9.954677021,1.92748,1.35061,509.25181242229,0.866666098319839,1.8225,15.3735352281,99.0955945924254,3.7151791504,1.8241473721,0.489677291663699
"GRB070721B",21.89473409,0.176091259,1.34,3.94739,-10.50863831,1.52512,2.5054,479.379380871808,0.0310081314962051,1.7956,15.5818878121,110.4314791304,2.3259910144,6.27702916,0.665205628434601
"GRB070810A",21.93100401,0.278753601,2.04,3.36583,-10.77728353,2.17076,1.36994,480.968936886636,0.0777035700704672,4.1616,11.3288115889,116.149840286009,4.7121989776,1.8767356036,0.501059262217751
"GRB080319B",20.8771334,1.394451681,1.04,5.36799912,-12.15181088,1.81426,1.42250979,435.854699001396,1.94449549064373,1.0816,28.8154145523208,147.666507663286,3.2915393476,2.02353410264584,0.287129620719111
"GRB080319C",21.75037415,0.716003344,1.37,3.19029,-8.91721463,1.61029,1.45203,473.078775664988,0.512660788619182,1.8769,10.1779502841,79.516716757486,2.5930338841,2.1083911209,0.469822015978163
"GRB080905B",22.33533151,-0.301029996,1.78,3.67820615,-10.11125904,1.86248,1.36946226,498.867033661599,0.09061905849176,3.1684,13.5292004818978,102.237559373982,3.4688317504,1.87542688156431,0.528145078253106
"GRB081028A",20.90308999,-0.301029996,1.25,4.75426,-11.3994,2.51,2.20023,436.939171130038,0.09061905849176,1.5625,22.6029881476,129.94632036,6.3001,4.8410120529,0.60616631460762
"GRB081203A",21.66176916,0.462397998,1.54,4.02089,-10.9243983,2.03508,1.86904,469.232243141127,0.213811908554408,2.3716,16.1675563921,119.342478217043,4.1415506064,3.4933105216,0.491361693834273
"GRB090418A",22.02365981,0.278753601,1.48,3.52813657,-10.04720756,2.03408,1.52909667,485.041591426609,0.0777035700704672,2.1904,12.4477476565714,100.946379753721,4.1374814464,2.33813662620509,0.416307587059883
"GRB090516A",21.19589965,0.204119983,1.84,4.33113504,-11.27490548,2.09,1.76098314,449.26616197287,0.0416649674599203,3.3856,18.7587307347158,127.123493582934,4.3681,3.10106161936426,0.708335902682263
"GRB091109A",21.89596701,0.113943352,1.31,3.37933883,-11.14630179,1.96352,1.06152816,479.433371303008,0.0129830874649959,1.7161,11.4199309279458,124.240043593757,3.8554107904,1.12684203447299,0.610234175334389
"GRB091208B",21.91211094,1.181843588,1.74,3.31388094,-10.18045606,2.03333,1.1606541,480.140605846868,1.39675426649671,3.0276,10.9818068844953,103.641685589591,4.1344308889,1.34711793984681,0.314499227973151
"GRB100219A",21.75351565,-0.397940009,1.34,4.7218991,-12.13548892,1.58721,0.998947,473.215443134795,0.15835625076292,1.7956,22.2963311105808,147.270091327443,2.5192355841,0.997895108809,0.753330221324521
"GRB100418A",21.06857915,0,2.16,5.54363,-12.48811664,2.26662,1.81145,443.885027399815,0,4.6656,30.7318335769,155.953057214245,5.1375662244,3.2813511025,0.21045229296202
"GRB100425A",20.53466438,0.146128036,2.42,3.60199415,-11.50168945,2.17077,0.86819371,421.672441199241,0.0213534029052173,5.8564,12.9743618566342,132.288860204241,4.7122423929,0.753760318083564,0.440121603187804
"GRB100513A",22.05240534,-0.22184875,1.62,3.74522911,-11.57186521,2.25722,0.96306136,486.308581279661,0.0492168678765625,2.6244,14.0267410863914,133.908064438408,5.0950421284,0.92748718312505,0.761326322421457
"GRB100621A",22.28454803,1.10720997,1.9,3.64164386,-9.804100348,2.3024,0.94079321,496.601080901377,1.2259139176674,3.61,13.2615700030757,96.1203836336537,5.30104576,0.885091863982104,0.188084373714938
"GRB100704A",21.52730245,0.633468456,1.73,3.62503495,-10.35163999,2.11575,1.01294211,463.424750773776,0.401282284747024,2.9929,13.1408783887215,107.156450482567,4.4763980625,1.02605171821125,0.662757831681574
"GRB100728A",21.52592288,0.707570176,1.18,4.03148606,-10.17587417,1.90402,1.5588143,463.365355835707,0.500655553964671,1.3924,16.2528798519743,103.548415123673,3.6252921604,2.42990202188449,0.409425868671443
"GRB100814A",20.89608288,0.397940009,1.47,5.22729477,-11.49349497,1.89414,1.76532941,436.646279727829,0.15835625076292,2.1609,27.3246106124694,132.100426625415,3.5877663396,3.11638792581095,0.387389826338729
"GRB100901A",21.53188109,-0.096910013,1.52,4.91124,-11.34103516,1.98285,1.50754,463.6219032739,0.00939155061966017,2.3104,24.1202783376,128.619078500356,3.9316941225,2.2726768516,0.381656482585787
"GRB100906A",21.96198081,1.004321374,1.78,3.94074768,-10.4698003,2.02817,1.71220056,482.328601098808,1.00866142227325,3.1684,15.5294922774254,109.61671832188,4.1134735489,2.93163075766431,0.43568513794163
"GRB101219B",20.49692965,-0.22184875,1.56,4.42003952,-11.99567863,1.85684,0.66918137,420.124125077049,0.0492168678765625,2.4336,19.5367493583618,143.896305794239,3.4478547856,0.447803705955077,0.190331698170291
"GRB110106B",21.29748256,0.322219295,1.76,3.87203946,-10.81530857,2.05121,1.22519883,453.582763393504,0.103825274070297,3.0976,14.9926895797971,116.970899464315,4.2074624641,1.50111217303337,0.208978517276253
"GRB110213A",21.56708403,0.204119983,1.83,3.84089,-9.896196279,1.96436,1.8412,465.139113557081,0.0416649674599203,3.3489,14.7524359921,97.9347007924934,3.8587102096,3.39001744,0.390935107103379
"GRB110422A",22.02088312,1.487138375,0.86,3.50066971,-9.681936665,1.89199,1.42239886,484.919293384701,2.21158054639764,0.7396,12.2546884185115,93.7398975850713,3.5796261601,2.0232185169293,0.442479769064449
"GRB110503A",21.13638759,0.130333768,0.88,2.54166555,-9.08249449,1.90907,1.14649063,446.746880354706,0.0169868910810778,0.7744,6.4600637680568,82.4917061608804,3.6445482649,1.3144407646778,0.417139409727326
"GRB110715A",22.0746007,1.731588765,1.25,2.61109719,-9.075720714,1.85342,0.95853538,487.287996064441,2.99839965107422,1.5625,6.8178285356259,82.3687064785287,3.4351656964,0.918790074711744,0.260071387985075
"GRB110731A",21.95954126,1.041392685,1.15,5.08952072,-12.08512818,1.85145,1.42351927,482.221452349642,1.08449872437151,1.3225,25.9032211593093,146.05032312703,3.4278671025,2.02640711206133,0.583198773968623
"GRB110808A",22.23063027,-0.397940009,2.32,4.50711,-12.08440021,2.33721,0.807091,494.20092220144,0.15835625076292,5.3824,20.3140405521,146.032728435448,5.4625505841,0.651395882281,0.370698092575577
"GRB110818A",22.06812647,0.204119983,1.58,3.84627415,-11.28316228,1.95985,1.37167718,487.002205895915,0.0416649674599203,2.4964,14.7938248369582,127.309751036815,3.8410120225,1.88149828613275,0.639486489268586
"GRB111123A",21.35034301,-0.045757491,1.68,4.42202873,-11.60730305,2.55463,1.46723371,455.837146644656,0.00209374798261508,2.8224,19.5543380889454,134.729484094539,6.5261344369,2.15277475976036,0.618215503279417
"GRB111209A",21.14009932,-0.301029996,1.48,4.13326,-9.057000407,1.81212,2.77382,446.903799259465,0.09061905849176,2.1904,17.0838382276,82.0292563723982,3.2837788944,7.6940773924,0.224533062606086
"GRB111228A",21.41342718,1.093421685,2.27,4.10627835,-10.65757732,2.03824,1.15297662,458.534863593163,1.19557098122824,5.1529,16.8615218876787,113.583954331778,4.1544222976,1.32935508626662,0.234010817587179
"GRB120118B",21.451745,0.342422681,2.08,3.68307,-10.95467702,2.20884,1.0241,460.177363545025,0.117253292463228,4.3264,13.5650046249,120.004948612516,4.8789741456,1.04878081,0.595826777073223
"GRB120327A",22.16619025,0.591064607,1.52,3.48517215,-10.15181088,1.75797,1.44859414,491.339990199195,0.349357369648064,2.3104,12.1464249151356,103.059264143286,3.0904585209,2.09842498244234,0.581266805273671
"GRB120404A",21.70983536,0.079181246,1.85,3.79948,-11.02687215,1.89579,1.90651,471.316951358306,0.00626966971811252,3.4225,14.4360482704,121.591909412446,3.5940197241,3.6347803801,0.588383768378728
"GRB120422A",21.29748256,-0.22184875,1.19,5.23266697,-12.73992861,2.32199,0.86153199,453.582763393504,0.0492168678765625,1.4161,27.380803618929,162.305780987897,5.3916375601,0.74223736979336,0.108226656374928
"GRB120729A",21.34792103,0.462397998,1.62,3.52138487,-10.29756946,1.8831,2.26312734,455.733732303116,0.213811908554408,2.6244,12.4001514026649,106.039936783525,3.54606561,5.12174535705548,0.255272505103306
"GRB120802A",22.12127744,0.477121255,1.21,3.53838419,-11.17198494,2.03526,0.54215516,489.350915577453,0.227644691972775,1.4641,12.520162676042,124.813247499587,4.1422832676,0.293932217514626,0.680879174426811
"GRB120811C",21.91722026,0.612783857,1.4,3.15909591,-10.14327111,1.92121,1.01613299,480.364543925354,0.375504055399796,1.96,9.97988696857873,102.885948810961,3.6910478641,1.03252625336634,0.564784384503987
"GRB120907A",21.0438101,0.462397998,1.73,3.2113827,-10.37675071,1.82021,1.05329104,442.841943524862,0.213811908554408,2.9929,10.3129788458593,107.676955297485,3.3131644441,1.10942201494428,0.294466226161593
"GRB120922A",21.0163605,0.301029996,1.58,3.59799,-10.59516628,2.06954,1.06622,441.68740866596,0.09061905849176,2.4964,12.9455320401,112.257548500849,4.2829958116,1.1368250884,0.612783856719735
"GRB121024A",21.94617755,0.113943352,1.41,4.17178823,-11.31158018,2.00683,1.30353551,481.634709056124,0.0129830874649959,1.9881,17.4038170359665,127.951846168569,4.0273666489,1.69920482583096,0.5182506513085
"GRB121027A",22.07736427,0.113943352,1.82,5.40919042,-11.92081875,2.37144,1.50995764,487.410013110273,0.0129830874649959,3.3124,29.2593409998198,142.105919670352,5.6237276736,2.27997207459437,0.442949869577862
"GRB121128A",22.04029767,1.11058971,1.32,3.23392922,-9.617982957,1.98504,1.54546584,485.774721382207,1.23340950395788,1.7424,10.4582981999698,92.5055961611425,3.9403838016,2.38846466260691,0.505149978319906
"GRB121211A",21.66138196,0,2.36,4.20933518,-11.2823295,2.0682,1.15615612,469.215468417013,0,5.5696,17.7185026575856,127.29095894657,4.27745124,1.33669697381345,0.305995882770805
"GRB121229A",21.69605744,-1,2.43,4.70907,-12.35951856,2.18362,0.900754,470.718908439779,1,5.9049,22.1753402649,152.757699034984,4.7681963044,0.811357768516,0.569022586029564
"GRB130408A",20.06405721,0.69019608,1.28,3.58393,-10.32975415,2.03183,1.39277,402.566391726153,0.476370628847366,1.6384,12.8445542449,106.703820799442,4.1283331489,1.9398082729,0.677333151419902
"GRB130418A",21.12149747,-0.22184875,2.07,2.59006,-9.247183569,1.68684,1.28449,446.117655375216,0.0492168678765625,4.2849,6.7084108036,85.5104039587836,2.8454291856,1.6499145601,0.345961541813141
"GRB130420A",20.79265849,0.531478917,1.52,3.56731,-10.8728952,2.29559,0.914676,432.334647081769,0.282469839215493,2.3104,12.7257006361,118.219850030183,5.2697334481,0.836632184976,0.361160995195026
"GRB130505A",20.71960885,1.477121255,1.18,3.24559,-8.91721463,1.92439,1.3304,429.302190896998,2.18188720197277,1.3924,10.5338544481,79.516716757486,3.7032768721,1.76996416,0.514547752660286
"GRB130511A",21.01365445,0.113943352,1.35,2.65954,-10.51570016,2.06879,1.16497,441.573673344005,0.0129830874649959,1.8225,7.0731530116,110.579949855024,4.2798920641,1.3571551009,0.362350507594848
"GRB130514A",21.19799139,0.447158031,1.8,3.68772,-10.7212464,2.0604,1.17745,449.354838970514,0.199950304687797,3.24,13.5992787984,114.945124369513,4.24524816,1.3863885025,0.662757831681574
"GRB130604A",21.35024026,-0.096910013,1.51,2.071571247,-8.316052869,2.08823,1.742079764,455.832759159725,0.00939155061966017,2.2801,4.29140743139714,69.1567353200031,4.3607045329,3.0348419041383,0.313867220369153
"GRB130606A",20.24962877,0.414973348,1.52,3.30222,-10.18045606,1.86465,1.37571,410.047465322812,0.172202879550329,2.3104,10.9046569284,103.641685589591,3.4769196225,1.8925780041,0.839666556882433
"GRB130831A",22.17059025,1.133538908,1.93,3.31959,-9.89279003,1.79449,1.28481,491.535072033395,1.28491045594983,3.7249,11.0196777681,97.8672945776674,3.2201943601,1.6507367361,0.16999753706657
"GRB130925A",21.99154725,0.86332286,1.85,5.84588,-10.62525165,2.69002,1.38344,483.628150448983,0.74532636059858,3.4225,34.1743129744,112.895972625828,7.2362076004,1.9139062336,0.129367595722986
"GRB131030A",20.84178667,1.44870632,1.3,2.84594,-9.294136288,2.09466,1.11188,434.38007159779,2.09875000160794,1.69,8.0993744836,86.3809693399184,4.3876005156,1.2362771344,0.36078268987328
"GRB131105A",21.32749584,0.544068044,1.45,3.9488,-10.91009489,2.24976,1.19347,454.862078805217,0.296010036501986,2.1025,15.59302144,119.030170508804,5.0614200576,1.4243706409,0.429106008332697
"GRB131117A",22.01669496,-0.15490196,0.49,2.87134,-10.838632,2.15896,0.951056,484.734856961689,0.0239946172118416,0.2401,8.2445933956,117.475943631424,4.6611082816,0.904507515136,0.702602841340427
"GRB140206A",22.00531353,1.28780173,1.04,3.59073,-9.730487056,1.88134,1.22509,484.233823553601,1.65843329579099,1.0816,12.8933419329,94.6823783469835,3.5394401956,1.5008455081,0.571708831808688
"GRB140213A",20.99187128,1.371067862,1.8,3.829176603,-10.12551818,1.96657,1.108879519,440.658659836089,1.87982708220925,3.24,14.6625934569626,102.526118413511,3.8673975649,1.22961378765767,0.343920385393226
"GRB140419A",22.04094236,0.69019608,1.21,3.68383,-10.00568285,1.87322,1.36898,485.803140116842,0.476370628847366,1.4641,13.5706034689,100.113689294784,3.5089531684,1.8741062404,0.695131297704026
"GRB140423A",21.81946365,0.322219295,1.33,3.90552,-10.85078089,2.06486,1.18974,476.088993973671,0.103825274070297,1.7689,15.2530864704,117.739445922789,4.2636468196,1.4154812676,0.629409599102719
"GRB140430A",21.67796993,0.397940009,2,4.14388,-11.36251027,2.15785,0.875171,469.934380285984,0.15835625076292,4,17.1717414544,129.106639635855,4.6563166225,0.765924279241,0.414973347970818
"GRB140506A",21.81764402,1.037426498,1.68,3.30686,-9.903089987,1.74751,0.948932,476.009590583442,1.07625373875254,2.8224,10.9353230596,98.0711912906197,3.0537912001,0.900471940624,0.276231957921834
"GRB140509A",20.90144742,0.204119983,1.59,3.58709,-11.09770006,1.93407,1.40649,436.870504251025,0.0416649674599203,2.5281,12.8672146681,123.158946621724,3.7406267649,1.9782141201,0.531478917042255
"GRB140512A",21.32824297,0.832508913,1.45,3.53686,-9.504455662,1.84304,1.25134,454.893948187355,0.693071090224441,2.1025,12.5093786596,90.3346774309239,3.3967964416,1.5658517956,0.236789099409293
"GRB140518A",22.46148952,0,0.92,3.77824,-11.31158018,1.93772,1.64981,504.51851145707,0,0.8464,14.2750974976,127.951846168569,3.7547587984,2.7218730361,0.756407872548958
"GRB140614A",21.3989672,-0.420216403,1.5,3.70006,-10.9589,1.77015,1.35595,457.915797226676,0.176581825350258,2.25,13.6904440036,120.09748921,3.1334310225,1.8386004025,0.718750734739665
"GRB140629A",21.74269921,0.62324929,1.86,2.85608,-9.847711656,1.95996,1.16056,472.744968936535,0.388439677485504,3.4596,8.1571929664,96.9774248597183,3.8414432016,1.3468995136,0.515211304327802
"GRB141004A",21.49730845,0.785329835,1.86,3.30337,-10.61083392,1.79496,1.54959,462.134270594441,0.616742949741127,3.4596,10.9122533569,112.589796477823,3.2218814016,2.4012291681,0.196728722623287
"GRB141121A",21.59590717,-0.045757491,1.73,5.76634,-12.65757732,1.93447,2.33322,466.383206495257,0.00209374798261508,2.9929,33.2506769956,160.214263611778,3.7421741809,5.4439155684,0.392696953259666
"GRB141220A",21.48574413,0.949390007,0.62,2.77561,-9.872830386,1.80565,1.42066,461.63720081983,0.90134138539146,0.3844,7.7040108721,97.4727798307249,3.2603719225,2.0182748356,0.365394376854778
"GRB150120B",21.52664292,0.079181246,2.2,3.39431,-10.79048499,2.01678,1.17705,463.396355405186,0.00626966971811252,4.84,11.5213403761,116.434566319415,4.0674015684,1.3854467025,0.653212513775344
"GRB150314A",22.01715025,1.58546073,1.08,2.49217,-8.609064893,1.84772,1.19079,484.754905131075,2.51368572637213,1.1664,6.2109113089,74.1159983318851,3.4140691984,1.4179808241,0.440594261839831
"GRB150403A",21.79039707,1.245512668,1.23,3.19694,-8.821023053,1.70996,1.24471,474.821404468265,1.55130180614848,1.5129,10.2204253636,77.8104477015574,2.9239632016,1.5493029841,0.48572142648158
"GRB150821A",22.340573,-0.337242168,2.1,2.95174,-8.853871964,2.21622,1.82628,499.101201968329,0.11373227987734,4.41,8.7127690276,78.3910487549052,4.9116310884,3.3352986384,0.244277120801843
"GRB150910A",20.842422,0.041392685,1.42,3.85419,-9.970616222,1.78547,2.03808,434.406554826084,0.00171335437150922,2.0164,14.8547805561,99.4131878464096,3.1879031209,4.1537700864,0.372727940885595
"GRB151021A",22.33647975,0.986771734,1.57,3.15765,-9.642065153,1.96079,1.33346,498.91832762216,0.973718455021367,2.4649,9.9707535225,92.9694204146969,3.8446974241,1.7781155716,0.52244423350632
"GRB151027A",21.65076489,0.832508913,1.72,3.99907,-9.935542011,2.00612,1.74508,468.755620322057,0.693071090224441,2.9584,15.9925608649,98.7149950523459,4.0245174544,3.0453042064,0.257678574869184
"GRB151029A",21.55195354,0.255272505,0.49,2.7098,-10.76639985,2.307153,1.23481,464.486701390319,0.065164051808975,0.2401,7.34301604,115.91536573008,5.322954965409,1.5247557361,0.384353414137506
"GRB151031A",21.98623592,0.230448921,2.41,3.69323,-11.5214335,2.12551,0.897942,483.394569929898,0.0531067051900642,5.8081,13.6399478329,132.743429894922,4.5177927601,0.806299835364,0.335858911319818
"GRB151215A",21.45079548,0.204119983,1.99,3.06337,-10.72815839,2.20942,1.07478,460.136626724788,0.0416649674599203,3.9601,9.3842357569,115.093382440927,4.8815367364,1.1551520484,0.555094448578319
"GRB160117B",20.95374423,-0.096910013,1.73,4.10299,-11.74958,1.83834,0.973333,439.059397256258,0.00939155061966017,2.9929,16.8345269401,138.0526301764,3.3794939556,0.947377128889,0.271841606536499
"GRB160121A",21.79728278,0.079181246,1.77,3.8244,-11.17263073,2.2054,0.798663,475.121536591284,0.00626966971811252,3.1329,14.62603536,124.82767742894,4.86378916,0.637862587569,0.471291711058939
"GRB160203A",22.0158332,0.113943352,1.93,3.66139836,-11.36754271,1.75592,1.146279559,484.696911490222,0.0129830874649959,3.7249,13.4058379506107,129.221027263674,3.0832550464,1.31395682738123,0.655138434811382
"GRB160227A",21.4198963,-0.22184875,0.75,4.47751,-10.99567863,1.72551,1.10229,458.811957502754,0.0492168678765625,0.5625,20.0480958001,120.904948534239,2.9773847601,1.2150432441,0.528916700277655
"GRB160804A",21.30214687,0.462397998,1.4,4.38419,-11.5214335,1.87827,0.948229,453.781461271051,0.213811908554408,1.96,19.2211219561,132.743429894922,3.5278981929,0.899138236441,0.239549720840473
"GRB161108A",21.16074757,-0.22184875,1.85,4.69106,-11.81247928,2.00325,0.883711,447.777237721261,0.0492168678765625,3.4225,22.0060439236,139.534666740429,4.0130105625,0.780945131521,0.334252642334231
"GRB161117A",21.87736847,0.832508913,1.19,4.08464,-10.74958,1.92624,1.141,478.61925117215,0.693071090224441,1.4161,16.6842839296,115.5534701764,3.7104005376,1.301881,0.406369835469268
"GRB161129A",21.51361441,0.531478917,1.57,3.70506,-10.43651891,1.74506,2.32574,462.83560498216,0.282469839215493,2.4649,13.7274696036,108.920926958788,3.0452344036,5.4090665476,0.216165902285993
"GRB161219B",21.16590877,0.72427587,1.29,4.0135,-10.13667714,1.86204,0.871656,447.995694059963,0.524575535864257,1.6641,16.10818225,102.752223440599,3.4671929616,0.759784182336,0.0597526942092988
"GRB170202A",21.7153121,0.672097858,1.68,3.77629,-10.65364703,1.99768,1.1958,471.554779600406,0.451715530728188,2.8224,14.2603661641,113.500195039828,3.9907253824,1.42993764,0.666985718329661
"GRB170405A",21.67796993,0.462397998,1.59,3.6300738,-10.31069114,1.8473,1.81152426,469.934380285984,0.213811908554408,2.5281,13.1774357934464,106.310351784474,3.41251729,3.28162014456855,0.65417654187796
"GRB170519A",21.33992622,-0.15490196,1.94,4.1513,-11.06348626,1.97351,1.37345,455.392451075043,0.0239946172118416,3.7636,17.23329169,122.400728225209,3.8947417201,1.8863649025,0.259593878885949
"GRB170531B",22.04094236,-0.096910013,1.95,3.80257,-11.39577395,2.06685,1.02082,485.803140116842,0.00939155061966017,3.8025,14.4595386049,129.863663919499,4.2718689225,1.0420734724,0.527114111639805
"GRB170705A",21.08891889,1.1430148,1.65,3.63746,-10.18641901,1.89159,0.774169,444.742499948999,1.30648283301904,2.7225,13.2311152516,103.763132247289,3.5781127281,0.599337640561,0.478566495593843
"GRB170714A",21.06857915,-0.397940009,1.76,4.28080232,-10.075204,1.84715,1.45203,443.885027399815,0.15835625076292,3.0976,18.3252685029174,101.509735641616,3.4119631225,2.1083911209,0.253580289562183
"GRB170903A",21.73970839,0.591064607,1.94,4.41384,-11.26042766,2.20256,0.971187,472.614920882236,0.349357369648064,3.7636,19.4819835456,126.797231086093,4.8512705536,0.943204188969,0.27554168840131
"GRB171205A",20.842422,0,1.41,5.48376,-12.42945706,1.66173,1.13263,434.406554826084,0,1.9881,30.0716237376,154.491402806384,2.7613465929,1.2828507169,0.0156949885265181
"GRB171222A",20.02880298,-0.15490196,2.07,4.78231,-12.10957898,1.99001,0.718496,401.152948811657,0.0239946172118416,4.2849,22.8704889361,146.641903072858,3.9601398001,0.516236502016,0.532627001228891
"GRB180205A",21.4933967,0.531478917,2.04,3.21372,-10.30627305,1.88733,1.09633,461.966101703571,0.282469839215493,4.1616,10.3279962384,106.219264181156,3.5620145289,1.2019394689,0.381836799998343
"GRB180329B",21.41988474,0.146128036,0.97,4.02296,-11.14935376,1.86768,1.50063,458.811462274885,0.0213534029052173,0.9409,16.1842071616,124.308089265626,3.4882285824,2.2518903969,0.476831628512261
