"","log10PeakFlux","log10NH","PhotonIndex","log10Ta","log10T90","log10Fa","Gamma","log10PeakFluxSqr","log10NHSqr","PhotonIndexSqr","log10TaSqr","log10T90Sqr","log10FaSqr","GammaSqr","Alpha","Beta","log10Fluence","T90Err","log10FaErr","log10TaErr","AlphaErr","BetaErr","FluenceErr","PhotonIndexErr","PeakFluxErr","log10T90Err","log10FluenceErr","log10PeakFluxErr","Redshift_crosscheck","log10z"
"GRB050315",0.285557309,21.91683806,2.11,4.86356,1.9804578922761,-11.3757179,1.99544,0.0815429767233215,480.347790548265,4.4521,23.6542158736,3.92221346307869,129.40695774038,3.9817807936,1.10818,0.856,-5.492144128,14.02006162,0.03245,0.04512,0.049165,0.001,8.84848484848485e-08,0.054545455,0.133333333,0.0636907468358741,0.0119343109944412,0.0300030729412981,1.949,0.469674772551798
"GRB050318",0.499687083,20.92661714,1.9,4.132084541,1.50514997831991,-11.15490196,1.98053,0.249687180917049,437.923304924142,3.61,17.0741226539712,2.26547645723641,124.431837737212,3.9224990809,1.874408221,0.95,-5.966576245,10.96645741,0.06181969,0.043780336,0.085906519,0.037,4.66666666666667e-08,0.060606061,0.121212121,0.148833498099688,0.0187658109674778,0.0166587833050111,1.44,0.387389826338729
"GRB050319",0.181843588,20.93735437,2.02,3.73997,2.1832698436828,-10.70553377,2.01045,0.0330670904967137,438.372808014958,4.0804,13.9873756009,4.76666721033474,114.60845330061,4.0419092025,0.863159,0.971,-5.882728704,10.95539119,0.04165,0.06193,0.034558,0.009,8.96969696969697e-08,0.115151515,0.127272727,0.0311991209239902,0.0297365640854658,0.0363643704117435,3.24,0.627365856592733
"GRB050401",1.029383778,22.12570242,1.4,3.12435,1.52244423350632,-9.653647026,1.78711,1.05963096240955,489.546707578394,1.96,9.7615629225,2.31783644413665,93.1929009025986,3.1937621521,0.984108,0.9995,-5.085128182,0.6253575,0.019455,0.02833,0.0260615,0.0174145,1.85454545454545e-07,0.042424242,0.557575758,0.00815583517918357,0.0097982829257281,0.0226310350249442,2.9,0.591064607026499
"GRB050505",0.267171728,22.23063027,1.41,4.270583544,1.7701152947871,-11.04817696,2.01835,0.071380732242506,494.20092220144,1.9881,18.2378838062836,3.13330815683923,122.062214139475,4.0737367225,1.462094791,0.973,-5.603800653,6.838970679,0.03272177,0.030067592,0.035926291,5e-04,1.08484848484848e-07,0.072727273,0.187878788,0.0504266082816271,0.018921434167657,0.0441052545788047,4.27,0.721810615212547
"GRB050730",-0.259637311,21.73850309,1.53,4.05018,2.19451434188247,-10.09854168,1.6177,0.0674115332633107,472.562516593939,2.3409,16.4039580324,4.81589319672784,101.980544062697,2.61695329,2.38763,0.5615,-5.623423043,18.03329907,0.0266,0.017795,0.0538,0.000210492,9.21212121212121e-08,0.066666667,0.084848485,0.0500432094352208,0.0168099723091123,0.0669985979550667,3.967,0.696094159995223
"GRB050802",0.439332694,21.25883595,1.54,3.63973,1.27875360095283,-10.28650946,1.8557,0.193013216017298,451.938105949012,2.3716,13.2476344729,1.63521077194983,105.812276870669,3.44362249,1.44729,0.8585,-5.698970004,10.19803903,0.0275,0.0326,0.03274,0.002369606,9.51515151515152e-08,0.078787879,0.266666667,0.233102740892789,0.020661888971532,0.0421134043419523,1.7102,0.433001340945038
"GRB050803",-0.017728767,21.34755638,1.38,4.21721,1.94398887507377,-10.86012091,2.11696,0.000314309179340289,455.718163397279,1.9044,17.7848601841,3.77909274641059,117.942226179819,4.4815196416,1.52234,1.218,-5.66756154,10.43812723,0.0489,0.04766,0.048695,0.22485626,8.18181818181818e-08,0.066666667,0.066666667,0.0515724807439485,0.0165270627330643,0.0301593391746037,3.5,0.653212513775344
"GRB050824",-0.301029996,20.9708274,2.76,5.08558,1.3541084391474,-12.23882419,1.94709,0.09061905849176,439.775601840591,7.6176,25.8631239364,1.83360966497021,149.788817553729,3.7911594681,0.954481,0.86,-6.575118363,4.070927175,0.06855,0.12722,0.0899785,0.01,3.15151515151515e-08,0.23030303,0.090909091,0.0782292570058625,0.0514543473223617,0.0789626332133755,0.8278,0.261928672990642
"GRB050826",-0.420216403,21.96085591,1.16,4.76235,1.55022835305509,-12.33348202,2.45742,0.176581825350258,482.279192299782,1.3456,22.6799775225,2.40320794661591,152.114778737663,6.0389130564,1.801,1.11,-6.384049948,5.865069501,0.23405,0.13858,0.23538,0.03,4.36363636363636e-08,0.187878788,0.078787879,0.0717511921200946,0.0458862758416538,0.0900451080536063,0.297,0.11293997608408
"GRB060115",-0.060480747,21.43355223,1,3.69688,2.14488541828714,-11.29499204,2.10553,0.00365792075767801,459.397161196138,1,13.6669217344,4.60053345758081,127.576845183663,4.4332565809,0.889919,1,-5.76700389,15.0870791,0.0812,0.123015,0.053884,0.085,9.09090909090909e-08,0.303030303,0.072727273,0.0469357822433229,0.0230884892235729,0.0363046589885454,3.53,0.656098202012832
"GRB060124",-0.050609993,21.9172644,1.84,4.47599,2.8750612633917,-10.6893,2.00895,0.00256137139146005,480.366478779507,3.3856,20.0344864801,8.26597726825548,114.26113449,4.0358801025,1.3641,0.99,-6.336299075,1.306782322,0.04445,0.036665,0.01627,0.076380116,3.21212121212121e-08,0.115151515,0.109090909,0.000756704468657758,0.0302604450950157,0.0532332356918798,2.296,0.517987203025078
"GRB060206",0.445604203,22.33966406,1.2,3.93814,0.880813592280791,-10.63078414,2.20424,0.198563105731265,499.060590313656,1.44,15.5089466596,0.775832584346592,113.013571431276,4.8586739776,1.17565,1.265,-6.080398976,1.933560454,0.07055,0.07444,0.02867,0.013041887,2.54545454545455e-08,0.181818182,0.103030303,0.110491399420861,0.0133029706675924,0.0160378107849136,4.048,0.703119346236078
"GRB060210",0.434568904,22.3877421,1.53,4.15028,2.40654018043396,-10.66756154,2.08163,0.188850132323761,501.210996336112,2.3409,17.2248240784,5.79143564004309,113.796869209687,4.3331834569,1.20511,0.979,-5.11577123,121.976523,0.0292,0.030365,0.02297,0.083622271,2.47878787878788e-07,0.054545455,0.16969697,0.207740121022138,0.0140538367709601,0.0270950212031269,3.91,0.691081492122968
"GRB060306",0.775974331,21.61973178,1.8,3.61496,1.78675142214556,-10.70553377,2.28823,0.602136162370898,467.412802239142,3.24,13.0679358016,3.19248064453919,114.60845330061,5.2359965329,1.03794,0.76,-5.671620397,3.518840719,0.03495,0.04452,0.02498,0.01,7.15151515151515e-08,0.060606061,0.193939394,0.0249708024012773,0.014581519111212,0.0141083431596232,1.559,0.408070285887185
"GRB060418",0.814247596,21.65363309,1.7,3.11887,2.01325866528352,-9.792961075,1.94118,0.662999147591779,468.879825996343,2.89,9.7273500769,4.05321045333917,95.9020866164651,3.7681797924,1.47655,0.98,-5.079354999,45.254834,0.04904,0.057245,0.044705,0.005,1.53333333333333e-07,0.036363636,0.212121212,0.190629725370006,0.0079942161609691,0.0141293054922338,1.489,0.396024896608593
"GRB060604",-0.468521083,21.99003057,2.01,4.45991,1.97772360528885,-11.76955108,2.1711,0.219512005215493,483.561444469534,4.0401,19.8907972081,3.91139065891672,138.522332624729,4.71367521,1.21596,1.02,-6.395773947,17,0.04195,0.04994,0.04695,0,6.42424242424242e-08,0.254545455,0.078787879,0.0777158546563714,0.0694033093482565,0.100638650276148,2.1357,0.496334505996816
"GRB060605",-0.337242168,21.77333803,1.55,4.04162,1.89817648349768,-11.26121944,2.02128,0.11373227987734,474.078248968644,2.4025,16.3346922244,3.6030739625036,126.815063275834,4.0855728384,1.9179,0.835,-6.156767222,35.01416491,0.05315,0.037375,0.085,0.10149311,5.45454545454545e-08,0.121212121,0.072727273,0.192243471667048,0.0339867861224412,0.0686631594013328,3.78,0.679427896612119
"GRB060614",1.06069784,20.51216256,2.02,5.03344,2.03622954408629,-11.78251606,1.89544,1.12507990778067,420.748812887866,4.0804,25.3355182336,4.14623075620988,138.827684704158,3.5926927936,1.9453,0.783,-4.690369833,3.31042292,0.0429,0.0289,0.05983,0.006,2.2e-07,0.024242424,0.448484848,0.0132262962918312,0.00468356794668692,0.0169369125967137,0.125,0.0511525224473813
"GRB060707",0.004321374,21.20847898,0.6,3.5545,1.8208579894397,-10.9132,2.09345,1.8674273247876e-05,449.799580645102,0.36,12.63447025,3.31552381770639,119.09793424,4.3825329025,0.861995,1.12,-5.795880017,6.314200491,0.07695,0.127895,0.0364485,0.035,9.15151515151515e-08,0.363636364,0.139393939,0.0414232995600016,0.0248403283013014,0.0599386321664952,3.425,0.645913275033844
"GRB060708",0.28780173,20.79066861,1.68,3.50569,1.00860017176192,-10.86966623,2.20484,0.0828298357909929,432.251901250839,2.8224,12.2898623761,1.01727430647817,118.149643951602,4.8613194256,1.12969,1.485,-6.306273051,3.601244236,0.06115,0.062725,0.028525,0.33410152,2.24242424242424e-08,0.072727273,0.084848485,0.153333382321636,0.019714017700399,0.018994447849191,1.92,0.465382851448418
"GRB060714",0.10720997,22.0125926,1.93,3.73449,2.06069784035361,-10.86012091,2.04425,0.0114939776674009,484.554232973575,3.7249,13.9464155601,4.24647558923804,117.942226179819,4.1789580625,1.20488,0.87,-5.548213564,9.129365384,0.0352,0.046765,0.035305,0.005,1.01212121212121e-07,0.066666667,0.078787879,0.0344768087786936,0.0155321080197879,0.0267321414553261,2.711,0.569490954348783
"GRB060729",0.068185862,20.86562801,1.75,5.1057,2.0618293072947,-11.15058059,1.92492,0.00464931177668304,435.374432251696,3.0625,26.06817249,4.25114009241934,124.335447494085,3.7053170064,1.35481,1.317,-5.583359493,33.90346061,0.0116,0.012825,0.013425,0.077392286,1.27878787878788e-07,0.084848485,0.078787879,0.127702392544209,0.0212785639737521,0.0292454197184288,0.54,0.187520720836463
"GRB060814",0.861534411,22.00679538,1.53,4.22387,2.16226561429802,-10.91009489,2.11591,0.742241541337117,484.299042897189,2.3409,17.8410777769,4.6753925867756,119.030170508804,4.4770751281,1.29504,0.97,-4.835647144,4.898458524,0.0353,0.034855,0.024565,0,1.44848484848485e-07,0.018181818,0.175757576,0.0146412491865461,0.00430869161989862,0.0104993872606212,1.9229,0.465813957269479
"GRB060906",0.294466226,22.41960057,2.03,4.33479,1.63848925695464,-11.8827287,2.07859,0.0867103582546831,502.638489718344,4.1209,18.7904043441,2.68464704515576,141.199241357804,4.3205363881,1.71887,1.06,-5.655607726,8.166987204,0.08845,0.072145,0.169635,0.005,8.24242424242424e-08,0.066666667,0.16969697,0.0815374132522222,0.0161974631827828,0.0374103846163063,3.686,0.670802284260944
"GRB060908",0.481442629,21.80952201,1,2.81918,1.28555730900777,-9.627087997,2.13395,0.231787005018432,475.655250304674,1,7.9477758724,1.65265759474331,92.6808233019815,4.5537426025,1.38309,1.185,-5.552841969,1.330335293,0.045185,0.05993,0.04964,0.003474954,6.72727272727273e-08,0.181818182,0.151515152,0.0299356101984998,0.0104343479500535,0.0217168958293479,1.8836,0.459935016851525
"GRB060926",0.037426498,22.50004427,2.54,3.351,0.903089986991944,-10.84771166,2.00443,0.001400742752544,506.25199215196,6.4516,11.229201,0.815571524605109,117.6728482585,4.0177396249,1.45111,1.357,-6.659555885,1.212679677,0.08245,0.09927,0.11561,0.009157091,1.51515151515152e-08,0.139393939,0.084848485,0.0658325115046647,0.0300466640198818,0.0338066319525806,3.2,0.6232492903979
"GRB060927",0.431363764,22.10710478,0.9,3.15198,1.35218251811136,-10.77728353,1.94856,0.186074696892248,488.724081753899,0.81,9.9349779204,1.82839756228599,116.149840286009,3.7968860736,1.39098,0.83,-5.946921557,1.294276634,0.08115,0.108435,0.118785,0.178498106,4.12121212121212e-08,0.242424242,0.103030303,0.0249820977867784,0.0158391122565265,0.0165724044733706,5.47,0.8109042806687
"GRB061021",0.78604121,20.87141063,1.3,3.23849,1.66464197555613,-10.04095861,1.99282,0.617860783818264,435.615781686077,1.69,10.4878174801,2.7710329067834,100.820849807733,3.9713315524,1.01707,0.785,-5.528708289,5.398832468,0.0264,0.03399,0.010415,0.016800037,6.12121212121212e-08,0.036363636,0.163636364,0.0507507175232146,0.00898111029446789,0.0116311571135192,0.3463,0.129141845792285
"GRB061121",1.324282455,21.75351565,1.41,3.78753,1.91009054559407,-10.03011836,1.90181,1.75372402062083,473.215443134795,1.9881,14.3453835009,3.64844589236785,100.603274315609,3.6168812761,1.35185,0.9485,-4.863279433,46.12748458,0.01265,0.01703,0.01585,0.002358211,1.20606060606061e-07,0.018181818,0.278787879,0.246407281884026,0.00382325157840621,0.00573820083195282,1.314,0.364363354615731
"GRB070110",-0.22184875,21.3989672,1.58,4.26825,1.94645226501307,-11.04866248,2.08596,0.0492168678765625,457.915797226676,2.4964,18.2179580625,3.78867641997452,122.07294259696,4.3512291216,1.42725,1.186,-5.790484985,14.47803302,0.05475,0.053995,0.046555,0.12166788,6.54545454545455e-08,0.072727273,0.072727273,0.0711281657171841,0.0175472517755912,0.0526417556261212,2.352,0.525304009958239
"GRB070208",-0.045757491,21.8647258,1.94,3.44468,1.67851837904011,-10.86327943,2.20341,0.00209374798261508,478.066234309186,3.7636,11.8658203024,2.81742394877545,118.010839974261,4.8550156281,1.2125,1.14,-6.351639989,22.627417,0.1619,0.14114,0.06357,0.015,6.12121212121212e-08,0.218181818,0.133333333,0.20601598202985,0.0597395201502247,0.0643399231491616,1.165,0.335457900689384
"GRB070223",-0.161150909,21.70173804,1.85,4.22335,1.94694327069783,-11.86327943,2.25837,0.0259696154715263,470.965433956783,3.4225,17.8366852225,3.79058809931555,140.737398834261,5.1002350569,0.991734,1.03,-5.769551079,8.08530616,0.16615,0.203105,0.079308,0.06,7.27272727272727e-08,0.072727273,0.090909091,0.0396768796586031,0.0185794430922578,0.0572192993510938,1.6295,0.419873175149476
"GRB070306",0.609594409,22.44245468,1.66,4.86926,2.32118402730231,-11.2737,1.94468,0.371605343484059,503.663772063854,2.7556,23.7096929476,5.38789528860339,127.09631169,3.7817803024,1.89982,0.831,-5.269217724,64.76757163,0.0335,0.02824,0.06188,0.001,1.73333333333333e-07,0.060606061,0.127272727,0.134263479547411,0.0139921394309921,0.013580796821018,1.4959,0.397227181043161
"GRB070508",1.382017043,21.89306622,1.1,3.02525,1.32014628611105,-9.161150909,1.82568,1.90997110714246,479.306348513305,1.21,9.1521375625,1.74278621673281,83.9266859774715,3.3331074624,1.37377,0.764,-4.707743929,0.735923906,0.010795,0.01189,0.013355,5e-04,1.65454545454545e-07,0.060606061,0.36969697,0.0152922340419372,0.00366612225284185,0.00666213086681254,0.82,0.260071387985075
"GRB070521",0.814913181,22.27524914,1.1,3.55243,1.57863920996807,-10.01233374,2.00022,0.664083492567539,496.186724249071,1.21,12.6197589049,2.49210175524862,100.246826921142,4.0008800484,1.44502,0.98,-5.096367484,2.819384324,0.04901,0.04844,0.0562,0.147518075,1.07272727272727e-07,0.121212121,0.163636364,0.032307204598357,0.00581622391039878,0.0108830581881966,2.0865,0.489466281303128
"GRB070529",0.155336037,22.56252244,1.34,3.09323,2.03822263836872,-10.24641694,1.97999,0.0241292843908654,509.067418855503,1.7956,9.5680718329,4.15435152355874,104.989060108319,3.9203604001,1.21432,0.76,-5.590066877,19.9827799,0.0552,0.068045,0.03501,0.015,1.48484848484848e-07,0.096969697,0.218181818,0.0794726286049195,0.0250918873122187,0.0662623494478934,2.4996,0.544018407858776
"GRB070802",-0.397940009,21.91375294,1.79,3.92184,1.2148438480477,-11.6716204,1.99014,0.15835625076292,480.212567915359,3.2041,15.3808289856,1.47584557513934,136.226722761696,3.9606572196,1.16348,0.78,-6.552841969,3.019812592,0.17395,0.236245,0.2088785,0.045,3.03030303030303e-08,0.163636364,0.060606061,0.0799687771394851,0.0470015673425834,0.065802194705171,2.45,0.537819095073274
"GRB071003",0.799340549,20.86974084,1.36,4.78411,2.17609125905568,-11.67760082,1.91015,0.638945313275621,435.546082728764,1.8496,22.8877084921,4.73537316773854,136.366360911265,3.6486730225,1.97901,0.837,-5.080921908,4.494400066,0.1359,0.098505,0.183105,0.032,1.81818181818182e-07,0.042424242,0.242424242,0.0130126209875294,0.00951357025803561,0.0167116683635139,1.60435,0.415699348887829
"GRB071020",0.924279286,20.99642367,1.11,2.311950854,0.6232492903979,-9.169411331,1.59788,0.85429219852867,440.849806930136,1.2321,5.34511675131133,0.388439677981486,84.0781041570712,2.5532204944,1.119196934,0.844,-5.638272164,0.581982802,0.035099822,0.039262062,0.011153209,0.001,6.06060606060606e-08,0.03030303,0.181818182,0.0601790284455221,0.0114438598661619,0.00940031347184909,2.145,0.497620649781288
"GRB071117",1.053078443,22.04291793,1.57,3.901990464,0.819543935541869,-11.23542972,2.0457,1.1089742071113,485.890230868716,2.4649,15.2255295811469,0.671652262283455,126.234880993059,4.18488849,1.104952391,0.94,-5.619788758,1.824859447,0.101024385,0.117162967,0.089387802,0.01,6.06060606060606e-08,0.036363636,0.242424242,0.120079755769867,0.0109670323640116,0.00931712484047533,1.331,0.367542273520577
"GRB080411",1.635483747,21.57289018,1.75,4.20932562,1.7481880270062,-10.11350927,1.97674,2.67480708670116,465.389590718341,3.0625,17.7184221751884,3.05616137776783,102.283069754376,3.9075010276,1.28909841,0.91,-4.578396073,1.000967534,0.06043543,0.049275581,0.010296793,0,6.06060606060606e-08,0.018181818,0.545454545,0.00776276208179474,0.000997002942546105,0.00548351617874055,1.03,0.307496037913213
"GRB080516",0.255272505,22.03528962,1.82,3.77452827,0.763427993562937,-11.12090412,2.3315,0.065164051808975,485.55398863728,3.3124,14.2470636610292,0.582822301355532,123.674508446233,5.43589225,0.94016916,1.48,-6.585026652,0.213016433,0.077803665,0.111057696,0.084888358,0.03,2.42424242424242e-08,0.163636364,0.181818182,0.0159503209321748,0.0404936579835962,0.04386812953948,3.2,0.6232492903979
"GRB080607",1.36361198,22.38386741,1.31,3.46298403,1.89762709129044,-10.0540393,2.03418,1.85943763199952,501.03752022846,1.7161,11.992258392035,3.60098857759942,101.083706245944,4.1378882724,1.7256074,1.06,-4.619788758,3.285061929,0.11042072,0.069659314,0.037637388,0.02,0,0.024242424,0.666666667,0.0180592945376602,0,0.0125337512846333,3.036,0.605951157564873
"GRB080710",0,20.89722339,1.47,4.09266933,2.07918124604762,-11.23284413,2.00149,0,436.693945411563,2.1609,16.7499422447226,4.32299465391615,126.176787248875,4.0059622201,1.52133785,1.3,-5.853871964,17.43704666,0.06269498,0.054210787,0.06401643,0.150517844,1.21212121212121e-07,0.139393939,0.121212121,0.0631067762093961,0.0376012538165791,0.0526417552900893,0.845,0.265996370495079
"GRB080721",1.320146286,21.79728278,1.11,2.87876286,1.20951501454263,-8.714442691,1.9433,1.74278621643959,475.121536591284,1.2321,8.28727560411538,1.46292657040406,75.9415114147233,3.77641489,1.33437559,0.735,-4.920818754,144,0.007019299,0.007554816,0.006435673,0,6.06060606060606e-07,0.048484848,1.090909091,3.86039539469557,0.0219340647449938,0.0226686984976336,2.591,0.555215405126073
"GRB080810",0.301029996,21.45079548,1.34,3.2687548,2.02530586526477,-9.931814138,2.11482,0.09061905849176,460.136626724788,1.7956,10.684757942523,4.10186384787588,98.6409320717767,4.4724636324,1.44529526,1.079,-5.337242168,4.337190332,0.031830706,0.039738688,0.036139295,0.0015,1.21212121212121e-07,0.036363636,0.121212121,0.0177699795108654,0.0114438598573077,0.0263208776246799,3.35,0.638489256954637
"GRB080928",0.322219295,21.51035195,1.77,4.08450503,2.44715803134222,-11.1260984,2.13864,0.103825274070297,462.695241012869,3.1329,16.6831813400953,5.98858243036273,123.790065606483,4.5737810496,1.76031774,0.99,-5.602059991,20.80043462,0.064484035,0.047916769,0.075970735,0,1.21212121212121e-07,0.072727273,0.060606061,0.0322625499166263,0.0210567021369837,0.0125337513552694,1.692,0.430075055551939
"GRB081007",0.414973348,21.69605744,2.51,3.58176278,1,-10.58502665,2.102,0.172202879550329,470.718908439779,6.3001,12.8290246121933,1,112.04278918121,4.418404,1.00469263,0.92,-6.148741651,2.937133306,0.053161115,0.084284398,0.039134851,0.005,4.84848484848485e-08,0.121212121,0.242424242,0.127558078741005,0.0296573269567103,0.0404936579127324,0.5295,0.184549481320698
"GRB081008",0.113943352,21.1376737,1.69,3.85550833,2.26834391395106,-10.79317412,1.98207,0.0129830874649959,446.801249447672,2.8561,14.8649444826994,5.14538411195884,116.492607584638,3.9286014849,1.47398467,0.84,-5.366531544,40.34414957,0.06052989,0.056285684,0.063988679,0.025,1.21212121212121e-07,0.042424242,0.060606061,0.0944541322659323,0.0122422686816867,0.0202468291390677,1.9685,0.472537053262077
"GRB081029",-0.301029996,21.49704581,1.43,4.48156171,2.43136376415899,-11.86327943,1.95818,0.09061905849176,462.122978557239,2.0449,20.0843953605381,5.91152975366536,140.737398834261,3.8344689124,2.51960373,0.87,-5.677780705,45.6827768,0.083250805,0.04285341,0.169198521,0.001,1.21212121212121e-07,0.109090909,0.121212121,0.0734806588231774,0.0250675025476,0.105283510661638,3.8479,0.685553652846326
"GRB081221",1.260071388,21.57331844,1.21,2.93195749,1.53147891704226,-9.354577731,2.4947,1.58777990285625,465.408068513644,1.4641,8.5963747231671,2.34542767334492,87.5081245253211,6.22352809,1.23586126,0.991,-4.742321425,0.8019177,0.0249855,0.031176651,0.012861856,5e-04,1.81818181818182e-07,0.078787879,0.303030303,0.0102431891779573,0.00436257641157646,0.00723101035372789,2.26,0.513217600067939
"GRB081230",-0.15490196,20.67248024,1.97,3.66959365,1.78318869107526,-11.32975415,2.08621,0.0239946172118416,427.35143927319,3.8809,13.4659175561203,3.17976190797869,128.363329099442,4.3522721641,0.99376498,1.02,-6.086186148,13.77430841,0.0701444,0.08735027,0.040381418,0.02,4.84848484848485e-08,0.096969697,0.060606061,0.0985519956259729,0.0256789050871822,0.0376012540900799,2.1,0.491361693834273
"GRB090102",0.740362689,21.72376179,1.36,3.15380077,1.43136376415899,-9.457174573,1.76997,0.548136911263311,471.921826308664,1.8496,9.94645929685259,2.04880222534738,89.4381509041977,3.1327938009,1.42487631,0.667,-7.167491087,2.240000004,0.036239983,0.041590346,0.021786596,0.002673458,1.81818181818182e-09,0.048484848,0.484848485,0.0360303570814986,0.0116121519146922,0.0382849130607791,1.547,0.406028944963615
"GRB090205",-0.301029996,21.81792086,2.15,3.70655,0.944482672150169,-11.3419886,2.03416,0.09061905849176,476.021670653223,4.6225,13.7385129025,0.892047517991923,128.64070540253,4.1378069056,1.29089,1.01,-6.721246399,1.794079127,0.13445,0.114585,0.084185,0.025,1.81818181818182e-08,0.139393939,0.060606061,0.0885407573811254,0.0415592805603905,0.0526417557651133,4.6497,0.752025387323213
"GRB090423",0.230448921,22.7516324,0.8,3.91521772,1.01283722470517,-11.2798407,1.8158,0.0531067051900642,517.63677686473,0.64,15.328929795002,1.02583924374848,127.234806217376,3.29712964,1.43267533,0.77,-6.229147988,1.061728761,0.08569564,0.077643595,0.064053366,0.005,2.42424242424242e-08,0.303030303,0.121212121,0.0447672759398327,0.017844662826724,0.0309657384329063,8.26,0.966610986681934
"GRB090424",1.851258349,21.63012977,1.19,2.99599056,1.68124123737559,-9.050609993,1.96315,3.42715747474221,467.86251386704,1.4161,8.97595943560911,2.8265720982522,81.9135412453915,3.8539579225,1.1284106,0.924,-4.677780705,2.27250697,0.011257098,0.013394814,0.005546887,0,0,0.090909091,1.212121212,0.020561192440785,0,0.00741433173843615,0.544,0.188647295999717
"GRB090519",-0.22184875,22.13069392,1.02,3.44619,1.80617997398389,-11.76000021,1.46604,0.0492168678765625,489.767613380725,1.0404,11.8762255161,3.26228609842043,138.2976049392,2.1492732816,1.42452,0.63,-5.920818754,8.24011649,0.21145,0.24029,0.3065,0.03,6.06060606060606e-08,0.121212121,0.121212121,0.0559162050288593,0.0219340647449938,0.0877362588943192,3.85,0.685741738602264
"GRB090530",0.397940009,20.90942658,1.61,3.6839464,1.68124123737559,-11.16052195,2.03975,0.15835625076292,437.204119904411,2.5921,13.571461078073,2.8265720982522,124.557250196432,4.1605800625,0.88610581,1.09,-5.958607315,35.77708764,0.089175625,0.115365029,0.038514202,0.035,6.06060606060606e-08,0.103030303,0.181818182,0.323703994596272,0.023928070636996,0.0315850532370607,1.266,0.355259905527378
"GRB090618",1.589949601,21.39200012,1.42,3.67275453,2.05384642685225,-9.640164518,1.82831,2.52793973372006,457.61766913408,2.0164,13.4891258376355,4.21828514509377,92.9327719341062,3.3427174561,1.30942861,0.8945,-3.978810701,0.593538562,0.009695255,0.014245613,0.010591616,0.002482662,6.06060606060606e-07,0.048484848,0.484848485,0.00227712475506529,0.00250675025669951,0.00541303397821518,0.54,0.187520720836463
"GRB090809",0.041392685,21.91952315,1.34,4.56066,0.732393759822969,-11.8559,1.94644,0.00171335437150922,480.465495123386,1.7956,20.7996196356,0.536400619427624,140.56236481,3.7886286736,1.6367,0.96,-6.468521083,1.216253263,0.338,0.237865,0.319405,0.01,3.03030303030303e-08,0.145454545,0.121212121,0.0978170519847638,0.0387071730789222,0.0478561411902437,2.737,0.572523097849638
"GRB090812",0.556302501,21.77771022,1.24,3.52924,1.82412583391655,-10.16730017,1.88559,0.309472472618855,474.268662426292,1.5376,12.4555349776,3.32743505796175,103.373992746882,3.5554496481,1.37252,0.53,-5.236572006,14.65837332,0.10615,0.13258,0.08412,0.015,1.21212121212121e-07,0.03030303,0.121212121,0.0954430381792181,0.00907616471193707,0.0146227097949671,2.452,0.538070787043172
"GRB090927",0.301029996,21.01785522,1.8,4.20121889,0.342422680822206,-11.6716204,2.06549,0.09061905849176,441.750238048881,3.24,17.6502401616928,0.117253292341467,136.226722761696,4.2662489401,1.13087741,0.92,-6.698970004,0.400898978,0.076268475,0.093241949,0.074843971,0.01,1.81818181818182e-08,0.121212121,0.121212121,0.079140097248206,0.0394813165061122,0.0263208776246799,1.37,0.374748346010104
"GRB091018",1.012837225,21.19187281,1.77,2.89655535,0.643452676486187,-9.627087997,1.98015,1.0258392443457,449.095473195217,3.1329,8.39003289561362,0.414031346877238,92.6808233019815,3.9209940225,1.18074867,0.91,-5.853871964,0.601065704,0.024288603,0.034497878,0.016335114,0.002061639,6.06060606060606e-08,0.145454545,0.242424242,0.0593271632973848,0.0188006269082896,0.0102217000493888,0.971,0.294686624279443
"GRB091020",0.62324929,21.70587483,1.53,2.95265011,1.53907609879278,-9.71219827,2.08587,0.388439677485504,471.145002135627,2.3409,8.71814267208301,2.36875523787519,94.326795235791,4.3508536569,1.17417264,0.895,-5.431798276,4.875038864,0.034480687,0.045271255,0.018244861,0.002182887,6.06060606060606e-08,0.042424242,0.181818182,0.0611908230548872,0.00711375072842337,0.0188006269582444,1.71,0.432969290874406
"GRB091029",0.255272505,21.45058625,1.46,4.30368998,1.59328606702046,-11.34678749,2.11535,0.065164051808975,460.127650468689,2.1316,18.5217474439524,2.53856049136152,128.74958634322,4.4747056225,1.12123368,1.064,-5.619788758,4.829610314,0.02563352,0.034224003,0.026782025,0.002,6.06060606060606e-08,0.163636364,0.060606061,0.0535069670692151,0.0109670323640116,0.0146227099269182,2.752,0.574262829707027
"GRB091127",1.667452953,20.87872913,2.05,3.98466812,0.851258348719075,-9.844663963,1.80187,2.78039935046842,435.921330083911,4.2025,15.8775800265443,0.724640776263927,96.9174085443909,3.2467354969,1.39581701,0.758,-5.045757491,0.150359555,0.018562516,0.021935207,0.013587309,0.00244132,1.81818181818182e-07,0.042424242,1.636363636,0.00919722887858148,0.00877362590591064,0.0152830902649864,0.49,0.173186268412274
"GRB050416A",0.688419822,21.75162856,3.08,2.99481,0.397940008672038,-10.5559552,2.06183,0.473921851322512,473.133345012208,9.4864,8.9688869361,0.158356250501901,111.428190184407,4.2511429489,0.842217,0.9,-6.435333936,0.44407209,0.0484,0.070765,0.0149485,0.005,2.24242424242424e-08,0.133333333,0.290909091,0.0771432233016977,0.0265360347448561,0.0258893879011433,0.6528,0.218220304175545
"GRB050820A",0.389166084,21.61964524,1.25,3.750945731,1.41497334797082,-10.01818139,1.96878,0.151450240935895,467.409060303455,1.5625,14.0695938769071,2.00214957546775,100.363958362942,3.8760946884,1.136499703,0.9,-5.463441557,22.67611617,0.266741013,0.238477529,0.012525701,0.0405,1.46666666666667e-07,0.072727273,0.139393939,0.378773543216465,0.0185164313807078,0.0247093953343968,2.6147,0.558072259099146
"GRB050922C",0.860936621,21.44930866,1.37,2.52429,0.653212513775344,-9.477555766,2.2119,0.741211865378898,460.072841991951,1.8769,6.3720400041,0.426686588152704,89.8240632976399,4.89250161,1.22035,1.064,-5.790484985,0.450457546,0.03194,0.034305,0.013275,0.013,3.27272727272727e-08,0.036363636,0.193939394,0.0434736059021067,0.0087736258877956,0.0116014887850822,2.198,0.504878459410216
"GRB051016B",0.113943352,21.71466751,2.4,4.25742,0.602059991327962,-11.59006688,1.89482,0.0129830874649959,471.52678506985,5.76,18.1256250564,0.362476233157826,134.329650282873,3.5903428324,1.14771,0.73,-6.769551079,0.469570015,0.04535,0.058175,0.04854,0.005,1.33333333333333e-08,0.139393939,0.096969697,0.0509829165954318,0.0340623123358059,0.0323949264220647,0.9364,0.286995073968852
"GRB051109A",0.595496222,21.97057233,1.51,3.91123,1.5705429398819,-10.51999306,2.06584,0.354615750416273,482.706048507762,2.2801,15.2977201129,2.46660512601287,110.670253982448,4.2676949056,1.22299,1.06,-5.657577319,7.089588968,0.04815,0.04637,0.019155,0.054794381,1.64848484848485e-07,0.121212121,0.418181818,0.0827679937571121,0.0325421760411363,0.046094938049931,2.346,0.524525936626376
"GRB051109B",-0.259637311,21.36742302,1.97,3.65548,1.15533603746506,-11.57511836,2.12549,0.0674115332633107,456.566766515626,3.8809,13.3625340304,1.33480135946547,133.983365048009,4.5177077401,1.251,1.06,-6.591760035,3.778168861,0.0922,0.126645,0.12217,0.01,2.48484848484848e-08,0.145454545,0.078787879,0.114743908253916,0.0421545307074316,0.0622129838718209,0.08,0.0334237554869497
"GRB060223A",0.130333768,22.49782636,1.74,2.78682,1.05307844348342,-10.9636,2.01015,0.0169868910810778,506.152190924711,3.0276,7.7663657124,1.10897420812946,120.20052496,4.0407030225,1.1892,0.81,-6.171984936,1.095536415,0.1982,0.23477,0.18005,0.045,2.90909090909091e-08,0.072727273,0.109090909,0.0421049044034133,0.018772691379267,0.0350945035988966,4.41,0.733197265106569
"GRB060502A",0.227886705,21.45692297,1.46,3.3865,1.45331834004704,-10.55284197,2.02719,0.051932350315757,460.399543340514,2.1316,11.46838225,2.11213419751708,111.362473643793,4.1094992961,0.897152,0.87,-5.63638802,9.827838,0.05675,0.075085,0.0205255,0.015,6.18181818181818e-08,0.048484848,0.127272727,0.150287880719686,0.0116222057308489,0.0327064159666924,1.5026,0.398391440229475
"GRB060510B",-0.244125144,22.00215742,1.78,4.43617,2.43964842956347,-12.2656,2.1317,0.0595970859330207,484.094931134461,3.1684,19.6796042689,5.95188445987152,150.44494336,4.54414489,1.00735,1.38,-5.390405591,21.28954544,0.2206,0.31628,0.2313695,0.03,1.06666666666667e-07,0.048484848,0.066666667,0.033597137016063,0.0113820011696242,0.0507946764616626,4.9,0.770852011642144
"GRB060904B",0.387389826,21.59122827,1.64,3.87074,2.23426412437879,-11.11633856,2.18877,0.15007087728831,466.181138207247,2.6896,14.9826281476,4.99193617748612,123.572982980543,4.7907141129,1.36265,1.58,-5.790484985,11.34305921,0.08665,0.081295,0.04215,0.136141492,8.66666666666667e-08,0.084848485,0.127272727,0.0287243616490079,0.0232338611473106,0.0226532143754057,0.703,0.231214647962601
"GRB060912A",0.933487288,21.36738202,1.74,2.455171016,0.698970004336019,-10.1079054,1.8948,0.871398516857595,456.565014388619,3.0276,6.02786471780647,0.488559066961494,102.169751575349,3.59026704,1.045731532,0.63,-5.869666232,0.58,0.147419953,0.156564864,0.028937785,0.0785,3.75757575757576e-08,0.054545455,0.266666667,0.0503781599007772,0.0120881068052489,0.0134978860076092,0.937,0.287129620719111
"GRB061222A",0.930949031,22.56660835,1.35,3.92091,1.85369821177617,-9.954677021,1.92748,0.866666098319839,509.25181242229,1.8225,15.3735352281,3.43619706034219,99.0955945924254,3.7151791504,1.35061,0.86,-5.097453221,16,0.02311,0.024435,0.018075,0.005,9.57575757575758e-08,0.024242424,0.157575758,0.0973208923032497,0.00520487944706068,0.00802277634320278,2.088,0.489677291663699
"GRB070714B",0.431363764,21.64321572,1.36,3.22974,1.80617997398389,-10.74232143,2.07429,0.186074696892248,468.428786702455,1.8496,10.4312204676,3.26228609842043,115.397469705437,4.3026790041,1.64623,0.93,-6.142667504,8.408797283,0.09935,0.0946,0.108425,0.005,5.45454545454545e-08,0.115151515,0.121212121,0.0570608478039056,0.0329010971465546,0.0194969464108742,0.923,0.28397928423848
"GRB070721B",0.176091259,21.89473409,1.34,3.94739,2.53147891704225,-10.50863831,1.52512,0.0310081314962051,479.379380871808,1.7956,15.5818878121,6.40838550742943,110.4314791304,2.3259910144,2.5054,0.52,-5.443697499,21.32020684,0.3648,0.10084,0.09144,0,1.21212121212121e-07,0.066666667,0.181818182,0.0272330828930823,0.0146227098205568,0.0526417554416033,3.626,0.665205628434601
"GRB070810A",0.278753601,21.93100401,2.04,3.36583,1.04139268515823,-10.77728353,2.17076,0.0777035700704672,480.968936886636,4.1616,11.3288115889,1.08449872470106,116.149840286009,4.7121989776,1.36994,1.02,-6.161150909,4.99064124,0.06175,0.07187,0.077915,0.01,3.63636363636364e-08,0.084848485,0.121212121,0.197037086517346,0.0228877197175498,0.0277061869917745,2.17,0.501059262217751
"GRB080319B",1.394451681,20.8771334,1.04,5.36799912,1.69897000433602,-12.15181088,1.81426,1.94449549064373,435.854699001396,1.0816,28.8154145523208,2.88649907563353,147.666507663286,3.2915393476,1.42250979,0.73,-4.091514981,0.179108908,0.097779455,0.087626454,0.075139905,0,6.06060606060606e-07,0.012121212,0.303030303,0.00155572020808234,0.0032494910720681,0.00530662856410116,0.937,0.287129620719111
"GRB080319C",0.716003344,21.75037415,1.37,3.19029,1.53147891704226,-8.91721463,1.61029,0.512660788619182,473.078775664988,1.8769,10.1779502841,2.34542767334492,79.516716757486,2.5930338841,1.45203,1.94,-5.443697499,8.885029446,0.05004,0.04713,0.02854,0.199995173,6.06060606060606e-08,0.042424242,0.181818182,0.11349174293958,0.00731135491027843,0.0151851217472848,1.95,0.469822015978163
"GRB080905B",-0.301029996,22.33533151,1.78,3.67820615,2.10720996964787,-10.11125904,1.86248,0.09061905849176,498.867033661599,3.1684,13.5292004818978,4.44033385618337,102.237559373982,3.4688317504,1.36946226,0.375,-5.744727495,28.05833332,0.03236457,0.038825489,0.033301752,0.00558525,1.21212121212121e-07,0.090909091,0.060606061,0.095199838533423,0.0292454196637412,0.0526417557651133,2.374,0.528145078253106
"GRB080916A",0.431363764,21.7431239,1.17,3.60698,1.77815125038364,-10.75269955,1.88453,0.186074696892248,472.763436930751,1.3689,13.0103047204,3.16182186924092,115.62054761257,3.5514533209,0.998947,0.83,-5.397940009,6.325897569,0.0592,0.073495,0.0260505,0.01,6.06060606060606e-08,0.127272727,0.121212121,0.0457883734550316,0.00658021942774567,0.0194969464108742,0.6887,0.227552503379865
"GRB081028A",-0.301029996,20.90308999,1.25,4.75426,2.41497334797082,-11.3994,2.51,0.09061905849176,436.939171130038,1.5625,22.6029881476,5.83209627140938,129.94632036,6.3001,2.20023,0.945,-5.431798276,32.58849643,0.0572,0.03025,0.054715,5e-04,1.21212121212121e-07,0.23030303,0.060606061,0.0544346314348955,0.0142275014568467,0.0526417557651133,3.038,0.60616631460762
"GRB081203A",0.462397998,21.66176916,1.54,4.02089,2.46834733041216,-10.9243983,2.03508,0.213811908554408,469.232243141127,2.3716,16.1675563921,6.09273854355282,119.342478217043,4.1415506064,1.86904,0.82,-5.113509275,82.96987405,0.05695,0.03932,0.064395,0.0325,1.81818181818182e-07,0.036363636,0.121212121,0.12256244375552,0.0102548874161921,0.0181523294061522,2.1,0.491361693834273
"GRB090418A",0.278753601,22.02365981,1.48,3.52813657,1.7481880270062,-10.04720756,2.03408,0.0777035700704672,485.041591426609,2.1904,12.4477476565714,3.05616137776783,100.946379753721,4.1374814464,1.52909667,0.98,-5.337242168,4.129211073,0.028659405,0.030759021,0.042154514,0.003531332,1.21212121212121e-07,0.042424242,0.181818182,0.032023099707459,0.0114438598573077,0.0415592806019498,1.608,0.416307587059883
"GRB090516A",0.204119983,21.19589965,1.84,4.33113504,2.32221929473392,-11.27490548,2.09,0.0416649674599203,449.26616197287,3.3856,18.7587307347158,5.3927024528345,127.123493582934,4.3681,1.76098314,0.502,-5.045757491,64,0.03779605,0.029715315,0.053351589,0.479087085,3.63636363636364e-07,0.066666667,0.121212121,0.13235641353242,0.0175472518118213,0.0329010970302395,4.109,0.708335902682263
"GRB091109A",0.113943352,21.89596701,1.31,3.37933883,1.68124123737559,-11.14630179,1.96352,0.0129830874649959,479.433371303008,1.7161,11.4199309279458,2.8265720982522,124.240043593757,3.8554107904,1.06152816,0.89,-5.795880017,16.70810678,0.05941034,0.074268877,0.033719571,0.03,1.21212121212121e-07,0.151515152,0.242424242,0.151171637033423,0.0329010970878164,0.0809873158881255,3.076,0.610234175334389
"GRB091208B",1.181843588,21.91211094,1.74,3.31388094,1.17318626841227,-10.18045606,2.03333,1.39675426649671,480.140605846868,3.0276,10.9818068844953,1.37636602039112,103.641685589591,4.1344308889,1.1606541,0.86,-5.48148606,2.897723268,0.036806415,0.052928177,0.030502454,0.034663611,1.21212121212121e-07,0.066666667,0.606060606,0.0844607533808763,0.0159520470810336,0.0173163668981098,1.063,0.314499227973151
"GRB100316B",0.113943352,21.41315218,2.23,3.5543767,0.57978359661681,-11.1481304,2.23535,0.0129830874649959,458.523086283839,4.9729,12.6335937255029,0.336149018905924,124.280811415404,4.9967896225,1.36246063,1.08,-6.698970004,0.445223532,0.10431242,0.207348761,0.13322096,0.02,1.21212121212121e-08,0.109090909,0.060606061,0.0508837166213357,0.0263208776707414,0.0202468291390677,1.18,0.338456493604605
"GRB100425A",0.146128036,20.53466438,2.42,3.60199415,1.56820172406699,-11.50168945,2.17077,0.0213534029052173,421.672441199241,5.8564,12.9743618566342,2.4592566473667,132.288860204241,4.7122423929,0.86819371,1.46,-6.327902142,3.773539953,0.070859065,0.115125536,0.055076895,0.035,5.45454545454545e-08,0.193939394,0.121212121,0.0442926372656583,0.0504016806776366,0.037601253750777,1.755,0.440121603187804
"GRB100513A",-0.22184875,22.05240534,1.62,3.74522911,1.92427928606188,-11.57186521,2.25722,0.0492168678765625,486.308581279661,2.6244,14.0267410863914,3.70285077076682,133.908064438408,5.0950421284,0.96306136,1.36,-5.853871964,14.87086076,0.09817689,0.128616618,0.061569437,0.025,6.06060606060606e-08,0.084848485,0.060606061,0.0768849139192809,0.0188006269082896,0.0438681298090717,4.772,0.761326322421457
"GRB100621A",1.10720997,22.28454803,1.9,3.64164386,1.80345711564841,-9.804100348,2.3024,1.2259139176674,496.601080901377,3.61,13.2615700030757,3.2524575679829,96.1203836336537,5.30104576,0.94079321,0.27,-4.677780705,1.683600844,0.041282476,0.060455075,0.024177265,0.150679792,0,0.018181818,0.181818182,0.0114965181804537,0,0.00616895571002009,0.542,0.188084373714938
"GRB100704A",0.633468456,21.52730245,1.73,3.62503495,2.29556709996248,-10.35163999,2.11575,0.401282284747024,463.424750773776,2.9929,13.1408783887215,5.26962831043015,107.156450482567,4.4763980625,1.01294211,1.29,-5.22184875,23.25931459,0.04763446,0.053639373,0.01813996,0.01,1.21212121212121e-07,0.036363636,0.121212121,0.0511462885027281,0.00877362590478576,0.0122422686602628,3.6,0.662757831681574
"GRB100728A",0.707570176,21.52592288,1.18,4.03148606,2.29776051109913,-10.17587417,1.90402,0.500655553964671,463.365355835707,1.3924,16.2528798519743,5.27970336636655,103.548415123673,3.6252921604,1.5588143,0.96,-4.420216403,12.6465837,0.0760751,0.053762484,0.034265796,0.005,0,0.012121212,0.121212121,0.0276692267800383,0,0.0103219128043059,1.567,0.409425868671443
"GRB100814A",0.397940009,20.89608288,1.47,5.22729477,2.2417954312952,-11.49349497,1.89414,0.15835625076292,436.646279727829,2.1609,27.3246106124694,5.02564675577603,132.100426625415,3.5877663396,1.76532941,1.1425,-5.045757491,9.468174905,0.04362636,0.035347138,0.084015169,0.01745135,1.21212121212121e-07,0.024242424,0.121212121,0.0235643330368845,0.00584908393727375,0.0210567021001345,1.44,0.387389826338729
"GRB100816A",1.037426498,21.34783526,0.73,3.97801299,0.462397997898956,-11.5559552,1.91138,1.07625373875254,455.730070288099,0.5329,15.8245873486087,0.213811908460963,133.540100584407,3.6533735044,1.04455013,1.09,-5.698970004,0.621173086,0.08674922,0.112014005,0.047175154,0.015,6.06060606060606e-08,0.145454545,0.242424242,0.093024842605729,0.0131604388353707,0.00965903766658571,0.804,0.256236533205923
"GRB100901A",-0.096910013,21.53188109,1.52,4.91124,2.64246452024212,-11.34103516,1.98285,0.00939155061966017,463.6219032739,2.3104,24.1202783376,6.98261874073842,128.619078500356,3.9316941225,1.50754,1.075,-5.677780705,22.56299024,0.0283,0.02425,0.036255,5e-04,1.81818181818182e-07,0.127272727,0.121212121,0.0223211438643939,0.0376012538214001,0.0658021941113909,1.408,0.381656482585787
"GRB100906A",1.004321374,21.96198081,1.78,3.94074768,2.05842602445701,-10.4698003,2.02817,1.00866142227325,482.328601098808,3.1684,15.5294922774254,4.23711769816187,109.61671832188,4.1134735489,1.71220056,0.87,-4.920818754,1.591145486,0.048743085,0.039933316,0.059340084,0,0,0.018181818,0.242424242,0.00604043447967716,0,0.0104241099532164,1.727,0.43568513794163
"GRB101219B",-0.22184875,20.49692965,1.56,4.42003952,1.53147891704226,-11.99567863,1.85684,0.0492168678765625,420.124125077049,2.4336,19.5367493583618,2.34542767334492,143.896305794239,3.4478547856,0.66918137,0.94,-5.677780705,5.420624286,0.089446275,0.166829365,0.039390628,0.105,2.42424242424242e-07,0.096969697,0.181818182,0.0692396239964869,0.0501350050952,0.131604388703391,0.55,0.190331698170291
"GRB110106B",0.322219295,21.29748256,1.76,3.87203946,1.39445168082622,-10.81530857,2.05121,0.103825274070297,453.582763393504,3.0976,14.9926895797971,1.94449549015906,116.970899464315,4.2074624641,1.22519883,1.03,-5.698970004,16.62661769,0.045543555,0.058714404,0.049891228,0.005,6.06060606060606e-08,0.066666667,0.181818182,0.2911632385275,0.0131604388353707,0.0376012538590013,0.618,0.208978517276253
"GRB110213A",0.204119983,21.56708403,1.83,3.84089,1.68124123737559,-9.896196279,1.96436,0.0416649674599203,465.139113557081,3.3489,14.7524359921,2.8265720982522,97.9347007924934,3.8587102096,1.8412,1.1905,-5.229147988,16,0.03588,0.023515,0.02785,0.226362665,2.42424242424242e-07,0.072727273,0.363636364,0.144764827301084,0.017844662826724,0.0987032913621525,1.46,0.390935107103379
"GRB110422A",1.487138375,22.02088312,0.86,3.50066971,1.41329976408125,-9.681936665,1.89199,2.21158054639764,484.919293384701,0.7396,12.2546884185115,1.99741622315212,93.7398975850713,3.5796261601,1.42239886,0.778,-4.387216143,0.566646277,0.024137407,0.029472713,0.022779716,0.005,6.06060606060606e-07,0.060606061,0.606060606,0.00950159657498538,0.00641972626198059,0.00857357580371156,1.77,0.442479769064449
"GRB110503A",0.130333768,21.13638759,0.88,2.54166555,1,-9.08249449,1.90907,0.0169868910810778,446.746880354706,0.7744,6.4600637680568,1,82.4917061608804,3.6445482649,1.14649063,0.687,-5,3.405445073,0.028998071,0.028887961,0.006289914,0.001,2.42424242424242e-07,0.151515152,0.036363636,0.147896600362852,0.0105283510764424,0.0116981677590657,1.613,0.417139409727326
"GRB110715A",1.731588765,22.0746007,1.25,2.61109719,1.11394335230684,-9.075720714,1.85342,2.99839965107422,487.287996064441,1.5625,6.8178285356259,1.24086979214859,82.3687064785287,3.4351656964,0.95853538,0.755,-4.928117993,4,0.02377653,0.035600881,0.009554076,0.0015,1.21212121212121e-07,0.072727273,0.666666667,0.133629071354847,0.00446116571350155,0.00537160769705798,0.82,0.260071387985075
"GRB110731A",1.041392685,21.95954126,1.15,5.08952072,1.58883172559421,-12.08512818,1.85145,1.08449872437151,482.221452349642,1.3225,25.9032211593093,2.52438625225467,146.05032312703,3.4278671025,1.42351927,0.39,-5.22184875,11.66246372,0.097418495,0.090702815,0.110855301,0.13,6.06060606060606e-08,0.03030303,0.181818182,0.130539784510126,0.00438681295239289,0.00717842119827721,2.83,0.583198773968623
"GRB110818A",0.204119983,22.06812647,1.58,3.84627415,2.01283722470517,-11.28316228,1.95985,0.0416649674599203,487.002205895915,2.4964,14.7938248369582,4.05151369315882,127.309751036815,3.8410120225,1.37167718,0.83,-5.397940009,18.0548006,0.05514905,0.059648416,0.067338189,0.01,1.21212121212121e-07,0.066666667,0.181818182,0.0761271871111022,0.0131604388554913,0.0493516456810763,3.36,0.639486489268586
"GRB111008A",0.806179974,22.17059025,1.86,3.98993393,1.80250006776439,-10.66756154,1.94053,0.649926150478641,491.535072033395,3.4596,15.9195727657652,3.24900649429064,113.796869209687,3.7656566809,1.21584288,0.829,-5.27572413,2.36485691,0.028511085,0.035676696,0.027351291,0.001,1.81818181818182e-07,0.054545455,0.424242424,0.0161841208084427,0.0148986100001386,0.0287884599571287,4.9898,0.777412321496744
"GRB111123A",-0.045757491,21.35034301,1.68,4.42202873,2.46239799789896,-11.60730305,2.55463,0.00209374798261508,455.837146644656,2.8224,19.5543380889454,6.06340390005679,134.729484094539,6.5261344369,1.46723371,1.25,-5.13667714,88.09086218,0.07308827,0.070655771,0.105884147,0.005,1.81818181818182e-07,0.042424242,0.060606061,0.131921983968531,0.0108167990541397,0.029245419876464,3.1516,0.618215503279417
"GRB111209A",-0.301029996,21.14009932,1.48,4.13326,3.14612803567824,-9.057000407,1.81212,0.09061905849176,446.903799259465,2.1904,17.0838382276,9.89812161688061,82.0292563723982,3.2837788944,2.77382,0.2529,-4.443697499,29.55180898,0.02099,0.010455,0.04435,4.99999999999997e-05,6.06060606060606e-07,0.018181818,0.060606061,0.00916727683590926,0.00731135491027843,0.0526417557651133,0.677,0.224533062606086
"GRB111228A",1.093421685,21.41342718,2.27,4.10627835,2.00518051250378,-10.65757732,2.03824,1.19557098122824,458.534863593163,5.1529,16.8615218876787,4.02074888772492,113.583954331778,4.1544222976,1.15297662,0.99,-5.070581074,5.415902489,0.030118345,0.037264425,0.023299272,0,1.21212121212121e-07,0.036363636,0.303030303,0.023242060923901,0.00619314768795071,0.0106132571364139,0.714,0.234010817587179
"GRB120118B",0.342422681,21.451745,2.08,3.68307,1.36660971039243,-10.95467702,2.20884,0.117253292463228,460.177363545025,4.3264,13.5650046249,1.86762210053888,120.004948612516,4.8789741456,1.0241,1.01,-5.744727495,19.64696058,0.1172,0.131765,0.077156,0.005,6.06060606060606e-08,0.066666667,0.181818182,0.366834332160993,0.0146227098318706,0.0358921059636159,2.943,0.595826777073223
"GRB120327A",0.591064607,22.16619025,1.52,3.48517215,1.79865064544527,-10.15181088,1.75797,0.349357369648064,491.339990199195,2.3104,12.1464249151356,3.23514414436068,103.059264143286,3.0904585209,1.44859414,0.63,-5.443697499,7.52171255,0.04362492,0.051679097,0.058002882,0.02,6.06060606060606e-08,0.036363636,0.121212121,0.0519338355314378,0.00731135491027843,0.0134978859726414,2.813,0.581266805273671
"GRB120404A",0.079181246,21.70983536,1.85,3.79948,1.58771096501891,-11.02687215,1.89579,0.00626966971811252,471.316951358306,3.4225,14.4360482704,2.52082610844128,121.591909412446,3.5940197241,1.90651,0.69,-5.795880017,16,0.11705,0.068285,0.121385,0.005,6.06060606060606e-08,0.078787879,0.121212121,0.179553274171887,0.0164505485439082,0.0438681294132183,2.876,0.588383768378728
"GRB120729A",0.462397998,21.34792103,1.62,3.52138487,1.85430604180108,-10.29756946,1.8831,0.213811908554408,455.733732303116,2.6244,12.4001514026649,3.43845089665999,106.039936783525,3.54606561,2.26312734,0.645,-5.619788758,36.74353317,0.06906832,0.047294772,0.130088482,0.013331067,6.06060606060606e-08,0.048484848,0.121212121,0.223182009809232,0.0109670323640116,0.0181523294061522,0.8,0.255272505103306
"GRB120802A",0.477121255,22.12127744,1.21,3.53838419,1.69897000433602,-11.17198494,2.03526,0.227644691972775,489.350915577453,1.4641,12.520162676042,2.88649907563353,124.813247499587,4.1422832676,0.54215516,0.91,-5.721246399,31.02460027,0.07803221,0.220557212,0.11816229,0.055,1.81818181818182e-07,0.284848485,0.121212121,0.269476254010303,0.0415592805603905,0.0175472517520363,3.796,0.680879174426811
"GRB120811C",0.612783857,21.91722026,1.4,3.15909591,1.42813479402879,-10.14327111,1.92121,0.375504055399796,480.364543925354,1.96,9.97988696857873,2.03956898991565,102.885948810961,3.6910478641,1.01613299,0.65,-5.522878745,3.693579286,0.05294686,0.084200302,0.03800099,0.090734018,1.81818181818182e-07,0.181818182,0.121212121,0.0598545187455953,0.026320877674116,0.0128394525014921,2.671,0.564784384503987
"GRB120907A",0.462397998,21.0438101,1.73,3.2113827,1.22788670461367,-10.37675071,1.82021,0.213811908554408,442.841943524862,2.9929,10.3129788458593,1.50770575936703,107.676955297485,3.3131644441,1.05329104,0.78,-6.173925197,1.370430613,0.04130341,0.062296694,0.028647271,0.005,6.66666666666667e-08,0.151515152,0.242424242,0.0352171865714314,0.0432133812541372,0.0363046588123045,0.97,0.294466226161593
"GRB120922A",0.301029996,21.0163605,1.58,3.59799,2.2380461031288,-10.59516628,2.06954,0.09061905849176,441.68740866596,2.4964,12.9455320401,5.00885035972999,112.257548500849,4.2829958116,1.06622,1.17,-5.207608311,30.24009631,0.16365,0.133375,0.03563,0.005,4.24242424242424e-07,0.218181818,0.121212121,0.0759139130615947,0.0297171200079232,0.0263208776246799,3.1,0.612783856719735
"GRB121024A",0.113943352,21.94617755,1.41,4.17178823,1.83884909073726,-11.31158018,2.00683,0.0129830874649959,481.634709056124,1.9881,17.4038170359665,3.38136597850523,127.951846168569,4.0273666489,1.30353551,0.87,-5.958607315,32.06243908,0.063305895,0.065435085,0.06666149,0,6.06060606060606e-08,0.133333333,0.121212121,0.201804932881205,0.023928070636996,0.0404936579440628,2.298,0.5182506513085
"GRB121027A",0.113943352,22.07736427,1.82,5.40919042,1.79657433321043,-11.92081875,2.37144,0.0129830874649959,487.410013110273,3.3124,29.2593409998198,3.2276793347505,142.105919670352,5.6237276736,1.50995764,1.16,-5.698970004,4.820058467,0.041584155,0.037953731,0.058939694,0,6.06060606060606e-08,0.054545455,0.121212121,0.0334396932055774,0.0131604388353707,0.0404936579440628,1.773,0.442949869577862
"GRB121128A",1.11058971,22.04029767,1.32,3.23392922,1.36735592102602,-9.617982957,1.98504,1.23340950395788,485.774721382207,1.7424,10.4582981999698,1.86966221476491,92.5055961611425,3.9403838016,1.54546584,0.9455,-5.161150909,1.63061216,0.028690024,0.029795568,0.032445001,0.010337721,2.42424242424242e-07,0.109090909,0.242424242,0.030393384687225,0.0152584798116998,0.00816151245369952,2.2,0.505149978319906
"GRB121211A",0,21.66138196,2.36,4.20933518,2.26007138798507,-11.2823295,2.0682,0,469.215468417013,5.5696,17.7185026575856,5.10792267878878,127.29095894657,4.27745124,1.15615612,0.95,-5.886056648,39.28730733,0.054250775,0.063247159,0.074602829,0.005,1.61818181818182e-07,0.157575758,0.181818182,0.0937486856167922,0.0540590334499272,0.0789626331522811,1.023,0.305995882770805
"GRB130408A",0.69019608,20.06405721,1.28,3.58393,1.44715803134222,-10.32975415,2.03183,0.476370628847366,402.566391726153,1.6384,12.8445542449,2.09426636767829,106.703820799442,4.1283331489,1.39277,0.945,-5.638272164,13.06603535,0.077,0.070305,0.0643,0.117120218,2.42424242424242e-07,0.157575758,0.606060606,0.202660966173494,0.0457754394646476,0.05371607691878,3.757,0.677333151419902
"GRB130418A",-0.22184875,21.12149747,2.07,2.59006,2.47712125471966,-9.247183569,1.68684,0.0492168678765625,446.117655375216,4.2849,6.7084108036,6.13612971058392,85.5104039587836,2.8454291856,1.28449,0.198,-5.744727495,46.08809848,0.06047,0.06867,0.031625,0.003,1.21212121212121e-07,0.103030303,0.121212121,0.0667193561709255,0.0292454196637412,0.0877362588943192,1.218,0.345961541813141
"GRB130420A",0.531478917,20.79265849,1.52,3.56731,2.09166695759568,-10.8728952,2.29559,0.282469839215493,432.334647081769,2.3104,12.7257006361,4.37507066149759,118.219850030183,5.2697334481,0.914676,1.17,-5.148741651,11.73673073,0.05505,0.08535,0.0286905,0.005,1.81818181818182e-07,0.151515152,0.121212121,0.0412728533734682,0.0111214976087664,0.0154828692044739,1.297,0.361160995195026
"GRB130505A",1.477121255,20.71960885,1.18,3.24559,1.94448267215017,-8.91721463,1.92439,2.18188720197277,429.302190896998,1.3924,10.5338544481,3.78101286229226,79.516716757486,3.7032768721,1.3304,0.724,-4.677780705,116.2582295,0.014975,0.024355,0.01565,0,6.06060606060606e-07,0.042424242,1.878787879,0.573753494860134,0.0125337512738,0.027198240266324,2.27,0.514547752660286
"GRB130511A",0.113943352,21.01365445,1.35,2.65954,0.734799829588847,-10.51570016,2.06879,0.0129830874649959,441.573673344005,1.8225,7.0731530116,0.539930789563798,110.579949855024,4.2798920641,1.16497,0.65,-6.657577319,2.212184473,0.0838,0.089385,0.04916,0.01,2.42424242424242e-08,0.187878788,0.121212121,0.176931769719328,0.0478561412369649,0.0404936579440628,1.3033,0.362350507594848
"GRB130514A",0.447158031,21.19799139,1.8,3.68772,2.3096301674259,-10.7212464,2.0604,0.199950304687797,449.354838970514,3.24,13.5992787984,5.33439151028379,114.945124369513,4.24524816,1.17745,0.65,-5.040958608,12.81269759,0.078,0.078365,0.04188,0.08,1.21212121212121e-07,0.03030303,0.181818182,0.0272768816746671,0.00578480828803656,0.028200940433751,3.6,0.662757831681574
"GRB130604A",-0.096910013,21.35024026,1.51,2.071571247,1.57634135020579,-8.316052869,2.08823,0.00939155061966017,455.832759159725,2.2801,4.29140743139714,2.48485205236862,69.1567353200031,4.3607045329,1.742079764,0.98,-5.853871964,4.559271868,0.166441725,0.100184013,0.041653571,0.015,6.06060606060606e-08,0.072727273,0.121212121,0.0525216608426825,0.0188006269082896,0.0658021941113909,1.06,0.313867220369153
"GRB130606A",0.414973348,20.24962877,1.52,3.30222,2.44182077228928,-10.18045606,1.86465,0.172202879550329,410.047465322812,2.3104,10.9046569284,5.96248868398343,103.641685589591,3.4769196225,1.37571,0.44,-5.537602002,19.31096766,0.06815,0.07782,0.05186,0.045,1.21212121212121e-07,0.072727273,0.121212121,0.0303226794958065,0.0181523294379188,0.0202468289563662,5.913,0.839666556882433
"GRB130925A",0.86332286,21.99154725,1.85,5.84588,2.25285303097989,-10.62525165,2.69002,0.74532636059858,483.628150448983,3.4225,34.1743129744,5.07534677919529,112.895972625828,7.2362076004,1.38344,1.5915,-4.387216143,3.540892566,0.06235,0.06424,0.12684,0.206936072,6.06060606060606e-07,0.084848485,0.363636364,0.00859100615880472,0.00641972626198059,0.0216335981299129,0.347,0.129367595722986
"GRB131030A",1.44870632,20.84178667,1.3,2.84594,1.61384182187607,-9.294136288,2.09466,2.09875000160794,434.38007159779,1.69,8.0993744836,2.60448542603627,86.3809693399184,4.3876005156,1.11188,0.693,-4.537602002,4.042662472,0.025175,0.027575,0.00815,0.0075,0,0.018181818,0.424242424,0.0427179076347192,0,0.006556802266626,1.295,0.36078268987328
"GRB131105A",0.544068044,21.32749584,1.45,3.9488,2.05037975626146,-10.91009489,2.24976,0.296010036501986,454.862078805217,2.1025,15.59302144,4.2040571448868,119.030170508804,5.0614200576,1.19347,0.94,-5.148741651,4.086802216,0.03335,0.047885,0.04544,0.005,3.03030303030303e-07,0.066666667,0.363636364,0.0158047698222509,0.018535829347944,0.0451215046948386,1.686,0.429106008332697
"GRB140206A",1.28780173,22.00531353,1.04,3.59073,1.97127584873811,-9.730487056,1.88134,1.65843329579099,484.233823553601,1.0816,12.8933419329,3.88592847181814,94.6823783469835,3.5394401956,1.22509,0.672,-4.795880017,13.75282388,0.012995,0.021325,0.015545,0.021902336,1.81818181818182e-07,0.090909091,0.303030303,0.0638117042913597,0.00493516456317247,0.00678373136191891,2.73,0.571708831808688
"GRB140213A",1.371067862,20.99187128,1.8,3.829176603,1.77815125038364,-10.12551818,1.96657,1.87982708220925,440.658659836089,3.24,14.6625934569626,3.16182186924092,102.526118413511,3.8673975649,1.108879519,0.83,-4.920818754,2.62312486,0.06303582,0.068643889,0.021746292,0.005,0,0.024242424,0.484848485,0.018986810867354,0,0.00896029879686819,1.2076,0.343920385393226
"GRB140419A",0.69019608,22.04094236,1.21,3.68383,1.97634997900327,-10.00568285,1.87322,0.476370628847366,485.803140116842,1.4641,13.5706034689,3.90595923950624,100.113689294784,3.5089531684,1.36898,0.678,-4.795880017,3.817215769,0.023985,0.02442,0.017885,0.001,0,0.024242424,0.121212121,0.0175057628797337,0,0.0107432153660297,3.956,0.695131297704026
"GRB140423A",0.322219295,21.81946365,1.33,3.90552,2.12710479836481,-10.85078089,2.06486,0.103825274070297,476.088993973671,1.7689,15.2530864704,4.52457482322659,117.739445922789,4.2636468196,1.18974,0.77,-5.026872146,23.01198296,0.05035,0.05495,0.045115,0.149849463,1.81818181818182e-07,0.036363636,0.121212121,0.0745819195311915,0.00840028010644005,0.0250675025037319,3.26,0.629409599102719
"GRB140430A",0.397940009,21.67796993,2,4.14388,2.23954972084047,-11.36251027,2.15785,0.15835625076292,469.934380285984,4,17.1717414544,5.01558295211664,129.106639635855,4.6563166225,0.875171,1.03,-5.958607315,3.69174647,0.0861,0.13071,0.0833725,0.035,1.21212121212121e-07,0.133333333,0.121212121,0.00923562857434798,0.0478561412739919,0.0210567021001345,1.6,0.414973347970818
"GRB140506A",1.037426498,21.81764402,1.68,3.30686,2.04571405894087,-9.903089987,1.74751,1.07625373875254,476.009590583442,2.8224,10.9353230596,4.18494601094832,98.0711912906197,3.0537912001,0.948932,0.9,-5.552841969,9.556709938,0.05516,0.06882,0.01557,0.047966029,1.81818181818182e-07,0.096969697,0.545454545,0.0373575732783381,0.0282009404055501,0.0217328347697396,0.889,0.276231957921834
"GRB140509A",0.204119983,20.90144742,1.59,3.58709,1.3654879848909,-11.09770006,1.93407,0.0416649674599203,436.870504251025,2.5281,12.8672146681,1.86455743688141,123.158946621724,3.7406267649,1.40649,0.86,-5.920818754,5.171156949,0.08395,0.088715,0.10418,0.22,1.21212121212121e-07,0.121212121,0.242424242,0.0968019365519981,0.0438681294899875,0.065802194060479,2.4,0.531478917042255
"GRB140512A",0.832508913,21.32824297,1.45,3.53686,2.18977095634687,-9.504455662,1.84304,0.693071090224441,454.893948187355,2.1025,12.5093786596,4.7950968412603,90.3346774309239,3.3967964416,1.25134,0.871,-4.853871964,4.787065924,0.01504,0.022285,0.02006,0.002482817,1.81818181818182e-07,0.024242424,0.181818182,0.0134302087551698,0.00564018807248688,0.0116121519263043,0.725,0.236789099409293
"GRB140518A",0,22.46148952,0.92,3.77824,1.78175537465247,-11.31158018,1.93772,0,504.51851145707,0.8464,14.2750974976,3.17465221510296,127.951846168569,3.7547587984,1.64981,0.94,-6,2.429189161,0.09045,0.070125,0.18819,0,6.06060606060606e-08,0.36969697,0.060606061,0.0174377429441569,0.0263208776911062,0.0263208778621919,4.707,0.756407872548958
"GRB140629A",0.62324929,21.74269921,1.86,2.85608,1.6232492903979,-9.847711656,1.95996,0.388439677485504,472.744968936535,3.4596,8.1571929664,2.63493825877729,96.9774248597183,3.8414432016,1.16056,0.815,-5.619788758,11.54148842,0.042785,0.06161,0.03501,0.001678552,1.21212121212121e-07,0.066666667,0.242424242,0.11934296985134,0.0219340647280231,0.025067502542057,2.275,0.515211304327802
"GRB141004A",0.785329835,21.49730845,1.86,3.30337,0.593286067020457,-10.61083392,1.79496,0.616742949741127,462.134270594441,3.4596,10.9122533569,0.351988357320603,112.589796477823,3.2218814016,1.54959,1.08,-6.173925197,1.073372291,0.0853,0.081935,0.09774,0.005,1.81818181818182e-08,0.048484848,0.181818182,0.118918281379886,0.0117854676147647,0.0129446939597113,0.573,0.196728722623287
"GRB141121A",-0.045757491,21.59590717,1.73,5.76634,2.74028371968188,-12.65757732,1.93447,0.00209374798261508,466.383206495257,2.9929,33.2506769956,7.50915486435356,160.214263611778,3.7421741809,2.33322,0.82,-5.27572413,37.82221354,0.1675,0.090095,0.2969,0.01,2.42424242424242e-07,0.078787879,0.181818182,0.0298708467608446,0.0198648133335181,0.0877362591468426,1.47,0.392696953259666
"GRB141220A",0.949390007,21.48574413,0.62,2.77561,0.857935264719429,-9.872830386,1.80565,0.90134138539146,461.63720081983,0.3844,7.7040108721,0.736052918449197,97.4727798307249,3.2603719225,1.42066,1.1,-5.585026652,0.473776348,0.042455,0.057375,0.050735,0.07,6.06060606060606e-08,0.23030303,0.424242424,0.0285379269892753,0.0101234144958991,0.0207018138855974,1.3195,0.365394376854778
"GRB150120B",0.079181246,21.52664292,2.2,3.39431,1.38560627359831,-10.79048499,2.01678,0.00626966971811252,463.396355405186,4.84,11.5213403761,1.919904745435,116.434566319415,4.0674015684,1.17705,0.92,-6.26760624,3.388285726,0.0711,0.090535,0.057705,0.005,4.84848484848485e-08,0.151515152,0.121212121,0.0605561232063108,0.0389938928598178,0.0438681294132183,3.5,0.653212513775344
"GRB150314A",1.58546073,22.01715025,1.08,2.49217,1.16996817399689,-8.609064893,1.84772,2.51368572637213,484.754905131075,1.1664,6.2109113089,1.36882552816562,74.1159983318851,3.4140691984,1.19079,0.73,-4.657577319,2.631341157,0.015025,0.015855,0.009925,0,1.81818181818182e-07,0.018181818,0.545454545,0.0772668657532129,0.00358921059277238,0.00615293243518074,1.758,0.440594261839831
"GRB150403A",1.245512668,21.79039707,1.23,3.19694,1.61172330800734,-8.821023053,1.70996,1.55130180614848,474.821404468265,1.5129,10.2204253636,2.59765202157413,77.8104477015574,2.9239632016,1.24471,0.679,-4.769551079,12.01358912,0.005105,0.006975,0.00458,0,1.81818181818182e-07,0.024242424,-0.363636364,0.127565659233959,0.00464486077306445,-0.00897302649073752,2.06,0.48572142648158
"GRB150910A",0.041392685,20.842422,1.42,3.85419,2.04999285692014,-9.970616222,1.78547,0.00171335437150922,434.406554826084,2.0164,14.8547805561,4.20247071342361,99.4131878464096,3.1879031209,2.03808,0.6645,-5.318758763,38.54947573,0.703965,0.02868,0.06663,0.002458792,2.42424242424242e-07,0.072727273,0.242424242,0.149214122903764,0.0219340647615575,0.0957122823804874,1.359,0.372727940885595
"GRB151021A",0.986771734,22.33647975,1.57,3.15765,2.04218159451577,-9.642065153,1.96079,0.973718455021367,498.91832762216,2.4649,9.9707535225,4.17050566497896,92.9694204146969,3.8446974241,1.33346,1.27,-4.552841969,3.648780623,0.06282,0.05208,0.02141,0.04,6.06060606060606e-07,0.024242424,0.484848485,0.0143797213270818,0.00940031346851669,0.0217079403838907,2.33,0.52244423350632
"GRB151027A",0.832508913,21.65076489,1.72,3.99907,2.11290649025331,-9.935542011,2.00612,0.693071090224441,468.755620322057,2.9584,15.9925608649,4.46437383655458,98.7149950523459,4.0245174544,1.74508,0.9235,-5.107905397,5.47526252,0.02221,0.01731,0.02499,0.002440971,1.21212121212121e-07,0.03030303,0.363636364,0.0183350782589844,0.00674894299290958,0.0232243038526087,0.81,0.257678574869184
"GRB151029A",0.255272505,21.55195354,0.49,2.7098,0.951823035315912,-10.76639985,2.307153,0.065164051808975,464.486701390319,0.2401,7.34301604,0.905967090557996,115.91536573008,5.322954965409,1.23481,1.25,-6.408935393,80.34516699,0.09735,0.12415,0.07301,0.33,3.63636363636364e-08,0.654545455,0.181818182,3.89871091300026,0.040493657988788,0.04386812953948,1.423,0.384353414137506
"GRB151031A",0.230448921,21.98623592,2.41,3.69323,0.698970004336019,-11.5214335,2.12551,0.0531067051900642,483.394569929898,5.8081,13.6399478329,0.488559066961494,132.743429894922,4.5177927601,0.897942,1.24,-6.494850022,2.236067977,1.01707,0.166825,0.1244685,0.01,1.81818181818182e-08,0.109090909,0.121212121,0.194222396714333,0.0246758228535885,0.0309657384329063,1.167,0.335858911319818
"GRB151112A",0.278753601,21.0151543,1.77,4.43227,1.28600712207947,-11.6171,2.17922,0.0777035700704672,441.636710252808,3.1329,19.6450173529,1.65381431803913,134.95701241,4.7489998084,1.1526,1.24,-6.026872146,24.18108748,0.0472,0.063015,0.06854,0.005,7.27272727272727e-08,0.127272727,0.121212121,0.543566918166864,0.0336011204257601,0.0277061869917745,4.1,0.707570176097936
"GRB160203A",0.113943352,22.0158332,1.93,3.66139836,1.30535136944662,-11.36754271,1.75592,0.0129830874649959,484.696911490222,3.7249,13.4058379506107,1.70394219771618,129.221027263674,3.0832550464,1.146279559,0.61,-5.920818754,3.236126049,0.08458679,0.087010427,0.0601909,0.25,6.06060606060606e-08,0.121212121,0.242424242,0.0695758260308947,0.0219340647449938,0.0809873158881255,3.52,0.655138434811382
"GRB160227A",-0.22184875,21.4198963,0.75,4.47751,2.50037371435337,-10.99567863,1.72551,0.0492168678765625,458.811957502754,0.5625,20.0480958001,6.25186871142929,120.904948534239,2.9773847601,1.10229,0.679,-5.508638306,75.36821526,0.03055,0.03885,0.03434,0.001,1.21212121212121e-07,0.309090909,0.060606061,0.10341864138488,0.0169812114071368,0.0438681298090717,2.38,0.528916700277655
"GRB160327A",0.255272505,20.72655851,1.84,3.76407,1.44715803134222,-11.22402567,1.93554,0.065164051808975,429.590227668453,3.3856,14.1682229649,2.09426636767829,125.978752240819,3.7463150916,1.49693,0.78,-5.853871964,9.225420765,0.0673,0.06033,0.1004,0.02,6.06060606060606e-08,0.066666667,0.121212121,0.143091047552685,0.0188006269082896,0.0292454196125618,4.99,0.777426822389311
"GRB160804A",0.462397998,21.30214687,1.4,4.38419,2.15896526038341,-11.5214335,1.87827,0.213811908554408,453.781461271051,1.96,19.2211219561,4.66113099554241,132.743429894922,3.5278981929,0.948229,0.92,-4.943095149,19.22975247,0.05875,0.095375,0.070062,0.005,1.81818181818182e-07,0.139393939,0.181818182,0.0579152245914454,0.00692654676618381,0.0272284941841067,0.736,0.239549720840473
"GRB161108A",-0.22184875,21.16074757,1.85,4.69106,2.02160271602824,-11.81247928,2.00325,0.0492168678765625,447.777237721261,3.4225,22.0060439236,4.08687754145277,139.534666740429,4.0130105625,0.883711,0.84,-5.958607315,11.8942948,0.13355,0.18179,0.0812555,0.005,6.06060606060606e-08,0.103030303,0.060606061,0.0491496346124695,0.023928070636996,0.0438681298090717,1.159,0.334252642334231
"GRB161117A",0.832508913,21.87736847,1.19,4.08464,2.09933527768596,-10.74958,1.92624,0.693071090224441,478.61925117215,1.4161,16.6842839296,4.40720860813678,115.5534701764,3.7104005376,1.141,1.375,-4.698970004,1.095627703,0.03835,0.04019,0.02365,0.674290141,0,0.072727273,0.181818182,0.00378540227234077,0,0.0116121519263043,1.549,0.406369835469268
"GRB161129A",0.531478917,21.51361441,1.57,3.70506,1.55059520748933,-10.43651891,1.74506,0.282469839215493,462.83560498216,2.4649,13.7274696036,2.40434549748887,108.920926958788,3.0452344036,2.32574,0.71,-5.443697499,2.093571159,0.10625,0.050725,0.10628,0.005,6.06060606060606e-08,0.036363636,0.121212121,0.0255903856410215,0.00731135491027843,0.0154828692044739,0.645,0.216165902285993
"GRB161219B",0.72427587,21.16590877,1.29,4.0135,0.841359470454855,-10.13667714,1.86204,0.524575535864257,447.995694059963,1.6641,16.10818225,0.707885758524074,102.752223440599,3.4671929616,0.871656,0.73,-5.823908741,0.791979781,0.0277,0.03841,0.008668,0,6.06060606060606e-08,0.212121212,0.242424242,0.0495608715658856,0.0175472517963205,0.0198648132987547,0.1475,0.0597526942092988
"GRB170202A",0.672097858,21.7153121,1.68,3.77629,1.66464197555613,-10.65364703,1.99768,0.451715530728188,471.554779600406,2.8224,14.2603661641,2.7710329067834,113.500195039828,3.9907253824,1.1958,1.04,-5.48148606,11.44830537,0.04485,0.068655,0.059155,0,6.06060606060606e-08,0.042424242,0.181818182,0.107617659076501,0.00797602354051679,0.0168005602426795,3.645,0.666985718329661
"GRB170519A",-0.15490196,21.33992622,1.94,4.1513,2.33525725643453,-11.06348626,1.97351,0.0239946172118416,455.392451075043,3.7636,17.23329169,5.45342645373014,122.400728225209,3.8947417201,1.37345,0.975,-5.958607315,49.40433008,0.053,0.052235,0.066745,0.224423613,1.21212121212121e-07,0.157575758,0.060606061,0.0991498518293477,0.0478561412739919,0.0376012540900799,0.818,0.259593878885949
"GRB170705A",1.1430148,21.08891889,1.65,3.63746,2.33705972632052,-10.18641901,1.89159,1.30648283301904,444.742499948999,2.7225,13.2311152516,5.46184816438937,103.763132247289,3.5781127281,0.774169,0.66,-5.022276395,18.07805176,0.04055,0.06603,0.027333,0.005,1.81818181818182e-07,0.03030303,0.242424242,0.0361306862537016,0.00831185611850908,0.0075743532835811,2.01,0.478566495593843
"GRB170903A",0.591064607,21.73970839,1.94,4.41384,1.46538285144842,-11.26042766,2.20256,0.349357369648064,472.614920882236,3.7636,19.4819835456,2.1473469013191,126.797231086093,4.8512705536,0.971187,1.14,-5.619788758,3.59505881,0.04095,0.065935,0.051271,0.005,1.21212121212121e-07,0.072727273,0.303030303,0.0534696644965983,0.0219340647280231,0.0337447149872822,0.886,0.27554168840131
"GRB171222A",-0.15490196,20.02880298,2.07,4.78231,2.24254142829838,-12.10957898,1.99001,0.0239946172118416,401.152948811657,4.2849,22.8704889361,5.02899205763456,146.641903072858,3.9601398001,0.718496,1.34,-5.721246399,22.66456934,0.20975,0.378455,0.126956,0.015,1.21212121212121e-07,0.103030303,0.121212121,0.0563106258528354,0.0277061870402603,0.0752025075597391,2.409,0.532627001228891
"GRB180205A",0.531478917,21.4933967,2.04,3.21372,1.19033169817029,-10.30627305,1.88733,0.282469839215493,461.966101703571,4.1616,10.3279962384,1.41688955166897,106.219264181156,3.5620145289,1.09633,1.03,-6,3.123262328,0.06455,0.088815,0.042095,0.005,6.06060606060606e-08,0.078787879,0.181818182,0.0875106835217229,0.0263208776911062,0.0232243038705776,1.409,0.381836799998343
"GRB180329B",0.146128036,21.41988474,0.97,4.02296,2.32221929473392,-11.14935376,1.86768,0.0213534029052173,458.811462274885,0.9409,16.1842071616,5.3927024528345,124.308089265626,3.4882285824,1.50063,0.77,-5.48148606,44.04594331,0.04825,0.04314,0.069665,0,1.81818181818182e-07,0.339393939,0.242424242,0.0910900482369355,0.0239280706215504,0.075202507501554,1.998,0.476831628512261
"GRB180404A",0.113943352,20.48730103,1.95,4.20449,1.54654266347813,-11.62342304,1.62007,0.0129830874649959,419.729503493839,3.8025,17.6777361601,2.39179420995803,135.103963166803,2.6246268049,1.17089,0.72,-5.886056648,87.94658108,0.0661,0.1242,0.10229,0.065,6.06060606060606e-08,0.072727273,0.121212121,1.08507712685514,0.0202468290074633,0.0404936579440628,1,0.301029995663981
"GRB180620B",0.556302501,21.21643247,1.3,4.6659,2.29841638006129,-10.98296666,1.99236,0.309472472618855,450.13700675407,1.69,21.77062281,5.28271785613406,120.625556654672,3.9694983696,1.09835,0.9,-5,27.4443118,0.0437,0.067125,0.059445,0.005,1.81818181818182e-07,0.121212121,0.121212121,0.0599542916215911,0.00789626330733186,0.0146227097949671,1.1175,0.325823419002744
"GRB180624A",0.146128036,21.1034582,1.91,4.171185481,2.68699356626468,-11.54363397,2.06008,0.0213534029052173,445.355947999147,3.6481,17.3987883169052,7.21993442514778,133.255485233338,4.2439296064,1.243849338,0.95,-5.236572006,38.50431688,0.088149935,0.099379055,0.123366444,0,1.81818181818182e-07,0.060606061,0.121212121,0.0343795484178418,0.0136142470679056,0.037601253750777,2.855,0.586024382386976
"GRB180720B",1.831869774,21.24271531,1.36,3.62033,1.68928221447305,-8.847711656,1.8461,3.35574686889481,451.252953741708,1.8496,13.1067893089,2.85367440013496,78.2820015477183,3.40808521,1.34127,0.729,-4.065501549,3.688453378,0.004975,0.00614,0.005375,0,6.06060606060606e-07,0.018181818,1.575757576,0.0327601887400619,0.00306056717510092,0.0100786866055382,0.654,0.218535505216528
"GRB180728A",2.120573931,21.58733599,1.97,3.8695,0.938519725176492,-9.42365865,1.70111,4.49683379683679,466.013075145149,3.8809,14.97303025,0.880819274545358,88.8053423517198,2.8937752321,1.1986,0.8595,-4.528708289,0.297321378,0.009885,0.014745,0.0091,0.042486494,3.63636363636364e-07,0.018181818,1.757575758,0.0148761559697317,0.00533531304621856,0.00578261707263729,0.117,0.0480531731156091
"GRB181010A",0.146128036,22.27837171,1.52,3.15711,1.2148438480477,-9.928117993,1.76613,0.0213534029052173,496.325846048928,2.3104,9.9673435521,1.47584557513934,98.5675268829304,3.1192151769,1.07011,1.115,-6.161150909,2.192792779,0.034615,0.057805,0.033375,0.007041969,4.24242424242424e-08,0.090909091,0.121212121,0.0580681587729876,0.0267023396704747,0.037601253750777,1.39,0.378397900948138
"GRB181020A",0.886490725,20.65703194,1.25,4.29043,2.37657695705651,-10.42365865,1.93674,0.785865805511026,426.71296857018,1.5625,18.4077895849,5.64811803281199,108.65265965172,3.7509618276,2.64643,1.228,-5.091514981,11.5888181,0.1418,0.047555,0.091985,0.029531206,1.81818181818182e-07,0.036363636,0.181818182,0.021146889716851,0.00974847321620432,0.0102548874264469,2.938,0.595275711802099
"GRB181110A",0.568201724,20.88432911,2.02,3.7664,2.14113609012074,-10.39577395,1.76057,0.322853199156572,436.155202374793,4.0804,14.18576896,4.58446375641752,108.072116019499,3.0996067249,1.92336,1.7505,-5.004364805,10.92778323,0.0907,0.05473,0.07443,0.141485526,1.81818181818182e-07,0.03030303,0.181818182,0.0342910112443923,0.00797602353536826,0.0213412522066114,1.505,0.398807730203264
"GRB190114A",-0.301029996,21.6447605,2.06,3.74534,1.8234742291703,-10.75202673,1.83214,0.09061905849176,468.49565710236,4.2436,14.0275717156,3.32505826444822,115.606078802635,3.3567369796,1.18375,0.86,-6.096910013,10.18381229,0.03365,0.042215,0.04616,0,7.27272727272727e-08,0.133333333,0.121212121,0.0664080102445273,0.0394813165359268,0.105283510661638,3.3765,0.641126932803509
"GRB190719C",0.740362689,20.95382587,1.64,4.88123,2.26881190373978,-11.257,1.5415,0.548136911263311,439.062818590281,2.6896,23.8264063129,5.14750745455133,126.720049,2.37622225,1.55953,0.915,-5.292429824,9.689285646,0.2175,0.1943,0.21085,0.22,3e-07,0.09,0.3,0.0226602223459461,0.025546734235364,0.0236887899489543,2.469,0.54020429984206
"GRB190829A",1.255272505,22.04910001,2.56,4.0838,1.76492298464989,-9.56068,2.0913,1.57570906180898,486.162811250982,6.5536,16.67742244,3.11495314174547,91.4066020624,4.37353569,1.03996,1.16,-5.193820026,8.854522046,0.013585,0.0191599999999998,0.00967499999999999,0.075,7e-07,0.21,2.7,0.0660733688053005,0.0475009589564058,0.0651441723009837,0.0785,0.0328201494385639
"GRB191011A",0.255272505,21.65033473,1.94,3.15321333,0.867467487859051,-10.8132081,1.81479,0.065164051808975,468.736993921044,3.7636,9.94275430448969,0.752499842492494,116.925469413906,3.2934627441,1.30602449,0.94,-6.48148606,0.950286355,0.05719327,0.06597695,0.05756962,0.19,4e-08,0.17,0.2,0.0559978453466017,0.0526417553674108,0.0482549424451731,1.722,0.434888120867316
"GRB200829A",1.994317153,21.08966848,0.83,2.97975,1.1152775913959,-8.6381,1.88219,3.97730090675002,444.774116596306,0.6889,8.8789100625,1.24384410586984,74.61677161,3.5426391961,1.29833,0.64,-4.292429824,2.91,0.00954999999999995,0.00926000000000005,0.00866,0.0195,1e-06,0.03,1.6,0.0969169434308637,0.00851557807845467,0.00704023475700731,1.25,0.352182518111362
"GRB201020A",0.322219295,20.93258486,2.25,3.96908872,1.15136985024746,-11.0900559,2.0761,0.103825274070297,438.173108921101,5.0625,15.7536652672312,1.32565253205886,122.989339865125,4.31019121,1.55158826,0.99,-6.036212173,4.750244299,0.04915322,0.04826492,0.08306159,1.04,7e-08,0.14,0.2,0.145589617977987,0.0330441453884962,0.0413613792035401,2.903,0.591398551281249
"GRB201104B",0.612783857,21.73058526,1.47,2.72159651,0.937517892017347,-9.38944702,1.55046,0.375504055399796,472.218335742129,2.1609,7.40708756324418,0.878939797852649,88.1617153413869,2.4039262116,1.19537497,0.605,-5.744727495,0.161839373,0.02110237,0.02972805,0.02348264,0.175,1e-07,0.07,0.3,0.00811616012108338,0.0241274712225866,0.0317776449968039,1.954,0.470410490975931
"GRB201221A",0,22.86332108,1.4,3.69587,1.64836001098093,-10.8802,1.45068,0,522.731450807172,1.96,13.6594550569,2.71709072580106,118.37875204,2.1044724624,1.06263,0.4,-5.744727495,6.154185581,0.08575,0.223272,0.0994399,0.525,2e-07,0.15,0.3,0.0600613222120642,0.0482549424451731,0.130288344570976,5.7,0.826074802700826
"GRB210210A",0.84509804,21.12319546,1.53,3.72413045,0.819543935541869,-10.1403778,1.85188,0.714190697211842,446.189386441365,2.3409,13.8691476086172,0.671652262283455,102.827261926733,3.4294595344,1.5451851,0.965,-6.008773924,0.58931824,0.05799791,0.08857348,0.10645081,0.15,8e-08,0.58,0.5,0.0387784332904449,0.0354526107425099,0.0310210344226792,0.715,0.234264124378789
"GRB210222B",0.146128036,21.14612804,2.37,3.24642494,1.1078880251828,-10.4520599,1.98,0.0213534029052173,447.158731084074,5.6169,10.539274891054,1.22741587634344,109.245556153188,3.9204,1.37828029,0.56,-6.468521083,1.284049858,0.04184217,0.04927183,0.005516005,0.64,7e-08,0.33,0.3,0.043498889845402,0.0894135698123102,0.0930631031960335,2.198,0.504878459410216
"GRB210411C",0.681241237,21.05996459,1.6,2.93128506,1.10720996964787,-9.72925773,1.88408,0.46408962298929,443.522108532054,2.56,8.5924321029792,1.22591391688763,94.6584559767648,3.5497574464,1.16829405,1.21,-5.920818754,0.597059548,0.05048963,0.05901459,0.03209979,0.14,1e-07,0.4,0.3,0.0202577864893789,0.0361912068292397,0.0271434051424274,2.826,0.582744965691277
"GRB210517A",0.176091259,21.15768338,1.85,3.057651,0.48572142648158,-10.8415194,1.71079,0.0310081314962051,447.647566008328,3.4225,9.349229637801,0.235925304143301,117.538542900576,2.9268024241,1.21043545,0.66,-6.823908741,1.409113169,0.25872455,0.32132806,0.08060357,0.22,3e-08,0.25,0.2,0.199990220154871,0.0868588963917867,0.0579059309278577,2.486,0.542327382773974
"GRB210610A",0.380211242,21.35337952,1.41,3.15453451,1.13417710757677,-10.4044334,1.83562,0.144560588543183,455.966816925155,1.9881,9.95108797478094,1.2863577113512,108.252234375036,3.3695007844,1.0816785,0.88,-6,3.151309574,0.85146569,1.28215864,0.07850685,0.195,1e-07,0.19,0.4,0.100484314152503,0.0434294481903252,0.0723824136024763,3.54,0.657055852857104
"GRB210610B",1.130333768,21.03780485,0.98,2.89514,1.84123429550604,-9.19036,1.91684,1.27765442708108,442.589232906684,0.9604,8.3818356196,3.39014373094763,84.4627169296,3.6742755856,1.05139,0.78,-4.443697499,2.53,0.0225999999999997,0.0283100000000001,0.01291,0.029,1e-06,0.11,0.7,0.0158369132201676,0.0120637356019594,0.0225189731613911,1.13,0.328379603438738
"GRB210619B",2.06069784,21.83430305,1.41,2.91049117,1.78461729263288,-8.55006175,1.92306,4.24647558778067,476.736789679239,1.9881,8.47095885064797,3.18485888116429,73.1035559288131,3.6981597636,1.12578835,0.745,-4.022276395,0.277416677,0.01027813,0.01099582,0.00437126,0.07,1e-06,0.02,2.2,0.00197833385893328,0.00457152086517999,0.00830824226926174,1.937,0.4679039465228
"GRB210722A",0.342422681,20.54058972,1.62,3.6504,1.70070371714502,-10.3507,1.83712,0.117253292463228,421.91582604537,2.6244,13.32542016,2.89239313351089,107.13699049,3.3750098944,1.43908,0.81,-5.602059991,10.53830531,0.0364819,0.0395981,0.048071,0.09,2e-07,0.14,0.5,0.0911698773853533,0.0347435585260231,0.0987032913012404,1.145,0.331427296520743
"GRB210822A",1.442479769,21.53322281,1.3,2.4985,2.25719842613934,-8.20842,1.70788,2.08074788397429,463.679684585104,1.69,6.24250225,5.09494473496593,67.3781588964,2.9168540944,1.267456,0.77,-4.698970004,42.72,0.017735,0.01621,0.008455,0.026,4e-07,0.4,0.7,0.10261648377714,0.00868588963134467,0.010974950807848,1.736,0.437116093048079
"GRB211024B",-0.045757491,20.98677173,1.63,3.43921565,2.78067727443337,-8.56429146,2.08,0.00209374798261508,440.444587647127,2.6569,11.8282042872049,7.73216610455018,73.3470882118289,4.3264,1.92622006,1.07,-5.167491087,20.65497765,0.01916437,0.01167528,0.00965772,0.055,3e-07,0.09,0.2,0.0148638654800828,0.0191600506592421,0.096509884965017,1.1137,0.325043347403704
"GRB220101A",0.86332286,21.90370028,1.13,3.04134881,2.23894889831176,-8.69262974,1.62241,0.74532636059858,479.772085956072,1.2769,9.24980258408842,5.01289216925145,75.5618117967325,2.6322142081,1.20052929,0.491,-4.602059991,12.50116167,0.01431841,0.02317526,0.01255481,0.016,0,0.13,0.3,0.0313174061528694,0,0.0178477184393304,4.618,0.749581734865559
"GRB220117A",0.278753601,21.99532933,1.84,3.43803362,1.69731654173238,-10.1070569,1.78537,0.0777035700704672,483.794512335158,3.3856,11.8200751722503,2.88088344283838,102.152599179838,3.1875460369,1.68612083,1.2,-5.795880017,3.431095393,0.05084186,0.04500955,0.06200239,0.55,2e-07,0.18,0.4,0.0299157959458657,0.0542868101948971,0.0914304172328591,4.961,0.775319121829478
"GRB220521A",0.672097858,21.85427081,1.97,3.30131796,1.13193929521042,-10.6276115,2.02179,0.451715530728188,477.609152636818,3.8809,10.8987002730186,1.28128656804147,112.946126194932,4.0876348041,1.71067512,1.1,-6.091514981,2.691501432,0.16334814,0.13206168,0.12291833,0.4,8e-08,0.18,0.4,0.0862659940924207,0.042893282151299,0.0369612324969336,5.57,0.817565369559781
"GRB230325A",0.51851394,22.22918251,1.82,3.7823081,1.58035466110659,-10.9066853,2.0855,0.268856705974324,494.13655506289,3.3124,14.3058545633256,2.49752085488133,118.955784233236,4.34931025,0.931411844,1.025,-5.886056648,11.56039866,0.1875455,0.20042492,0.05714513,0.18,2e-07,0.18,0.4,0.131947893472792,0.0668145357246291,0.0526417553674108,1.664,0.425534220498263
"GRB230328B",0.924279286,21.14580437,1.22,3.66388,1.28397928423848,-10.1038,1.89331,0.85429219852867,447.145042454311,1.4884,13.4240166544,1.64860280235356,102.08677444,3.5846227561,1.20938,0.865,-5.366531544,3.815689721,0.0267,0.03231,0.02421,0.84,2e-07,0.29,0.5,0.0861743624797326,0.0201997433247832,0.0258508620217341,0.09,0.0374264979406237
"GRB230414B",-0.22184875,21.69224395,1.6,4.8792574,1.41463914673701,-11.9505263,2.02038,0.0492168678765625,470.553447586312,2.56,23.8071527754548,2.00120391548081,142.815078846992,4.0819353444,2.06160972,0.37,-6.327902142,8.855190621,0.11074106,0.069549,0.21988187,2.19,1e-07,0.3,0.2,0.148027729903839,0.0924030812423339,0.144764827428965,3.568,0.659726095237792
"GRB230506C",0.380211242,20.96124782,1.89,4.25859,1.49136169383427,-11.4531,2.08995,0.144560588543183,439.373910171455,3.5721,18.1355887881,2.22415970183623,131.17349961,4.3678910025,1.14181,1.11,-5.769551079,6.32455532,0.1023,0.11841,0.11299,0.29,2e-07,0.17,0.5,0.0886038540634792,0.0510934685037089,0.0904780170030954,3.7,0.672097857935718
"GRB230818A",0.826074803,21.31377445,1.36,3.9564,0.99211148778695,-11.0883,2.00403,0.682399580151489,454.276981305473,1.8496,15.65310096,0.984285204198835,122.95039689,4.0161362409,1.39195,1.02,-5.721246399,1.249953617,0.2044,0.12794,0.19715,0.29,1e-07,0.1,0.5,0.0552798328409481,0.0228576043082148,0.0324100359406028,2.42,0.534026106056135
"GRB231210B",0.591064607,21.82763844,1.08,3.24045,0.873320601815399,-10.048,1.66432281,0.349357369648064,476.445799867366,1.1664,10.5005162025,0.76268887355521,100.962304,2.7699704158863,1.60174,0.84,-5.853871964,0.647,0.05243,0.04808,0.060675,0.362,2e-07,0.19,0.7,0.0376155997043379,0.0620420687973556,0.0779502916284169,3.13,0.615950051656401
