"","log10T90","log10Fa","log10Ta","Alpha","Beta","Gamma","log10Fluence","PhotonIndex","log10NH","log10PeakFlux","T90Err","log10FaErr","log10TaErr","AlphaErr","BetaErr","FluenceErr","PhotonIndexErr","PeakFluxErr","log10T90Err","log10FluenceErr","log10PeakFluxErr","Redshift_crosscheck","log10z"
"GRB050315",1.9804578922761,-11.3757179,4.86356,1.10818,0.856,1.99544,-5.492144128,2.11,21.91683806,0.285557309,14.02006162,0.03245,0.04512,0.049165,0.001,8.84848484848485e-08,0.054545455,0.133333333,0.0636907468358741,0.0119343109944412,0.0300030729412981,1.949,0.469674772551798
"GRB050318",1.50514997831991,-11.15490196,4.132084541,1.874408221,0.95,1.98053,-5.966576245,1.9,20.92661714,0.499687083,10.96645741,0.06181969,0.043780336,0.085906519,0.037,4.66666666666667e-08,0.060606061,0.121212121,0.148833498099688,0.0187658109674778,0.0166587833050111,1.44,0.387389826338729
"GRB050319",2.1832698436828,-10.70553377,3.73997,0.863159,0.971,2.01045,-5.882728704,2.02,20.93735437,0.181843588,10.95539119,0.04165,0.06193,0.034558,0.009,8.96969696969697e-08,0.115151515,0.127272727,0.0311991209239902,0.0297365640854658,0.0363643704117435,3.24,0.627365856592733
"GRB050401",1.52244423350632,-9.653647026,3.12435,0.984108,0.9995,1.78711,-5.085128182,1.4,22.12570242,1.029383778,0.6253575,0.019455,0.02833,0.0260615,0.0174145,1.85454545454545e-07,0.042424242,0.557575758,0.00815583517918357,0.0097982829257281,0.0226310350249442,2.9,0.591064607026499
"GRB050505",1.7701152947871,-11.04817696,4.270583544,1.462094791,0.973,2.01835,-5.603800653,1.41,22.23063027,0.267171728,6.838970679,0.03272177,0.030067592,0.035926291,5e-04,1.08484848484848e-07,0.072727273,0.187878788,0.0504266082816271,0.018921434167657,0.0441052545788047,4.27,0.721810615212547
"GRB050730",2.19451434188247,-10.09854168,4.05018,2.38763,0.5615,1.6177,-5.623423043,1.53,21.73850309,-0.259637311,18.03329907,0.0266,0.017795,0.0538,0.000210492,9.21212121212121e-08,0.066666667,0.084848485,0.0500432094352208,0.0168099723091123,0.0669985979550667,3.967,0.696094159995223
"GRB050802",1.27875360095283,-10.28650946,3.63973,1.44729,0.8585,1.8557,-5.698970004,1.54,21.25883595,0.439332694,10.19803903,0.0275,0.0326,0.03274,0.002369606,9.51515151515152e-08,0.078787879,0.266666667,0.233102740892789,0.020661888971532,0.0421134043419523,1.7102,0.433001340945038
"GRB050803",1.94398887507377,-10.86012091,4.21721,1.52234,1.218,2.11696,-5.66756154,1.38,21.34755638,-0.017728767,10.43812723,0.0489,0.04766,0.048695,0.22485626,8.18181818181818e-08,0.066666667,0.066666667,0.0515724807439485,0.0165270627330643,0.0301593391746037,3.5,0.653212513775344
"GRB050824",1.3541084391474,-12.23882419,5.08558,0.954481,0.86,1.94709,-6.575118363,2.76,20.9708274,-0.301029996,4.070927175,0.06855,0.12722,0.0899785,0.01,3.15151515151515e-08,0.23030303,0.090909091,0.0782292570058625,0.0514543473223617,0.0789626332133755,0.8278,0.261928672990642
"GRB050826",1.55022835305509,-12.33348202,4.76235,1.801,1.11,2.45742,-6.384049948,1.16,21.96085591,-0.420216403,5.865069501,0.23405,0.13858,0.23538,0.03,4.36363636363636e-08,0.187878788,0.078787879,0.0717511921200946,0.0458862758416538,0.0900451080536063,0.297,0.11293997608408
"GRB050904",2.24104815067164,-11.4544,4.6841,1.24471,0.848,1.90813,-5.316052869,1.25,22.39388568,-0.207608311,10.75621588,0.29485,0.098475,0.624745,0,1.09090909090909e-07,0.042424242,0.103030303,0.0268161033458331,0.00980902273641476,0.072170148569444,6.29,0.862727528317975
"GRB060115",2.14488541828714,-11.29499204,3.69688,0.889919,1,2.10553,-5.76700389,1,21.43355223,-0.060480747,15.0870791,0.0812,0.123015,0.053884,0.085,9.09090909090909e-08,0.303030303,0.072727273,0.0469357822433229,0.0230884892235729,0.0363046589885454,3.53,0.656098202012832
"GRB060124",2.8750612633917,-10.6893,4.47599,1.3641,0.99,2.00895,-6.336299075,1.84,21.9172644,-0.050609993,1.306782322,0.04445,0.036665,0.01627,0.076380116,3.21212121212121e-08,0.115151515,0.109090909,0.000756704468657758,0.0302604450950157,0.0532332356918798,2.296,0.517987203025078
"GRB060206",0.880813592280791,-10.63078414,3.93814,1.17565,1.265,2.20424,-6.080398976,1.2,22.33966406,0.445604203,1.933560454,0.07055,0.07444,0.02867,0.013041887,2.54545454545455e-08,0.181818182,0.103030303,0.110491399420861,0.0133029706675924,0.0160378107849136,4.048,0.703119346236078
"GRB060210",2.40654018043396,-10.66756154,4.15028,1.20511,0.979,2.08163,-5.11577123,1.53,22.3877421,0.434568904,121.976523,0.0292,0.030365,0.02297,0.083622271,2.47878787878788e-07,0.054545455,0.16969697,0.207740121022138,0.0140538367709601,0.0270950212031269,3.91,0.691081492122968
"GRB060218",3.32221929473392,-11.82390874,5.07614,1.3185,0.895,2.20341,-5.804100348,2.26,21.59972155,-0.602059991,0.58,0.1602,0.14064,0.108235,0.02,9.21212121212121e-08,0.103030303,0.066666667,0.000119947999763755,0.0254826332026628,0.11581186233247,0.0331,0.0141423615450058
"GRB060306",1.78675142214556,-10.70553377,3.61496,1.03794,0.76,2.28823,-5.671620397,1.8,21.61973178,0.775974331,3.518840719,0.03495,0.04452,0.02498,0.01,7.15151515151515e-08,0.060606061,0.193939394,0.0249708024012773,0.014581519111212,0.0141083431596232,1.559,0.408070285887185
"GRB060418",2.01325866528352,-9.792961075,3.11887,1.47655,0.98,1.94118,-5.079354999,1.7,21.65363309,0.814247596,45.254834,0.04904,0.057245,0.044705,0.005,1.53333333333333e-07,0.036363636,0.212121212,0.190629725370006,0.0079942161609691,0.0141293054922338,1.489,0.396024896608593
"GRB060526",2.47450763911698,-11.3053948,3.8752,1.05873,0.93,1.90677,-5.899629455,2.01,21.70173804,0.222716471,23.04821868,0.06785,0.09216,0.0623145,0.0305,1e-07,0.145454545,0.109090909,0.0335671166680867,0.034467816033398,0.0283698082758142,3.221,0.625415352154408
"GRB060604",1.97772360528885,-11.76955108,4.45991,1.21596,1.02,2.1711,-6.395773947,2.01,21.99003057,-0.468521083,17,0.04195,0.04994,0.04695,0,6.42424242424242e-08,0.254545455,0.078787879,0.0777158546563714,0.0694033093482565,0.100638650276148,2.1357,0.496334505996816
"GRB060605",1.89817648349768,-11.26121944,4.04162,1.9179,0.835,2.02128,-6.156767222,1.55,21.77333803,-0.337242168,35.01416491,0.05315,0.037375,0.085,0.10149311,5.45454545454545e-08,0.121212121,0.072727273,0.192243471667048,0.0339867861224412,0.0686631594013328,3.78,0.679427896612119
"GRB060614",2.03622954408629,-11.78251606,5.03344,1.9453,0.783,1.89544,-4.690369833,2.02,20.51216256,1.06069784,3.31042292,0.0429,0.0289,0.05983,0.006,2.2e-07,0.024242424,0.448484848,0.0132262962918312,0.00468356794668692,0.0169369125967137,0.125,0.0511525224473813
"GRB060707",1.8208579894397,-10.9132,3.5545,0.861995,1.12,2.09345,-5.795880017,0.6,21.20847898,0.004321374,6.314200491,0.07695,0.127895,0.0364485,0.035,9.15151515151515e-08,0.363636364,0.139393939,0.0414232995600016,0.0248403283013014,0.0599386321664952,3.425,0.645913275033844
"GRB060708",1.00860017176192,-10.86966623,3.50569,1.12969,1.485,2.20484,-6.306273051,1.68,20.79066861,0.28780173,3.601244236,0.06115,0.062725,0.028525,0.33410152,2.24242424242424e-08,0.072727273,0.084848485,0.153333382321636,0.019714017700399,0.018994447849191,1.92,0.465382851448418
"GRB060714",2.06069784035361,-10.86012091,3.73449,1.20488,0.87,2.04425,-5.548213564,1.93,22.0125926,0.10720997,9.129365384,0.0352,0.046765,0.035305,0.005,1.01212121212121e-07,0.066666667,0.078787879,0.0344768087786936,0.0155321080197879,0.0267321414553261,2.711,0.569490954348783
"GRB060729",2.0618293072947,-11.15058059,5.1057,1.35481,1.317,1.92492,-5.583359493,1.75,20.86562801,0.068185862,33.90346061,0.0116,0.012825,0.013425,0.077392286,1.27878787878788e-07,0.084848485,0.078787879,0.127702392544209,0.0212785639737521,0.0292454197184288,0.54,0.187520720836463
"GRB060814",2.16226561429802,-10.91009489,4.22387,1.29504,0.97,2.11591,-4.835647144,1.53,22.00679538,0.861534411,4.898458524,0.0353,0.034855,0.024565,0,1.44848484848485e-07,0.018181818,0.175757576,0.0146412491865461,0.00430869161989862,0.0104993872606212,1.9229,0.465813957269479
"GRB060906",1.63848925695464,-11.8827287,4.33479,1.71887,1.06,2.07859,-5.655607726,2.03,22.41960057,0.294466226,8.166987204,0.08845,0.072145,0.169635,0.005,8.24242424242424e-08,0.066666667,0.16969697,0.0815374132522222,0.0161974631827828,0.0374103846163063,3.686,0.670802284260944
"GRB060908",1.28555730900777,-9.627087997,2.81918,1.38309,1.185,2.13395,-5.552841969,1,21.80952201,0.481442629,1.330335293,0.045185,0.05993,0.04964,0.003474954,6.72727272727273e-08,0.181818182,0.151515152,0.0299356101984998,0.0104343479500535,0.0217168958293479,1.8836,0.459935016851525
"GRB060926",0.903089986991944,-10.84771166,3.351,1.45111,1.357,2.00443,-6.659555885,2.54,22.50004427,0.037426498,1.212679677,0.08245,0.09927,0.11561,0.009157091,1.51515151515152e-08,0.139393939,0.084848485,0.0658325115046647,0.0300466640198818,0.0338066319525806,3.2,0.6232492903979
"GRB060927",1.35218251811136,-10.77728353,3.15198,1.39098,0.83,1.94856,-5.946921557,0.9,22.10710478,0.431363764,1.294276634,0.08115,0.108435,0.118785,0.178498106,4.12121212121212e-08,0.242424242,0.103030303,0.0249820977867784,0.0158391122565265,0.0165724044733706,5.47,0.8109042806687
"GRB061021",1.66464197555613,-10.04095861,3.23849,1.01707,0.785,1.99282,-5.528708289,1.3,20.87141063,0.78604121,5.398832468,0.0264,0.03399,0.010415,0.016800037,6.12121212121212e-08,0.036363636,0.163636364,0.0507507175232146,0.00898111029446789,0.0116311571135192,0.3463,0.129141845792285
"GRB061121",1.91009054559407,-10.03011836,3.78753,1.35185,0.9485,1.90181,-4.863279433,1.41,21.75351565,1.324282455,46.12748458,0.01265,0.01703,0.01585,0.002358211,1.20606060606061e-07,0.018181818,0.278787879,0.246407281884026,0.00382325157840621,0.00573820083195282,1.314,0.364363354615731
"GRB070110",1.94645226501307,-11.04866248,4.26825,1.42725,1.186,2.08596,-5.790484985,1.58,21.3989672,-0.22184875,14.47803302,0.05475,0.053995,0.046555,0.12166788,6.54545454545455e-08,0.072727273,0.072727273,0.0711281657171841,0.0175472517755912,0.0526417556261212,2.352,0.525304009958239
"GRB070208",1.67851837904011,-10.86327943,3.44468,1.2125,1.14,2.20341,-6.351639989,1.94,21.8647258,-0.045757491,22.627417,0.1619,0.14114,0.06357,0.015,6.12121212121212e-08,0.218181818,0.133333333,0.20601598202985,0.0597395201502247,0.0643399231491616,1.165,0.335457900689384
"GRB070223",1.94694327069783,-11.86327943,4.22335,0.991734,1.03,2.25837,-5.769551079,1.85,21.70173804,-0.161150909,8.08530616,0.16615,0.203105,0.079308,0.06,7.27272727272727e-08,0.072727273,0.090909091,0.0396768796586031,0.0185794430922578,0.0572192993510938,1.6295,0.419873175149476
"GRB070306",2.32118402730231,-11.2737,4.86926,1.89982,0.831,1.94468,-5.269217724,1.66,22.44245468,0.609594409,64.76757163,0.0335,0.02824,0.06188,0.001,1.73333333333333e-07,0.060606061,0.127272727,0.134263479547411,0.0139921394309921,0.013580796821018,1.4959,0.397227181043161
"GRB070508",1.32014628611105,-9.161150909,3.02525,1.37377,0.764,1.82568,-4.707743929,1.1,21.89306622,1.382017043,0.735923906,0.010795,0.01189,0.013355,5e-04,1.65454545454545e-07,0.060606061,0.36969697,0.0152922340419372,0.00366612225284185,0.00666213086681254,0.82,0.260071387985075
"GRB070521",1.57863920996807,-10.01233374,3.55243,1.44502,0.98,2.00022,-5.096367484,1.1,22.27524914,0.814913181,2.819384324,0.04901,0.04844,0.0562,0.147518075,1.07272727272727e-07,0.121212121,0.163636364,0.032307204598357,0.00581622391039878,0.0108830581881966,2.0865,0.489466281303128
"GRB070529",2.03822263836872,-10.24641694,3.09323,1.21432,0.76,1.97999,-5.590066877,1.34,22.56252244,0.155336037,19.9827799,0.0552,0.068045,0.03501,0.015,1.48484848484848e-07,0.096969697,0.218181818,0.0794726286049195,0.0250918873122187,0.0662623494478934,2.4996,0.544018407858776
"GRB070802",1.2148438480477,-11.6716204,3.92184,1.16348,0.78,1.99014,-6.552841969,1.79,21.91375294,-0.397940009,3.019812592,0.17395,0.236245,0.2088785,0.045,3.03030303030303e-08,0.163636364,0.060606061,0.0799687771394851,0.0470015673425834,0.065802194705171,2.45,0.537819095073274
"GRB071003",2.17609125905568,-11.67760082,4.78411,1.97901,0.837,1.91015,-5.080921908,1.36,20.86974084,0.799340549,4.494400066,0.1359,0.098505,0.183105,0.032,1.81818181818182e-07,0.042424242,0.242424242,0.0130126209875294,0.00951357025803561,0.0167116683635139,1.60435,0.415699348887829
"GRB071020",0.6232492903979,-9.169411331,2.311950854,1.119196934,0.844,1.59788,-5.638272164,1.11,20.99642367,0.924279286,0.581982802,0.035099822,0.039262062,0.011153209,0.001,6.06060606060606e-08,0.03030303,0.181818182,0.0601790284455221,0.0114438598661619,0.00940031347184909,2.145,0.497620649781288
"GRB071117",0.819543935541869,-11.23542972,3.901990464,1.104952391,0.94,2.0457,-5.619788758,1.57,22.04291793,1.053078443,1.824859447,0.101024385,0.117162967,0.089387802,0.01,6.06060606060606e-08,0.036363636,0.242424242,0.120079755769867,0.0109670323640116,0.00931712484047533,1.331,0.367542273520577
"GRB080310",2.56229286445647,-11.3990271,4.32608056,1.59590648,0.878,2.09352,-5.638272164,2.32,21.53322281,0.113943352,17.39875121,0.04247343,0.03798676,0.065276352,0.0375,1.21212121212121e-07,0.096969697,0.121212121,0.0207018675137275,0.0228877197323238,0.0404936579440628,2.42,0.534026106056135
"GRB080411",1.7481880270062,-10.11350927,4.20932562,1.28909841,0.91,1.97674,-4.578396073,1.75,21.57289018,1.635483747,1.000967534,0.06043543,0.049275581,0.010296793,0,6.06060606060606e-08,0.018181818,0.545454545,0.00776276208179474,0.000997002942546105,0.00548351617874055,1.03,0.307496037913213
"GRB080430",1.20951501454263,-11.17198494,4.21762911,0.99269763,1.12,2.03541,-5.920818754,1.73,21.51787914,0.414973348,2.183113364,0.028180965,0.038388523,0.020935069,0.0755,6.06060606060606e-08,0.054545455,0.121212121,0.0585255609478052,0.0219340647449938,0.0202468289563662,0.767,0.247236549506764
"GRB080516",0.763427993562937,-11.12090412,3.77452827,0.94016916,1.48,2.3315,-6.585026652,1.82,22.03528962,0.255272505,0.213016433,0.077803665,0.111057696,0.084888358,0.03,2.42424242424242e-08,0.163636364,0.181818182,0.0159503209321748,0.0404936579835962,0.04386812953948,3.2,0.6232492903979
"GRB080607",1.89762709129044,-10.0540393,3.46298403,1.7256074,1.06,2.03418,-4.619788758,1.31,22.38386741,1.36361198,3.285061929,0.11042072,0.069659314,0.037637388,0.02,0,0.024242424,0.666666667,0.0180592945376602,0,0.0125337512846333,3.036,0.605951157564873
"GRB080710",2.07918124604762,-11.23284413,4.09266933,1.52133785,1.3,2.00149,-5.853871964,1.47,20.89722339,0,17.43704666,0.06269498,0.054210787,0.06401643,0.150517844,1.21212121212121e-07,0.139393939,0.121212121,0.0631067762093961,0.0376012538165791,0.0526417552900893,0.845,0.265996370495079
"GRB080721",1.20951501454263,-8.714442691,2.87876286,1.33437559,0.735,1.9433,-4.920818754,1.11,21.79728278,1.320146286,144,0.007019299,0.007554816,0.006435673,0,6.06060606060606e-07,0.048484848,1.090909091,3.86039539469557,0.0219340647449938,0.0226686984976336,2.591,0.555215405126073
"GRB080810",2.02530586526477,-9.931814138,3.2687548,1.44529526,1.079,2.11482,-5.337242168,1.34,21.45079548,0.301029996,4.337190332,0.031830706,0.039738688,0.036139295,0.0015,1.21212121212121e-07,0.036363636,0.121212121,0.0177699795108654,0.0114438598573077,0.0263208776246799,3.35,0.638489256954637
"GRB080928",2.44715803134222,-11.1260984,4.08450503,1.76031774,0.99,2.13864,-5.602059991,1.77,21.51035195,0.322219295,20.80043462,0.064484035,0.047916769,0.075970735,0,1.21212121212121e-07,0.072727273,0.060606061,0.0322625499166263,0.0210567021369837,0.0125337513552694,1.692,0.430075055551939
"GRB081007",1,-10.58502665,3.58176278,1.00469263,0.92,2.102,-6.148741651,2.51,21.69605744,0.414973348,2.937133306,0.053161115,0.084284398,0.039134851,0.005,4.84848484848485e-08,0.121212121,0.242424242,0.127558078741005,0.0296573269567103,0.0404936579127324,0.5295,0.184549481320698
"GRB081008",2.26834391395106,-10.79317412,3.85550833,1.47398467,0.84,1.98207,-5.366531544,1.69,21.1376737,0.113943352,40.34414957,0.06052989,0.056285684,0.063988679,0.025,1.21212121212121e-07,0.042424242,0.060606061,0.0944541322659323,0.0122422686816867,0.0202468291390677,1.9685,0.472537053262077
"GRB081029",2.43136376415899,-11.86327943,4.48156171,2.51960373,0.87,1.95818,-5.677780705,1.43,21.49704581,-0.301029996,45.6827768,0.083250805,0.04285341,0.169198521,0.001,1.21212121212121e-07,0.109090909,0.121212121,0.0734806588231774,0.0250675025476,0.105283510661638,3.8479,0.685553652846326
"GRB081221",1.53147891704226,-9.354577731,2.93195749,1.23586126,0.991,2.4947,-4.742321425,1.21,21.57331844,1.260071388,0.8019177,0.0249855,0.031176651,0.012861856,5e-04,1.81818181818182e-07,0.078787879,0.303030303,0.0102431891779573,0.00436257641157646,0.00723101035372789,2.26,0.513217600067939
"GRB081230",1.78318869107526,-11.32975415,3.66959365,0.99376498,1.02,2.08621,-6.086186148,1.97,20.67248024,-0.15490196,13.77430841,0.0701444,0.08735027,0.040381418,0.02,4.84848484848485e-08,0.096969697,0.060606061,0.0985519956259729,0.0256789050871822,0.0376012540900799,2.1,0.491361693834273
"GRB090102",1.43136376415899,-9.457174573,3.15380077,1.42487631,0.667,1.76997,-7.167491087,1.36,21.72376179,0.740362689,2.240000004,0.036239983,0.041590346,0.021786596,0.002673458,1.81818181818182e-09,0.048484848,0.484848485,0.0360303570814986,0.0116121519146922,0.0382849130607791,1.547,0.406028944963615
"GRB090205",0.944482672150169,-11.3419886,3.70655,1.29089,1.01,2.03416,-6.721246399,2.15,21.81792086,-0.301029996,1.794079127,0.13445,0.114585,0.084185,0.025,1.81818181818182e-08,0.139393939,0.060606061,0.0885407573811254,0.0415592805603905,0.0526417557651133,4.6497,0.752025387323213
"GRB090423",1.01283722470517,-11.2798407,3.91521772,1.43267533,0.77,1.8158,-6.229147988,0.8,22.7516324,0.230448921,1.061728761,0.08569564,0.077643595,0.064053366,0.005,2.42424242424242e-08,0.303030303,0.121212121,0.0447672759398327,0.017844662826724,0.0309657384329063,8.26,0.966610986681934
"GRB090424",1.68124123737559,-9.050609993,2.99599056,1.1284106,0.924,1.96315,-4.677780705,1.19,21.63012977,1.851258349,2.27250697,0.011257098,0.013394814,0.005546887,0,0,0.090909091,1.212121212,0.020561192440785,0,0.00741433173843615,0.544,0.188647295999717
"GRB090519",1.80617997398389,-11.76000021,3.44619,1.42452,0.63,1.46604,-5.920818754,1.02,22.13069392,-0.22184875,8.24011649,0.21145,0.24029,0.3065,0.03,6.06060606060606e-08,0.121212121,0.121212121,0.0559162050288593,0.0219340647449938,0.0877362588943192,3.85,0.685741738602264
"GRB090529",2,-12.1873998,4.472757799,0.8815438,0.64,2.22623,-6.167491087,2,20.90942658,-0.397940009,10.5274432,0.11547934,0.21900534,0.113675222,0.125,1.03030303030303e-07,0.181818182,0.060606061,0.0457201049030991,0.0658021941832558,0.065802194705171,2.625,0.559308010907013
"GRB090530",1.68124123737559,-11.16052195,3.6839464,0.88610581,1.09,2.03975,-5.958607315,1.61,20.90942658,0.397940009,35.77708764,0.089175625,0.115365029,0.038514202,0.035,6.06060606060606e-08,0.103030303,0.181818182,0.323703994596272,0.023928070636996,0.0315850532370607,1.266,0.355259905527378
"GRB090618",2.05384642685225,-9.640164518,3.67275453,1.30942861,0.8945,1.82831,-3.978810701,1.42,21.39200012,1.589949601,0.593538562,0.009695255,0.014245613,0.010591616,0.002482662,6.06060606060606e-07,0.048484848,0.484848485,0.00227712475506529,0.00250675025669951,0.00541303397821518,0.54,0.187520720836463
"GRB090809",0.732393759822969,-11.8559,4.56066,1.6367,0.96,1.94644,-6.468521083,1.34,21.91952315,0.041392685,1.216253263,0.338,0.237865,0.319405,0.01,3.03030303030303e-08,0.145454545,0.121212121,0.0978170519847638,0.0387071730789222,0.0478561411902437,2.737,0.572523097849638
"GRB090812",1.82412583391655,-10.16730017,3.52924,1.37252,0.53,1.88559,-5.236572006,1.24,21.77771022,0.556302501,14.65837332,0.10615,0.13258,0.08412,0.015,1.21212121212121e-07,0.03030303,0.121212121,0.0954430381792181,0.00907616471193707,0.0146227097949671,2.452,0.538070787043172
"GRB090927",0.342422680822206,-11.6716204,4.20121889,1.13087741,0.92,2.06549,-6.698970004,1.8,21.01785522,0.301029996,0.400898978,0.076268475,0.093241949,0.074843971,0.01,1.81818181818182e-08,0.121212121,0.121212121,0.079140097248206,0.0394813165061122,0.0263208776246799,1.37,0.374748346010104
"GRB091018",0.643452676486187,-9.627087997,2.89655535,1.18074867,0.91,1.98015,-5.853871964,1.77,21.19187281,1.012837225,0.601065704,0.024288603,0.034497878,0.016335114,0.002061639,6.06060606060606e-08,0.145454545,0.242424242,0.0593271632973848,0.0188006269082896,0.0102217000493888,0.971,0.294686624279443
"GRB091020",1.53907609879278,-9.71219827,2.95265011,1.17417264,0.895,2.08587,-5.431798276,1.53,21.70587483,0.62324929,4.875038864,0.034480687,0.045271255,0.018244861,0.002182887,6.06060606060606e-08,0.042424242,0.181818182,0.0611908230548872,0.00711375072842337,0.0188006269582444,1.71,0.432969290874406
"GRB091029",1.59328606702046,-11.34678749,4.30368998,1.12123368,1.064,2.11535,-5.619788758,1.46,21.45058625,0.255272505,4.829610314,0.02563352,0.034224003,0.026782025,0.002,6.06060606060606e-08,0.163636364,0.060606061,0.0535069670692151,0.0109670323640116,0.0146227099269182,2.752,0.574262829707027
"GRB091127",0.851258348719075,-9.844663963,3.98466812,1.39581701,0.758,1.80187,-5.045757491,2.05,20.87872913,1.667452953,0.150359555,0.018562516,0.021935207,0.013587309,0.00244132,1.81818181818182e-07,0.042424242,1.636363636,0.00919722887858148,0.00877362590591064,0.0152830902649864,0.49,0.173186268412274
"GRB050416A",0.397940008672038,-10.5559552,2.99481,0.842217,0.9,2.06183,-6.435333936,3.08,21.75162856,0.688419822,0.44407209,0.0484,0.070765,0.0149485,0.005,2.24242424242424e-08,0.133333333,0.290909091,0.0771432233016977,0.0265360347448561,0.0258893879011433,0.6528,0.218220304175545
"GRB050820A",1.41497334797082,-10.01818139,3.750945731,1.136499703,0.9,1.96878,-5.463441557,1.25,21.61964524,0.389166084,22.67611617,0.266741013,0.238477529,0.012525701,0.0405,1.46666666666667e-07,0.072727273,0.139393939,0.378773543216465,0.0185164313807078,0.0247093953343968,2.6147,0.558072259099146
"GRB050922C",0.653212513775344,-9.477555766,2.52429,1.22035,1.064,2.2119,-5.790484985,1.37,21.44930866,0.860936621,0.450457546,0.03194,0.034305,0.013275,0.013,3.27272727272727e-08,0.036363636,0.193939394,0.0434736059021067,0.0087736258877956,0.0116014887850822,2.198,0.504878459410216
"GRB051016B",0.602059991327962,-11.59006688,4.25742,1.14771,0.73,1.89482,-6.769551079,2.4,21.71466751,0.113943352,0.469570015,0.04535,0.058175,0.04854,0.005,1.33333333333333e-08,0.139393939,0.096969697,0.0509829165954318,0.0340623123358059,0.0323949264220647,0.9364,0.286995073968852
"GRB051109A",1.5705429398819,-10.51999306,3.91123,1.22299,1.06,2.06584,-5.657577319,1.51,21.97057233,0.595496222,7.089588968,0.04815,0.04637,0.019155,0.054794381,1.64848484848485e-07,0.121212121,0.418181818,0.0827679937571121,0.0325421760411363,0.046094938049931,2.346,0.524525936626376
"GRB051109B",1.15533603746506,-11.57511836,3.65548,1.251,1.06,2.12549,-6.591760035,1.97,21.36742302,-0.259637311,3.778168861,0.0922,0.126645,0.12217,0.01,2.48484848484848e-08,0.145454545,0.078787879,0.114743908253916,0.0421545307074316,0.0622129838718209,0.08,0.0334237554869497
"GRB060223A",1.05307844348342,-10.9636,2.78682,1.1892,0.81,2.01015,-6.171984936,1.74,22.49782636,0.130333768,1.095536415,0.1982,0.23477,0.18005,0.045,2.90909090909091e-08,0.072727273,0.109090909,0.0421049044034133,0.018772691379267,0.0350945035988966,4.41,0.733197265106569
"GRB060502A",1.45331834004704,-10.55284197,3.3865,0.897152,0.87,2.02719,-5.63638802,1.46,21.45692297,0.227886705,9.827838,0.05675,0.075085,0.0205255,0.015,6.18181818181818e-08,0.048484848,0.127272727,0.150287880719686,0.0116222057308489,0.0327064159666924,1.5026,0.398391440229475
"GRB060510B",2.43964842956347,-12.2656,4.43617,1.00735,1.38,2.1317,-5.390405591,1.78,22.00215742,-0.244125144,21.28954544,0.2206,0.31628,0.2313695,0.03,1.06666666666667e-07,0.048484848,0.066666667,0.033597137016063,0.0113820011696242,0.0507946764616626,4.9,0.770852011642144
"GRB060607A",2.00945089579869,-11.02273379,4.37412,1.81152426,0.564,1.61002,-5.59345982,1.47,21.79614607,0.146128036,31.06976133,0.0761,0.02584,0.163115,0.012077154,6.78787878787879e-08,0.048484848,0.078787879,0.132029607628865,0.0115605423699981,0.0244408150465787,3.0749,0.610116955411928
"GRB060904B",2.23426412437879,-11.11633856,3.87074,1.36265,1.58,2.18877,-5.790484985,1.64,21.59122827,0.387389826,11.34305921,0.08665,0.081295,0.04215,0.136141492,8.66666666666667e-08,0.084848485,0.127272727,0.0287243616490079,0.0232338611473106,0.0226532143754057,0.703,0.231214647962601
"GRB060912A",0.698970004336019,-10.1079054,2.455171016,1.045731532,0.63,1.8948,-5.869666232,1.74,21.36738202,0.933487288,0.58,0.147419953,0.156564864,0.028937785,0.0785,3.75757575757576e-08,0.054545455,0.266666667,0.0503781599007772,0.0120881068052489,0.0134978860076092,0.937,0.287129620719111
"GRB061110A",1.60959440922522,-8.33235,2.24983,1.23586126,1.98,1.82722,-5.974694135,1.67,22.27837171,-0.27572413,4.024501448,0.2103,0.03335,0.11946,0.0015,4.60606060606061e-08,0.072727273,0.072727273,0.0429439501542517,0.0188715726956945,0.0595944402240336,0.7578,0.244969460136198
"GRB061222A",1.85369821177617,-9.954677021,3.92091,1.35061,0.86,1.92748,-5.097453221,1.35,22.56660835,0.930949031,16,0.02311,0.024435,0.018075,0.005,9.57575757575758e-08,0.024242424,0.157575758,0.0973208923032497,0.00520487944706068,0.00802277634320278,2.088,0.489677291663699
"GRB070714B",1.80617997398389,-10.74232143,3.22974,1.64623,0.93,2.07429,-6.142667504,1.36,21.64321572,0.431363764,8.408797283,0.09935,0.0946,0.108425,0.005,5.45454545454545e-08,0.115151515,0.121212121,0.0570608478039056,0.0329010971465546,0.0194969464108742,0.923,0.28397928423848
"GRB070721B",2.53147891704225,-10.50863831,3.94739,2.5054,0.52,1.52512,-5.443697499,1.34,21.89473409,0.176091259,21.32020684,0.3648,0.10084,0.09144,0,1.21212121212121e-07,0.066666667,0.181818182,0.0272330828930823,0.0146227098205568,0.0526417554416033,3.626,0.665205628434601
"GRB070810A",1.04139268515823,-10.77728353,3.36583,1.36994,1.02,2.17076,-6.161150909,2.04,21.93100401,0.278753601,4.99064124,0.06175,0.07187,0.077915,0.01,3.63636363636364e-08,0.084848485,0.121212121,0.197037086517346,0.0228877197175498,0.0277061869917745,2.17,0.501059262217751
"GRB080319B",1.69897000433602,-12.15181088,5.36799912,1.42250979,0.73,1.81426,-4.091514981,1.04,20.8771334,1.394451681,0.179108908,0.097779455,0.087626454,0.075139905,0,6.06060606060606e-07,0.012121212,0.303030303,0.00155572020808234,0.0032494910720681,0.00530662856410116,0.937,0.287129620719111
"GRB080319C",1.53147891704226,-8.91721463,3.19029,1.45203,1.94,1.61029,-5.443697499,1.37,21.75037415,0.716003344,8.885029446,0.05004,0.04713,0.02854,0.199995173,6.06060606060606e-08,0.042424242,0.181818182,0.11349174293958,0.00731135491027843,0.0151851217472848,1.95,0.469822015978163
"GRB080905B",2.10720996964787,-10.11125904,3.67820615,1.36946226,0.375,1.86248,-5.744727495,1.78,22.33533151,-0.301029996,28.05833332,0.03236457,0.038825489,0.033301752,0.00558525,1.21212121212121e-07,0.090909091,0.060606061,0.095199838533423,0.0292454196637412,0.0526417557651133,2.374,0.528145078253106
"GRB080916A",1.77815125038364,-10.75269955,3.60698,0.998947,0.83,1.88453,-5.397940009,1.17,21.7431239,0.431363764,6.325897569,0.0592,0.073495,0.0260505,0.01,6.06060606060606e-08,0.127272727,0.121212121,0.0457883734550316,0.00658021942774567,0.0194969464108742,0.6887,0.227552503379865
"GRB081028A",2.41497334797082,-11.3994,4.75426,2.20023,0.945,2.51,-5.431798276,1.25,20.90308999,-0.301029996,32.58849643,0.0572,0.03025,0.054715,5e-04,1.21212121212121e-07,0.23030303,0.060606061,0.0544346314348955,0.0142275014568467,0.0526417557651133,3.038,0.60616631460762
"GRB081203A",2.46834733041216,-10.9243983,4.02089,1.86904,0.82,2.03508,-5.113509275,1.54,21.66176916,0.462397998,82.96987405,0.05695,0.03932,0.064395,0.0325,1.81818181818182e-07,0.036363636,0.121212121,0.12256244375552,0.0102548874161921,0.0181523294061522,2.1,0.491361693834273
"GRB090418A",1.7481880270062,-10.04720756,3.52813657,1.52909667,0.98,2.03408,-5.337242168,1.48,22.02365981,0.278753601,4.129211073,0.028659405,0.030759021,0.042154514,0.003531332,1.21212121212121e-07,0.042424242,0.181818182,0.032023099707459,0.0114438598573077,0.0415592806019498,1.608,0.416307587059883
"GRB090516A",2.32221929473392,-11.27490548,4.33113504,1.76098314,0.502,2.09,-5.045757491,1.84,21.19589965,0.204119983,64,0.03779605,0.029715315,0.053351589,0.479087085,3.63636363636364e-07,0.066666667,0.121212121,0.13235641353242,0.0175472518118213,0.0329010970302395,4.109,0.708335902682263
"GRB091109A",1.68124123737559,-11.14630179,3.37933883,1.06152816,0.89,1.96352,-5.795880017,1.31,21.89596701,0.113943352,16.70810678,0.05941034,0.074268877,0.033719571,0.03,1.21212121212121e-07,0.151515152,0.242424242,0.151171637033423,0.0329010970878164,0.0809873158881255,3.076,0.610234175334389
"GRB091208B",1.17318626841227,-10.18045606,3.31388094,1.1606541,0.86,2.03333,-5.48148606,1.74,21.91211094,1.181843588,2.897723268,0.036806415,0.052928177,0.030502454,0.034663611,1.21212121212121e-07,0.066666667,0.606060606,0.0844607533808763,0.0159520470810336,0.0173163668981098,1.063,0.314499227973151
"GRB100219A",1.27415784926368,-12.13548892,4.7218991,1.24471,0.46,1.58721,-6.431798276,1.34,21.91722026,-0.397940009,6.647711502,0.326395625,0.103773463,0.730853403,0.005,3.63636363636364e-08,0.151515152,0.060606061,0.153567256521456,0.0426825043705403,0.065802194705171,4.6667,0.753330221324521
"GRB100316B",0.57978359661681,-11.1481304,3.5543767,1.36246063,1.08,2.23535,-6.698970004,2.23,21.41315218,0.113943352,0.445223532,0.10431242,0.207348761,0.13322096,0.02,1.21212121212121e-08,0.109090909,0.060606061,0.0508837166213357,0.0263208776707414,0.0202468291390677,1.18,0.338456493604605
"GRB100418A",0.845098040014257,-12.48811664,5.54363,1.81145,0.84,2.26662,-6.468521083,2.16,21.14009932,0,0.963279858,0.10745,0.075475,0.16786,0.01,3.03030303030303e-08,0.151515152,0.121212121,0.0597638752654211,0.0387071730789222,0.0526417552900893,0.6235,0.21045229296202
"GRB100425A",1.56820172406699,-11.50168945,3.60199415,0.86819371,1.46,2.17077,-6.327902142,2.42,20.53466438,0.146128036,3.773539953,0.070859065,0.115125536,0.055076895,0.035,5.45454545454545e-08,0.193939394,0.121212121,0.0442926372656583,0.0504016806776366,0.037601253750777,1.755,0.440121603187804
"GRB100513A",1.92427928606188,-11.57186521,3.74522911,0.96306136,1.36,2.25722,-5.853871964,1.62,22.05240534,-0.22184875,14.87086076,0.09817689,0.128616618,0.061569437,0.025,6.06060606060606e-08,0.084848485,0.060606061,0.0768849139192809,0.0188006269082896,0.0438681298090717,4.772,0.761326322421457
"GRB100621A",1.80345711564841,-9.804100348,3.64164386,0.94079321,0.27,2.3024,-4.677780705,1.9,22.28454803,1.10720997,1.683600844,0.041282476,0.060455075,0.024177265,0.150679792,0,0.018181818,0.181818182,0.0114965181804537,0,0.00616895571002009,0.542,0.188084373714938
"GRB100704A",2.29556709996248,-10.35163999,3.62503495,1.01294211,1.29,2.11575,-5.22184875,1.73,21.52730245,0.633468456,23.25931459,0.04763446,0.053639373,0.01813996,0.01,1.21212121212121e-07,0.036363636,0.121212121,0.0511462885027281,0.00877362590478576,0.0122422686602628,3.6,0.662757831681574
"GRB100728A",2.29776051109913,-10.17587417,4.03148606,1.5588143,0.96,1.90402,-4.420216403,1.18,21.52592288,0.707570176,12.6465837,0.0760751,0.053762484,0.034265796,0.005,0,0.012121212,0.121212121,0.0276692267800383,0,0.0103219128043059,1.567,0.409425868671443
"GRB100814A",2.2417954312952,-11.49349497,5.22729477,1.76532941,1.1425,1.89414,-5.045757491,1.47,20.89608288,0.397940009,9.468174905,0.04362636,0.035347138,0.084015169,0.01745135,1.21212121212121e-07,0.024242424,0.121212121,0.0235643330368845,0.00584908393727375,0.0210567021001345,1.44,0.387389826338729
"GRB100816A",0.462397997898956,-11.5559552,3.97801299,1.04455013,1.09,1.91138,-5.698970004,0.73,21.34783526,1.037426498,0.621173086,0.08674922,0.112014005,0.047175154,0.015,6.06060606060606e-08,0.145454545,0.242424242,0.093024842605729,0.0131604388353707,0.00965903766658571,0.804,0.256236533205923
"GRB100901A",2.64246452024212,-11.34103516,4.91124,1.50754,1.075,1.98285,-5.677780705,1.52,21.53188109,-0.096910013,22.56299024,0.0283,0.02425,0.036255,5e-04,1.81818181818182e-07,0.127272727,0.121212121,0.0223211438643939,0.0376012538214001,0.0658021941113909,1.408,0.381656482585787
"GRB100906A",2.05842602445701,-10.4698003,3.94074768,1.71220056,0.87,2.02817,-4.920818754,1.78,21.96198081,1.004321374,1.591145486,0.048743085,0.039933316,0.059340084,0,0,0.018181818,0.242424242,0.00604043447967716,0,0.0104241099532164,1.727,0.43568513794163
"GRB101219B",1.53147891704226,-11.99567863,4.42003952,0.66918137,0.94,1.85684,-5.677780705,1.56,20.49692965,-0.22184875,5.420624286,0.089446275,0.166829365,0.039390628,0.105,2.42424242424242e-07,0.096969697,0.181818182,0.0692396239964869,0.0501350050952,0.131604388703391,0.55,0.190331698170291
"GRB110106B",1.39445168082622,-10.81530857,3.87203946,1.22519883,1.03,2.05121,-5.698970004,1.76,21.29748256,0.322219295,16.62661769,0.045543555,0.058714404,0.049891228,0.005,6.06060606060606e-08,0.066666667,0.181818182,0.2911632385275,0.0131604388353707,0.0376012538590013,0.618,0.208978517276253
"GRB110213A",1.68124123737559,-9.896196279,3.84089,1.8412,1.1905,1.96436,-5.229147988,1.83,21.56708403,0.204119983,16,0.03588,0.023515,0.02785,0.226362665,2.42424242424242e-07,0.072727273,0.363636364,0.144764827301084,0.017844662826724,0.0987032913621525,1.46,0.390935107103379
"GRB110422A",1.41329976408125,-9.681936665,3.50066971,1.42239886,0.778,1.89199,-4.387216143,0.86,22.02088312,1.487138375,0.566646277,0.024137407,0.029472713,0.022779716,0.005,6.06060606060606e-07,0.060606061,0.606060606,0.00950159657498538,0.00641972626198059,0.00857357580371156,1.77,0.442479769064449
"GRB110503A",1,-9.08249449,2.54166555,1.14649063,0.687,1.90907,-5,0.88,21.13638759,0.130333768,3.405445073,0.028998071,0.028887961,0.006289914,0.001,2.42424242424242e-07,0.151515152,0.036363636,0.147896600362852,0.0105283510764424,0.0116981677590657,1.613,0.417139409727326
"GRB110715A",1.11394335230684,-9.075720714,2.61109719,0.95853538,0.755,1.85342,-4.928117993,1.25,22.0746007,1.731588765,4,0.02377653,0.035600881,0.009554076,0.0015,1.21212121212121e-07,0.072727273,0.666666667,0.133629071354847,0.00446116571350155,0.00537160769705798,0.82,0.260071387985075
"GRB110731A",1.58883172559421,-12.08512818,5.08952072,1.42351927,0.39,1.85145,-5.22184875,1.15,21.95954126,1.041392685,11.66246372,0.097418495,0.090702815,0.110855301,0.13,6.06060606060606e-08,0.03030303,0.181818182,0.130539784510126,0.00438681295239289,0.00717842119827721,2.83,0.583198773968623
"GRB110808A",1.68124123737559,-12.08440021,4.50711,0.807091,1.4,2.33721,-6.48148606,2.32,22.39388568,-0.397940009,22.627417,0.0837,0.155655,0.0776,0.025,4.84848484848485e-08,0.260606061,0.121212121,0.204728382142163,0.0638081883241343,0.131604388324606,1.348,0.370698092575577
"GRB110818A",2.01283722470517,-11.28316228,3.84627415,1.37167718,0.83,1.95985,-5.397940009,1.58,22.06812647,0.204119983,18.0548006,0.05514905,0.059648416,0.067338189,0.01,1.21212121212121e-07,0.066666667,0.181818182,0.0761271871111022,0.0131604388554913,0.0493516456810763,3.36,0.639486489268586
"GRB111008A",1.80250006776439,-10.66756154,3.98993393,1.21584288,0.829,1.94053,-5.27572413,1.86,22.17059025,0.806179974,2.36485691,0.028511085,0.035676696,0.027351291,0.001,1.81818181818182e-07,0.054545455,0.424242424,0.0161841208084427,0.0148986100001386,0.0287884599571287,4.9898,0.777412321496744
"GRB111123A",2.46239799789896,-11.60730305,4.42202873,1.46723371,1.25,2.55463,-5.13667714,1.68,21.35034301,-0.045757491,88.09086218,0.07308827,0.070655771,0.105884147,0.005,1.81818181818182e-07,0.042424242,0.060606061,0.131921983968531,0.0108167990541397,0.029245419876464,3.1516,0.618215503279417
"GRB111209A",3.14612803567824,-9.057000407,4.13326,2.77382,0.2529,1.81212,-4.443697499,1.48,21.14009932,-0.301029996,29.55180898,0.02099,0.010455,0.04435,4.99999999999997e-05,6.06060606060606e-07,0.018181818,0.060606061,0.00916727683590926,0.00731135491027843,0.0526417557651133,0.677,0.224533062606086
"GRB111228A",2.00518051250378,-10.65757732,4.10627835,1.15297662,0.99,2.03824,-5.070581074,2.27,21.41342718,1.093421685,5.415902489,0.030118345,0.037264425,0.023299272,0,1.21212121212121e-07,0.036363636,0.303030303,0.023242060923901,0.00619314768795071,0.0106132571364139,0.714,0.234010817587179
"GRB120118B",1.36660971039243,-10.95467702,3.68307,1.0241,1.01,2.20884,-5.744727495,2.08,21.451745,0.342422681,19.64696058,0.1172,0.131765,0.077156,0.005,6.06060606060606e-08,0.066666667,0.181818182,0.366834332160993,0.0146227098318706,0.0358921059636159,2.943,0.595826777073223
"GRB120327A",1.79865064544527,-10.15181088,3.48517215,1.44859414,0.63,1.75797,-5.443697499,1.52,22.16619025,0.591064607,7.52171255,0.04362492,0.051679097,0.058002882,0.02,6.06060606060606e-08,0.036363636,0.121212121,0.0519338355314378,0.00731135491027843,0.0134978859726414,2.813,0.581266805273671
"GRB120404A",1.58771096501891,-11.02687215,3.79948,1.90651,0.69,1.89579,-5.795880017,1.85,21.70983536,0.079181246,16,0.11705,0.068285,0.121385,0.005,6.06060606060606e-08,0.078787879,0.121212121,0.179553274171887,0.0164505485439082,0.0438681294132183,2.876,0.588383768378728
"GRB120422A",0.728353782021228,-12.73992861,5.23266697,0.86153199,1.1,2.32199,-6.638272164,1.19,20.54058972,-0.22184875,2.236067977,0.11830242,0.217818621,0.214451933,0.035,2.42424242424242e-08,0.145454545,0.121212121,0.181516258611527,0.0457754394646476,0.0877362588943192,0.283,0.108226656374928
"GRB120729A",1.85430604180108,-10.29756946,3.52138487,2.26312734,0.645,1.8831,-5.619788758,1.62,21.34792103,0.462397998,36.74353317,0.06906832,0.047294772,0.130088482,0.013331067,6.06060606060606e-08,0.048484848,0.121212121,0.223182009809232,0.0109670323640116,0.0181523294061522,0.8,0.255272505103306
"GRB120802A",1.69897000433602,-11.17198494,3.53838419,0.54215516,0.91,2.03526,-5.721246399,1.21,22.12127744,0.477121255,31.02460027,0.07803221,0.220557212,0.11816229,0.055,1.81818181818182e-07,0.284848485,0.121212121,0.269476254010303,0.0415592805603905,0.0175472517520363,3.796,0.680879174426811
"GRB120811C",1.42813479402879,-10.14327111,3.15909591,1.01613299,0.65,1.92121,-5.522878745,1.4,21.91722026,0.612783857,3.693579286,0.05294686,0.084200302,0.03800099,0.090734018,1.81818181818182e-07,0.181818182,0.121212121,0.0598545187455953,0.026320877674116,0.0128394525014921,2.671,0.564784384503987
"GRB120907A",1.22788670461367,-10.37675071,3.2113827,1.05329104,0.78,1.82021,-6.173925197,1.73,21.0438101,0.462397998,1.370430613,0.04130341,0.062296694,0.028647271,0.005,6.66666666666667e-08,0.151515152,0.242424242,0.0352171865714314,0.0432133812541372,0.0363046588123045,0.97,0.294466226161593
"GRB120922A",2.2380461031288,-10.59516628,3.59799,1.06622,1.17,2.06954,-5.207608311,1.58,21.0163605,0.301029996,30.24009631,0.16365,0.133375,0.03563,0.005,4.24242424242424e-07,0.218181818,0.121212121,0.0759139130615947,0.0297171200079232,0.0263208776246799,3.1,0.612783856719735
"GRB121024A",1.83884909073726,-11.31158018,4.17178823,1.30353551,0.87,2.00683,-5.958607315,1.41,21.94617755,0.113943352,32.06243908,0.063305895,0.065435085,0.06666149,0,6.06060606060606e-08,0.133333333,0.121212121,0.201804932881205,0.023928070636996,0.0404936579440628,2.298,0.5182506513085
"GRB121027A",1.79657433321043,-11.92081875,5.40919042,1.50995764,1.16,2.37144,-5.698970004,1.82,22.07736427,0.113943352,4.820058467,0.041584155,0.037953731,0.058939694,0,6.06060606060606e-08,0.054545455,0.121212121,0.0334396932055774,0.0131604388353707,0.0404936579440628,1.773,0.442949869577862
"GRB121128A",1.36735592102602,-9.617982957,3.23392922,1.54546584,0.9455,1.98504,-5.161150909,1.32,22.04029767,1.11058971,1.63061216,0.028690024,0.029795568,0.032445001,0.010337721,2.42424242424242e-07,0.109090909,0.242424242,0.030393384687225,0.0152584798116998,0.00816151245369952,2.2,0.505149978319906
"GRB121211A",2.26007138798507,-11.2823295,4.20933518,1.15615612,0.95,2.0682,-5.886056648,2.36,21.66138196,0,39.28730733,0.054250775,0.063247159,0.074602829,0.005,1.61818181818182e-07,0.157575758,0.181818182,0.0937486856167922,0.0540590334499272,0.0789626331522811,1.023,0.305995882770805
"GRB130408A",1.44715803134222,-10.32975415,3.58393,1.39277,0.945,2.03183,-5.638272164,1.28,20.06405721,0.69019608,13.06603535,0.077,0.070305,0.0643,0.117120218,2.42424242424242e-07,0.157575758,0.606060606,0.202660966173494,0.0457754394646476,0.05371607691878,3.757,0.677333151419902
"GRB130418A",2.47712125471966,-9.247183569,2.59006,1.28449,0.198,1.68684,-5.744727495,2.07,21.12149747,-0.22184875,46.08809848,0.06047,0.06867,0.031625,0.003,1.21212121212121e-07,0.103030303,0.121212121,0.0667193561709255,0.0292454196637412,0.0877362588943192,1.218,0.345961541813141
"GRB130420A",2.09166695759568,-10.8728952,3.56731,0.914676,1.17,2.29559,-5.148741651,1.52,20.79265849,0.531478917,11.73673073,0.05505,0.08535,0.0286905,0.005,1.81818181818182e-07,0.151515152,0.121212121,0.0412728533734682,0.0111214976087664,0.0154828692044739,1.297,0.361160995195026
"GRB130505A",1.94448267215017,-8.91721463,3.24559,1.3304,0.724,1.92439,-4.677780705,1.18,20.71960885,1.477121255,116.2582295,0.014975,0.024355,0.01565,0,6.06060606060606e-07,0.042424242,1.878787879,0.573753494860134,0.0125337512738,0.027198240266324,2.27,0.514547752660286
"GRB130511A",0.734799829588847,-10.51570016,2.65954,1.16497,0.65,2.06879,-6.657577319,1.35,21.01365445,0.113943352,2.212184473,0.0838,0.089385,0.04916,0.01,2.42424242424242e-08,0.187878788,0.121212121,0.176931769719328,0.0478561412369649,0.0404936579440628,1.3033,0.362350507594848
"GRB130514A",2.3096301674259,-10.7212464,3.68772,1.17745,0.65,2.0604,-5.040958608,1.8,21.19799139,0.447158031,12.81269759,0.078,0.078365,0.04188,0.08,1.21212121212121e-07,0.03030303,0.181818182,0.0272768816746671,0.00578480828803656,0.028200940433751,3.6,0.662757831681574
"GRB130604A",1.57634135020579,-8.316052869,2.071571247,1.742079764,0.98,2.08823,-5.853871964,1.51,21.35024026,-0.096910013,4.559271868,0.166441725,0.100184013,0.041653571,0.015,6.06060606060606e-08,0.072727273,0.121212121,0.0525216608426825,0.0188006269082896,0.0658021941113909,1.06,0.313867220369153
"GRB130606A",2.44182077228928,-10.18045606,3.30222,1.37571,0.44,1.86465,-5.537602002,1.52,20.24962877,0.414973348,19.31096766,0.06815,0.07782,0.05186,0.045,1.21212121212121e-07,0.072727273,0.121212121,0.0303226794958065,0.0181523294379188,0.0202468289563662,5.913,0.839666556882433
"GRB130831A",1.51188336097887,-9.89279003,3.31959,1.28481,1.01,1.79449,-5.187086643,1.93,20.06405721,1.133538908,1.864331486,0.054815,0.089045,0.06727,0.009011148,1.21212121212121e-08,0.03030303,0.363636364,0.0249128885171781,0.000809873159060338,0.0116121519440579,0.4791,0.16999753706657
"GRB130925A",2.25285303097989,-10.62525165,5.84588,1.38344,1.5915,2.69002,-4.387216143,1.85,21.99154725,0.86332286,3.540892566,0.06235,0.06424,0.12684,0.206936072,6.06060606060606e-07,0.084848485,0.363636364,0.00859100615880472,0.00641972626198059,0.0216335981299129,0.347,0.129367595722986
"GRB131030A",1.61384182187607,-9.294136288,2.84594,1.11188,0.693,2.09466,-4.537602002,1.3,20.84178667,1.44870632,4.042662472,0.025175,0.027575,0.00815,0.0075,0,0.018181818,0.424242424,0.0427179076347192,0,0.006556802266626,1.295,0.36078268987328
"GRB131105A",2.05037975626146,-10.91009489,3.9488,1.19347,0.94,2.24976,-5.148741651,1.45,21.32749584,0.544068044,4.086802216,0.03335,0.047885,0.04544,0.005,3.03030303030303e-07,0.066666667,0.363636364,0.0158047698222509,0.018535829347944,0.0451215046948386,1.686,0.429106008332697
"GRB131117A",1.04139268515823,-10.838632,2.87134,0.951056,0.86,2.15896,-6.602059991,1.6,22.01669496,-0.15490196,3.16227766,0.0823,0.12461,0.0362555,0.025,2.42424242424242e-08,0.854545455,0.060606061,0.124850885271266,0.0421134042739674,0.0376012540900799,4.042,0.702602841340427
"GRB140206A",1.97127584873811,-9.730487056,3.59073,1.22509,0.672,1.88134,-4.795880017,1.04,22.00531353,1.28780173,13.75282388,0.012995,0.021325,0.015545,0.021902336,1.81818181818182e-07,0.090909091,0.303030303,0.0638117042913597,0.00493516456317247,0.00678373136191891,2.73,0.571708831808688
"GRB140213A",1.77815125038364,-10.12551818,3.829176603,1.108879519,0.83,1.96657,-4.920818754,1.8,20.99187128,1.371067862,2.62312486,0.06303582,0.068643889,0.021746292,0.005,0,0.024242424,0.484848485,0.018986810867354,0,0.00896029879686819,1.2076,0.343920385393226
"GRB140419A",1.97634997900327,-10.00568285,3.68383,1.36898,0.678,1.87322,-4.795880017,1.21,22.04094236,0.69019608,3.817215769,0.023985,0.02442,0.017885,0.001,0,0.024242424,0.121212121,0.0175057628797337,0,0.0107432153660297,3.956,0.695131297704026
"GRB140423A",2.12710479836481,-10.85078089,3.90552,1.18974,0.77,2.06486,-5.026872146,1.33,21.81946365,0.322219295,23.01198296,0.05035,0.05495,0.045115,0.149849463,1.81818181818182e-07,0.036363636,0.121212121,0.0745819195311915,0.00840028010644005,0.0250675025037319,3.26,0.629409599102719
"GRB140430A",2.23954972084047,-11.36251027,4.14388,0.875171,1.03,2.15785,-5.958607315,2,21.67796993,0.397940009,3.69174647,0.0861,0.13071,0.0833725,0.035,1.21212121212121e-07,0.133333333,0.121212121,0.00923562857434798,0.0478561412739919,0.0210567021001345,1.6,0.414973347970818
"GRB140506A",2.04571405894087,-9.903089987,3.30686,0.948932,0.9,1.74751,-5.552841969,1.68,21.81764402,1.037426498,9.556709938,0.05516,0.06882,0.01557,0.047966029,1.81818181818182e-07,0.096969697,0.545454545,0.0373575732783381,0.0282009404055501,0.0217328347697396,0.889,0.276231957921834
"GRB140509A",1.3654879848909,-11.09770006,3.58709,1.40649,0.86,1.93407,-5.920818754,1.59,20.90144742,0.204119983,5.171156949,0.08395,0.088715,0.10418,0.22,1.21212121212121e-07,0.121212121,0.242424242,0.0968019365519981,0.0438681294899875,0.065802194060479,2.4,0.531478917042255
"GRB140512A",2.18977095634687,-9.504455662,3.53686,1.25134,0.871,1.84304,-4.853871964,1.45,21.32824297,0.832508913,4.787065924,0.01504,0.022285,0.02006,0.002482817,1.81818181818182e-07,0.024242424,0.181818182,0.0134302087551698,0.00564018807248688,0.0116121519263043,0.725,0.236789099409293
"GRB140518A",1.78175537465247,-11.31158018,3.77824,1.64981,0.94,1.93772,-6,0.92,22.46148952,0,2.429189161,0.09045,0.070125,0.18819,0,6.06060606060606e-08,0.36969697,0.060606061,0.0174377429441569,0.0263208776911062,0.0263208778621919,4.707,0.756407872548958
"GRB140614A",2.85733249643127,-10.9589,3.70006,1.35595,0.83,1.77015,-5.886056648,1.5,21.35337952,-0.468521083,160.0586725,0.1129,0.098945,0.093145,0.05,2.42424242424242e-07,0.278787879,0.2,0.0965452753437635,0.0809873160298533,0.255467342320886,4.233,0.718750734739665
"GRB140629A",1.6232492903979,-9.847711656,2.85608,1.16056,0.815,1.95996,-5.619788758,1.86,21.74269921,0.62324929,11.54148842,0.042785,0.06161,0.03501,0.001678552,1.21212121212121e-07,0.066666667,0.242424242,0.11934296985134,0.0219340647280231,0.025067502542057,2.275,0.515211304327802
"GRB141004A",0.593286067020457,-10.61083392,3.30337,1.54959,1.08,1.79496,-6.173925197,1.86,21.49730845,0.785329835,1.073372291,0.0853,0.081935,0.09774,0.005,1.81818181818182e-08,0.048484848,0.181818182,0.118918281379886,0.0117854676147647,0.0129446939597113,0.573,0.196728722623287
"GRB141121A",2.74028371968188,-12.65757732,5.76634,2.33322,0.82,1.93447,-5.27572413,1.73,21.59590717,-0.045757491,37.82221354,0.1675,0.090095,0.2969,0.01,2.42424242424242e-07,0.078787879,0.181818182,0.0298708467608446,0.0198648133335181,0.0877362591468426,1.47,0.392696953259666
"GRB141220A",0.857935264719429,-9.872830386,2.77561,1.42066,1.1,1.80565,-5.585026652,0.62,21.48574413,0.949390007,0.473776348,0.042455,0.057375,0.050735,0.07,6.06060606060606e-08,0.23030303,0.424242424,0.0285379269892753,0.0101234144958991,0.0207018138855974,1.3195,0.365394376854778
"GRB150120B",1.38560627359831,-10.79048499,3.39431,1.17705,0.92,2.01678,-6.26760624,2.2,21.52664292,0.079181246,3.388285726,0.0711,0.090535,0.057705,0.005,4.84848484848485e-08,0.151515152,0.121212121,0.0605561232063108,0.0389938928598178,0.0438681294132183,3.5,0.653212513775344
"GRB150314A",1.16996817399689,-8.609064893,2.49217,1.19079,0.73,1.84772,-4.657577319,1.08,22.01715025,1.58546073,2.631341157,0.015025,0.015855,0.009925,0,1.81818181818182e-07,0.018181818,0.545454545,0.0772668657532129,0.00358921059277238,0.00615293243518074,1.758,0.440594261839831
"GRB150403A",1.61172330800734,-8.821023053,3.19694,1.24471,0.679,1.70996,-4.769551079,1.23,21.79039707,1.245512668,12.01358912,0.005105,0.006975,0.00458,0,1.81818181818182e-07,0.024242424,-0.363636364,0.127565659233959,0.00464486077306445,-0.00897302649073752,2.06,0.48572142648158
"GRB150821A",2.23578087032756,-8.853871964,2.95174,1.82628,0.848,2.21622,-6.102372909,2.1,22.340573,0.255272505,99.0437544,0.021105,0.015485,0.027365,5e-04,1.15151515151515e-07,0.224242424,0.121212121,0.249936990138878,0.0633033767677802,0.0292454196125618,0.755,0.244277120801843
"GRB150910A",2.04999285692014,-9.970616222,3.85419,2.03808,0.6645,1.78547,-5.318758763,1.42,20.842422,0.041392685,38.54947573,0.703965,0.02868,0.06663,0.002458792,2.42424242424242e-07,0.072727273,0.242424242,0.149214122903764,0.0219340647615575,0.0957122823804874,1.359,0.372727940885595
"GRB151021A",2.04218159451577,-9.642065153,3.15765,1.33346,1.27,1.96079,-4.552841969,1.57,22.33647975,0.986771734,3.648780623,0.06282,0.05208,0.02141,0.04,6.06060606060606e-07,0.024242424,0.484848485,0.0143797213270818,0.00940031346851669,0.0217079403838907,2.33,0.52244423350632
"GRB151027A",2.11290649025331,-9.935542011,3.99907,1.74508,0.9235,2.00612,-5.107905397,1.72,21.65076489,0.832508913,5.47526252,0.02221,0.01731,0.02499,0.002440971,1.21212121212121e-07,0.03030303,0.363636364,0.0183350782589844,0.00674894299290958,0.0232243038526087,0.81,0.257678574869184
"GRB151029A",0.951823035315912,-10.76639985,2.7098,1.23481,1.25,2.307153,-6.408935393,0.49,21.55195354,0.255272505,80.34516699,0.09735,0.12415,0.07301,0.33,3.63636363636364e-08,0.654545455,0.181818182,3.89871091300026,0.040493657988788,0.04386812953948,1.423,0.384353414137506
"GRB151031A",0.698970004336019,-11.5214335,3.69323,0.897942,1.24,2.12551,-6.494850022,2.41,21.98623592,0.230448921,2.236067977,1.01707,0.166825,0.1244685,0.01,1.81818181818182e-08,0.109090909,0.121212121,0.194222396714333,0.0246758228535885,0.0309657384329063,1.167,0.335858911319818
"GRB151112A",1.28600712207947,-11.6171,4.43227,1.1526,1.24,2.17922,-6.026872146,1.77,21.0151543,0.278753601,24.18108748,0.0472,0.063015,0.06854,0.005,7.27272727272727e-08,0.127272727,0.121212121,0.543566918166864,0.0336011204257601,0.0277061869917745,4.1,0.707570176097936
"GRB151215A",1.25042000230889,-10.72815839,3.06337,1.07478,1.015,2.20942,-6.508638306,1.99,22.50004427,0.204119983,1.003450114,0.093,0.11588,0.071395,0.35435971,4.24242424242424e-08,0.2,0.121212121,0.0244827442345724,0.0594342399249789,0.0329010970302395,2.59,0.555094448578319
"GRB160117B",1.77815125038364,-11.74958,4.10299,0.973333,0.64,1.83834,-6.4710833,1.73,20.95374423,-0.420216403,2.461495511,0.12265,0.162075,0.093958,0.015,NA,0.054545455,0.121212121,0.0178168986276154,NA,0.13853093485169,0.87,0.271841606536499
"GRB160121A",1.07918124604762,-11.17263073,3.8244,0.798663,1.02,2.2054,-6.214670165,1.77,20.90942658,0.079181246,2.383886728,0.0694,0.120385,0.106048,0.03,3.03030303030303e-08,0.078787879,0.121212121,0.0862757376210665,0.0215744899112776,0.0438681294132183,1.96,0.471291711058939
"GRB160203A",1.30535136944662,-11.36754271,3.66139836,1.146279559,0.61,1.75592,-5.920818754,1.93,22.0158332,0.113943352,3.236126049,0.08458679,0.087010427,0.0601909,0.25,6.06060606060606e-08,0.121212121,0.242424242,0.0695758260308947,0.0219340647449938,0.0809873158881255,3.52,0.655138434811382
"GRB160227A",2.50037371435337,-10.99567863,4.47751,1.10229,0.679,1.72551,-5.508638306,0.75,21.4198963,-0.22184875,75.36821526,0.03055,0.03885,0.03434,0.001,1.21212121212121e-07,0.309090909,0.060606061,0.10341864138488,0.0169812114071368,0.0438681298090717,2.38,0.528916700277655
"GRB160327A",1.44715803134222,-11.22402567,3.76407,1.49693,0.78,1.93554,-5.853871964,1.84,20.72655851,0.255272505,9.225420765,0.0673,0.06033,0.1004,0.02,6.06060606060606e-08,0.066666667,0.121212121,0.143091047552685,0.0188006269082896,0.0292454196125618,4.99,0.777426822389311
"GRB160804A",2.15896526038341,-11.5214335,4.38419,0.948229,0.92,1.87827,-4.943095149,1.4,21.30214687,0.462397998,19.22975247,0.05875,0.095375,0.070062,0.005,1.81818181818182e-07,0.139393939,0.181818182,0.0579152245914454,0.00692654676618381,0.0272284941841067,0.736,0.239549720840473
"GRB161108A",2.02160271602824,-11.81247928,4.69106,0.883711,0.84,2.00325,-5.958607315,1.85,21.16074757,-0.22184875,11.8942948,0.13355,0.18179,0.0812555,0.005,6.06060606060606e-08,0.103030303,0.060606061,0.0491496346124695,0.023928070636996,0.0438681298090717,1.159,0.334252642334231
"GRB161117A",2.09933527768596,-10.74958,4.08464,1.141,1.375,1.92624,-4.698970004,1.19,21.87736847,0.832508913,1.095627703,0.03835,0.04019,0.02365,0.674290141,0,0.072727273,0.181818182,0.00378540227234077,0,0.0116121519263043,1.549,0.406369835469268
"GRB161129A",1.55059520748933,-10.43651891,3.70506,2.32574,0.71,1.74506,-5.443697499,1.57,21.51361441,0.531478917,2.093571159,0.10625,0.050725,0.10628,0.005,6.06060606060606e-08,0.036363636,0.121212121,0.0255903856410215,0.00731135491027843,0.0154828692044739,0.645,0.216165902285993
"GRB161219B",0.841359470454855,-10.13667714,4.0135,0.871656,0.73,1.86204,-5.823908741,1.29,21.16590877,0.72427587,0.791979781,0.0277,0.03841,0.008668,0,6.06060606060606e-08,0.212121212,0.242424242,0.0495608715658856,0.0175472517963205,0.0198648132987547,0.1475,0.0597526942092988
"GRB170202A",1.66464197555613,-10.65364703,3.77629,1.1958,1.04,1.99768,-5.48148606,1.68,21.7153121,0.672097858,11.44830537,0.04485,0.068655,0.059155,0,6.06060606060606e-08,0.042424242,0.181818182,0.107617659076501,0.00797602354051679,0.0168005602426795,3.645,0.666985718329661
"GRB170405A",2.21669359916975,-10.31069114,3.6300738,1.81152426,0.612,1.8473,-5.431798276,1.59,21.06857915,0.204119983,35.39093667,0.048255345,0.035670699,0.072401387,0.0475,1.81818181818182e-07,0.072727273,0.060606061,0.0933217274145018,0.0213412521852701,0.0164505486508368,3.51,0.65417654187796
"GRB170519A",2.33525725643453,-11.06348626,4.1513,1.37345,0.975,1.97351,-5.958607315,1.94,21.33992622,-0.15490196,49.40433008,0.053,0.052235,0.066745,0.224423613,1.21212121212121e-07,0.157575758,0.060606061,0.0991498518293477,0.0478561412739919,0.0376012540900799,0.818,0.259593878885949
"GRB170531B",2.21518796949713,-11.39577395,3.80257,1.02082,0.99,2.06685,-5.698970004,1.95,21.7431239,-0.096910013,8.820503864,0.08415,0.11435,0.107427,0.035,1.21212121212121e-07,0.084848485,0.121212121,0.0233394026426705,0.0263208776707414,0.0658021941113909,2.366,0.527114111639805
"GRB170705A",2.33705972632052,-10.18641901,3.63746,0.774169,0.66,1.89159,-5.022276395,1.65,21.08891889,1.1430148,18.07805176,0.04055,0.06603,0.027333,0.005,1.81818181818182e-07,0.03030303,0.242424242,0.0361306862537016,0.00831185611850908,0.0075743532835811,2.01,0.478566495593843
"GRB170714A",3,-10.075204,4.28080232,1.20052929,0.6815,1.84715,-5.552841969,1.76,21.06857915,-0.397940009,92.58644712,0.066395795,0.023936409,0.149576982,0,1.81818181818182e-07,0.103030303,0.121212121,0.0402097830832432,0.0282009404055501,0.131604388324606,0.793,0.253580289562183
"GRB170903A",1.46538285144842,-11.26042766,4.41384,0.971187,1.14,2.20256,-5.619788758,1.94,21.73970839,0.591064607,3.59505881,0.04095,0.065935,0.051271,0.005,1.21212121212121e-07,0.072727273,0.303030303,0.0534696644965983,0.0219340647280231,0.0337447149872822,0.886,0.27554168840131
"GRB171205A",2.27737997466725,-12.42945706,5.48376,1.13263,0.67,1.66173,-5.443697499,1.41,21.48574413,0,35.1681973,0.0719,0.109545,0.115455,0.01,1.81818181818182e-07,0.084848485,0.181818182,0.080640728753299,0.0219340647308353,0.0789626331522811,0.0368,0.0156949885265181
"GRB171222A",2.24254142829838,-12.10957898,4.78231,0.718496,1.34,1.99001,-5.721246399,2.07,20.02880298,-0.15490196,22.66456934,0.20975,0.378455,0.126956,0.015,1.21212121212121e-07,0.103030303,0.121212121,0.0563106258528354,0.0277061870402603,0.0752025075597391,2.409,0.532627001228891
"GRB180205A",1.19033169817029,-10.30627305,3.21372,1.09633,1.03,1.88733,-6,2.04,21.4933967,0.531478917,3.123262328,0.06455,0.088815,0.042095,0.005,6.06060606060606e-08,0.078787879,0.181818182,0.0875106835217229,0.0263208776911062,0.0232243038705776,1.409,0.381836799998343
"GRB180329B",2.32221929473392,-11.14935376,4.02296,1.50063,0.77,1.86768,-5.48148606,0.97,21.41988474,0.146128036,44.04594331,0.04825,0.04314,0.069665,0,1.81818181818182e-07,0.339393939,0.242424242,0.0910900482369355,0.0239280706215504,0.075202507501554,1.998,0.476831628512261
"GRB180404A",1.54654266347813,-11.62342304,4.20449,1.17089,0.72,1.62007,-5.886056648,1.95,20.48730103,0.113943352,87.94658108,0.0661,0.1242,0.10229,0.065,6.06060606060606e-08,0.072727273,0.121212121,1.08507712685514,0.0202468290074633,0.0404936579440628,1,0.301029995663981
"GRB180620B",2.29841638006129,-10.98296666,4.6659,1.09835,0.9,1.99236,-5,1.3,21.21643247,0.556302501,27.4443118,0.0437,0.067125,0.059445,0.005,1.81818181818182e-07,0.121212121,0.121212121,0.0599542916215911,0.00789626330733186,0.0146227097949671,1.1175,0.325823419002744
"GRB180624A",2.68699356626468,-11.54363397,4.171185481,1.243849338,0.95,2.06008,-5.236572006,1.91,21.1034582,0.146128036,38.50431688,0.088149935,0.099379055,0.123366444,0,1.81818181818182e-07,0.060606061,0.121212121,0.0343795484178418,0.0136142470679056,0.037601253750777,2.855,0.586024382386976
"GRB180720B",1.68928221447305,-8.847711656,3.62033,1.34127,0.729,1.8461,-4.065501549,1.36,21.24271531,1.831869774,3.688453378,0.004975,0.00614,0.005375,0,6.06060606060606e-07,0.018181818,1.575757576,0.0327601887400619,0.00306056717510092,0.0100786866055382,0.654,0.218535505216528
"GRB180728A",0.938519725176492,-9.42365865,3.8695,1.1986,0.8595,1.70111,-4.528708289,1.97,21.58733599,2.120573931,0.297321378,0.009885,0.014745,0.0091,0.042486494,3.63636363636364e-07,0.018181818,1.757575758,0.0148761559697317,0.00533531304621856,0.00578261707263729,0.117,0.0480531731156091
"GRB181010A",1.2148438480477,-9.928117993,3.15711,1.07011,1.115,1.76613,-6.161150909,1.52,22.27837171,0.146128036,2.192792779,0.034615,0.057805,0.033375,0.007041969,4.24242424242424e-08,0.090909091,0.121212121,0.0580681587729876,0.0267023396704747,0.037601253750777,1.39,0.378397900948138
"GRB181020A",2.37657695705651,-10.42365865,4.29043,2.64643,1.228,1.93674,-5.091514981,1.25,20.65703194,0.886490725,11.5888181,0.1418,0.047555,0.091985,0.029531206,1.81818181818182e-07,0.036363636,0.181818182,0.021146889716851,0.00974847321620432,0.0102548874264469,2.938,0.595275711802099
"GRB181110A",2.14113609012074,-10.39577395,3.7664,1.92336,1.7505,1.76057,-5.004364805,2.02,20.88432911,0.568201724,10.92778323,0.0907,0.05473,0.07443,0.141485526,1.81818181818182e-07,0.03030303,0.181818182,0.0342910112443923,0.00797602353536826,0.0213412522066114,1.505,0.398807730203264
"GRB190106A",1.88536122003151,-10.43297363,4.19124,1.26841,1.9365,1.94587,-5.22184875,1.43,21.51361441,0.740362689,2.252724553,0.02855,0.031095,0.027005,0.225510462,1.21212121212121e-07,0.127272727,0.181818182,0.0127388781590608,0.00877362590478576,0.0143568424076625,1.859,0.456214155357989
"GRB190114A",1.8234742291703,-10.75202673,3.74534,1.18375,0.86,1.83214,-6.096910013,2.06,21.6447605,-0.301029996,10.18381229,0.03365,0.042215,0.04616,0,7.27272727272727e-08,0.133333333,0.121212121,0.0664080102445273,0.0394813165359268,0.105283510661638,3.3765,0.641126932803509
"GRB190719C",2.26881190373978,-11.257,4.88123,1.55953,0.915,1.5415,-5.292429824,1.64,20.95382587,0.740362689,9.689285646,0.2175,0.1943,0.21085,0.22,3e-07,0.09,0.3,0.0226602223459461,0.025546734235364,0.0236887899489543,2.469,0.54020429984206
"GRB190829A",1.76492298464989,-9.56068,4.0838,1.03996,1.16,2.0913,-5.193820026,2.56,22.04910001,1.255272505,8.854522046,0.013585,0.0191599999999998,0.00967499999999999,0.075,7e-07,0.21,2.7,0.0660733688053005,0.0475009589564058,0.0651441723009837,0.0785,0.0328201494385639
"GRB191011A",0.867467487859051,-10.8132081,3.15321333,1.30602449,0.94,1.81479,-6.48148606,1.94,21.65033473,0.255272505,0.950286355,0.05719327,0.06597695,0.05756962,0.19,4e-08,0.17,0.2,0.0559978453466017,0.0526417553674108,0.0482549424451731,1.722,0.434888120867316
"GRB191221B",1.68124123737559,-8.11145684,1.95518066,1.15734724,1.39,1.843,-4.721246399,1.24,21.45692297,0.681241237,16,0.06184721,0.05366691,0.00551831,0.175,1e-06,0.05,0.7,0.144764827301084,0.0228576043082148,0.0633346119989973,1.148,0.332034277027518
"GRB200205B",2.66086547800387,-11.7337376,4.53640048,1.56884903,0.516,1.90881,-5.26760624,1.36,21.70587483,0.301029996,5.385164807,0.10035241,0.08886983,0.19267266,0.18,2e-07,0.22,0.2,0.0051064352834491,0.0160849808046748,0.0434294481567233,1.465,0.391816923613249
"GRB200829A",1.1152775913959,-8.6381,2.97975,1.29833,0.64,1.88219,-4.292429824,0.83,21.08966848,1.994317153,2.91,0.00954999999999995,0.00926000000000005,0.00866,0.0195,1e-06,0.03,1.6,0.0969169434308637,0.00851557807845467,0.00704023475700731,1.25,0.352182518111362
"GRB201020A",1.15136985024746,-11.0900559,3.96908872,1.55158826,0.99,2.0761,-6.036212173,2.25,20.93258486,0.322219295,4.750244299,0.04915322,0.04826492,0.08306159,1.04,7e-08,0.14,0.2,0.145589617977987,0.0330441453884962,0.0413613792035401,2.903,0.591398551281249
"GRB201104B",0.937517892017347,-9.38944702,2.72159651,1.19537497,0.605,1.55046,-5.744727495,1.47,21.73058526,0.612783857,0.161839373,0.02110237,0.02972805,0.02348264,0.175,1e-07,0.07,0.3,0.00811616012108338,0.0241274712225866,0.0317776449968039,1.954,0.470410490975931
"GRB201221A",1.64836001098093,-10.8802,3.69587,1.06263,0.4,1.45068,-5.744727495,1.4,22.86332108,0,6.154185581,0.08575,0.223272,0.0994399,0.525,2e-07,0.15,0.3,0.0600613222120642,0.0482549424451731,0.130288344570976,5.7,0.826074802700826
"GRB210210A",0.819543935541869,-10.1403778,3.72413045,1.5451851,0.965,1.85188,-6.008773924,1.53,21.12319546,0.84509804,0.58931824,0.05799791,0.08857348,0.10645081,0.15,8e-08,0.58,0.5,0.0387784332904449,0.0354526107425099,0.0310210344226792,0.715,0.234264124378789
"GRB210222B",1.1078880251828,-10.4520599,3.24642494,1.37828029,0.56,1.98,-6.468521083,2.37,21.14612804,0.146128036,1.284049858,0.04184217,0.04927183,0.005516005,0.64,7e-08,0.33,0.3,0.043498889845402,0.0894135698123102,0.0930631031960335,2.198,0.504878459410216
"GRB210411C",1.10720996964787,-9.72925773,2.93128506,1.16829405,1.21,1.88408,-5.920818754,1.6,21.05996459,0.681241237,0.597059548,0.05048963,0.05901459,0.03209979,0.14,1e-07,0.4,0.3,0.0202577864893789,0.0361912068292397,0.0271434051424274,2.826,0.582744965691277
"GRB210517A",0.48572142648158,-10.8415194,3.057651,1.21043545,0.66,1.71079,-6.823908741,1.85,21.15768338,0.176091259,1.409113169,0.25872455,0.32132806,0.08060357,0.22,3e-08,0.25,0.2,0.199990220154871,0.0868588963917867,0.0579059309278577,2.486,0.542327382773974
"GRB210610A",1.13417710757677,-10.4044334,3.15453451,1.0816785,0.88,1.83562,-6,1.41,21.35337952,0.380211242,3.151309574,0.85146569,1.28215864,0.07850685,0.195,1e-07,0.19,0.4,0.100484314152503,0.0434294481903252,0.0723824136024763,3.54,0.657055852857104
"GRB210610B",1.84123429550604,-9.19036,2.89514,1.05139,0.78,1.91684,-4.443697499,0.98,21.03780485,1.130333768,2.53,0.0225999999999997,0.0283100000000001,0.01291,0.029,1e-06,0.11,0.7,0.0158369132201676,0.0120637356019594,0.0225189731613911,1.13,0.328379603438738
"GRB210619B",1.78461729263288,-8.55006175,2.91049117,1.12578835,0.745,1.92306,-4.022276395,1.41,21.83430305,2.06069784,0.277416677,0.01027813,0.01099582,0.00437126,0.07,1e-06,0.02,2.2,0.00197833385893328,0.00457152086517999,0.00830824226926174,1.937,0.4679039465228
"GRB210722A",1.70070371714502,-10.3507,3.6504,1.43908,0.81,1.83712,-5.602059991,1.62,20.54058972,0.342422681,10.53830531,0.0364819,0.0395981,0.048071,0.09,2e-07,0.14,0.5,0.0911698773853533,0.0347435585260231,0.0987032913012404,1.145,0.331427296520743
"GRB210731A",1.35237549500052,-11.9404653,4.80200435,1.74153741,1.525,2.06317,-5.657577319,1.91,20.92054437,0.204119983,2.663642552,0.16085961,0.11699725,0.27863334,0.235,2e-07,0.59,0.3,0.0513907268812215,0.0394813165204961,0.0814302152923456,1.2525,0.352664799651101
"GRB210822A",2.25719842613934,-8.20842,2.4985,1.267456,0.77,1.70788,-4.698970004,1.3,21.53322281,1.442479769,42.72,0.017735,0.01621,0.008455,0.026,4e-07,0.4,0.7,0.10261648377714,0.00868588963134467,0.010974950807848,1.736,0.437116093048079
"GRB211024B",2.78067727443337,-8.56429146,3.43921565,1.92622006,1.07,2.08,-5.167491087,1.63,20.98677173,-0.045757491,20.65497765,0.01916437,0.01167528,0.00965772,0.055,3e-07,0.09,0.2,0.0148638654800828,0.0191600506592421,0.096509884965017,1.1137,0.325043347403704
"GRB220101A",2.23894889831176,-8.69262974,3.04134881,1.20052929,0.491,1.62241,-4.602059991,1.13,21.90370028,0.86332286,12.50116167,0.01431841,0.02317526,0.01255481,0.016,0,0.13,0.3,0.0313174061528694,0,0.0178477184393304,4.618,0.749581734865559
"GRB220117A",1.69731654173238,-10.1070569,3.43803362,1.68612083,1.2,1.78537,-5.795880017,1.84,21.99532933,0.278753601,3.431095393,0.05084186,0.04500955,0.06200239,0.55,2e-07,0.18,0.4,0.0299157959458657,0.0542868101948971,0.0914304172328591,4.961,0.775319121829478
"GRB220521A",1.13193929521042,-10.6276115,3.30131796,1.71067512,1.1,2.02179,-6.091514981,1.97,21.85427081,0.672097858,2.691501432,0.16334814,0.13206168,0.12291833,0.4,8e-08,0.18,0.4,0.0862659940924207,0.042893282151299,0.0369612324969336,5.57,0.817565369559781
"GRB220611A",1.75587485567249,-12.4941008,5.53,2.26249671,0.32,1.90103,-6.173925197,1.87,20.42473959,0.222716471,12.36931688,0.22640221,0.81046481,0.50304248,0.35,1.3e-07,0.29,0.4,0.0942443169455569,0.0842660934455674,0.104022630431338,2.3608,0.526442668529935
"GRB230116D",1.61278385671974,-11.1278,3.79761,1.57289,0.84,1.76412,-6.090443971,1.38,21.45692297,-0.22184875,11.18033989,0.1014,0.13824,0.23491,0.22,1.2e-07,0.22,0.2,0.118428290732434,0.0641814505632158,0.144764827428965,3.81,0.682145076373832
"GRB230325A",1.58035466110659,-10.9066853,3.7823081,0.931411844,1.025,2.0855,-5.886056648,1.82,22.22918251,0.51851394,11.56039866,0.1875455,0.20042492,0.05714513,0.18,2e-07,0.18,0.4,0.131947893472792,0.0668145357246291,0.0526417553674108,1.664,0.425534220498263
"GRB230328B",1.28397928423848,-10.1038,3.66388,1.20938,0.865,1.89331,-5.366531544,1.22,21.14580437,0.924279286,3.815689721,0.0267,0.03231,0.02421,0.84,2e-07,0.29,0.5,0.0861743624797326,0.0201997433247832,0.0258508620217341,0.09,0.0374264979406237
"GRB230414B",1.41463914673701,-11.9505263,4.8792574,2.06160972,0.37,2.02038,-6.327902142,1.6,21.69224395,-0.22184875,8.855190621,0.11074106,0.069549,0.21988187,2.19,1e-07,0.3,0.2,0.148027729903839,0.0924030812423339,0.144764827428965,3.568,0.659726095237792
"GRB230506C",1.49136169383427,-11.4531,4.25859,1.14181,1.11,2.08995,-5.769551079,1.89,20.96124782,0.380211242,6.32455532,0.1023,0.11841,0.11299,0.29,2e-07,0.17,0.5,0.0886038540634792,0.0510934685037089,0.0904780170030954,3.7,0.672097857935718
"GRB230818A",0.99211148778695,-11.0883,3.9564,1.39195,1.02,2.00403,-5.721246399,1.36,21.31377445,0.826074803,1.249953617,0.2044,0.12794,0.19715,0.29,1e-07,0.1,0.5,0.0552798328409481,0.0228576043082148,0.0324100359406028,2.42,0.534026106056135
"GRB231210B",0.873320601815399,-10.048,3.24045,1.60174,0.84,1.66432281,-5.853871964,1.08,21.82763844,0.591064607,0.647,0.05243,0.04808,0.060675,0.362,2e-07,0.19,0.7,0.0376155997043379,0.0620420687973556,0.0779502916284169,3.13,0.615950051656401
